HRU Number,Genome Position,Sub-basin,HRU,Area
7,1028,1,7,2.642603682
8,1029,1,8,7.115973187
9,1030,1,9,5.568134611
10,1031,1,10,14.7122505
13,1032,2,3,10.37985053
14,1033,2,4,34.70326061
15,1034,2,5,15.36541807
18,1035,3,1,32.56488479
19,1036,3,2,5.490898779
20,1037,3,3,34.75937143
28,1038,4,8,1.327686005
29,1039,4,9,2.837645878
30,1040,4,10,5.060792328
31,1041,4,11,2.50220249
32,1042,4,12,3.983987274
33,1043,4,13,7.146743195
40,1044,5,7,21.76557876
41,1045,5,8,10.68758899
42,1046,5,9,7.256489971
43,1047,5,10,1.52471912
53,1048,6,10,0.67945488
54,1049,6,11,4.778431665
55,1050,6,12,11.9486428
56,1051,6,13,7.881331852
57,1052,6,14,1.216857258
64,1053,7,5,42.43726099
75,1054,8,9,1.585631991
76,1055,8,10,5.584529721
77,1056,8,11,7.009550001
78,1057,8,12,2.988525555
79,1058,8,13,3.848942457
80,1059,8,14,0.963670268
81,1060,8,15,4.722471228
90,1061,9,7,4.839209304
91,1062,9,8,2.67296768
92,1063,9,9,3.115195977
101,1064,10,9,6.625334591
102,1065,10,10,2.168184506
103,1066,10,11,0.999354219
104,1067,10,12,1.022726501
105,1068,10,13,6.753903291
106,1069,10,14,1.216561816
113,1070,11,7,4.073771294
114,1071,11,8,17.66539147
123,1072,12,9,0.603566066
124,1073,12,10,3.490199528
125,1074,12,11,4.023190445
126,1075,12,12,11.40536611
131,1076,13,5,20.25519665
132,1077,13,6,4.05640076
133,1078,13,7,6.810531191
134,1079,13,8,3.565238118
141,1080,14,7,2.187828473
142,1081,14,8,0.496063646
143,1082,14,9,3.887497609
144,1083,14,10,6.772976909
145,1084,14,11,1.205580047
146,1085,14,12,2.555430414
147,1086,14,13,2.496138995
169,1087,16,15,3.447795254
170,1088,16,16,4.810582316
171,1089,16,17,1.669460829
172,1090,16,18,6.340315462
173,1091,16,19,0.703170714
174,1092,16,20,2.474248541
181,1093,17,7,22.84073514
182,1094,17,8,2.828544593
183,1095,17,9,5.907777435
184,1096,17,10,14.87003146
185,1097,17,11,13.78826327
186,1098,17,12,3.135913979
197,1099,18,7,1.042421424
198,1100,18,8,6.638037448
199,1101,18,9,33.0008154
200,1102,19,1,3.042064181
201,1103,19,2,19.05964071
202,1104,19,3,3.570705508
203,1105,19,4,9.084667225
204,1106,19,5,26.61462331
205,1107,19,6,3.884779337
206,1108,19,7,20.54000973
210,1109,20,4,111.4932049
211,1110,21,1,72.297023
214,1111,22,3,33.17086881
217,1112,23,3,4.362876597
218,1113,23,4,16.7356926
219,1114,24,1,34.88333432
220,1115,24,2,17.24575291
221,1116,24,3,16.96426477
222,1117,25,1,10.65783122
223,1118,25,2,20.22431188
224,1119,25,3,2.05251963
225,1120,25,4,5.931182597
226,1121,25,5,7.456422621
227,1122,25,6,0.905524061
236,1123,26,9,39.66482701
237,1124,26,10,10.04468667
238,1125,26,11,29.71192114
239,1126,26,12,13.18964612
240,1127,26,13,80.92255555
247,1128,27,7,24.69639392
248,1129,27,8,5.760809289
257,1130,28,9,2.606392915
258,1131,28,10,14.80296872
259,1132,28,11,8.52180011
260,1133,28,12,36.64031563
268,1134,29,5,26.21870203
269,1135,29,6,4.686949783
270,1136,29,7,9.331909135
271,1137,29,8,1.818134182
276,1138,30,5,51.36046972
277,1139,30,6,7.787949516
282,1140,31,5,18.18423135
283,1141,31,6,4.42349301
284,1142,31,7,0.537808002
285,1143,31,8,3.870992499
288,1144,32,3,2.30382392
289,1145,32,4,1.986201706
290,1146,32,5,6.696838855
291,1147,32,6,1.240188981
292,1148,32,7,15.5694116
298,1149,33,6,28.65362436
299,1150,33,7,12.85927982
300,1151,33,8,9.677839072
301,1152,33,9,2.289718502
302,1153,33,10,14.26204133
307,1154,34,5,11.69438073
308,1155,34,6,12.89636771
309,1156,34,7,7.741246993
310,1157,34,8,31.25804508
317,1158,35,7,0.919303513
318,1159,35,8,1.212459334
319,1160,35,9,5.764913543
320,1161,35,10,1.021827441
321,1162,35,11,6.353774693
322,1163,35,12,4.201681402
327,1164,36,5,5.016656857
328,1165,36,6,3.265190148
329,1166,36,7,3.860707476
330,1167,36,8,20.9903101
331,1168,36,9,8.249894793
336,1169,37,5,2.118360902
337,1170,37,6,1.390975014
338,1171,37,7,20.29285505
339,1172,37,8,3.629140793
340,1173,38,1,56.21884126
341,1174,38,2,19.42163156
342,1175,38,3,3.463196178
358,1176,39,16,8.34323766
359,1177,39,17,3.681241838
360,1178,39,18,0.655832884
361,1179,39,19,0.96874741
362,1180,39,20,4.225629511
363,1181,39,21,8.812178841
368,1182,40,5,6.512830796
369,1183,40,6,2.28872965
370,1184,40,7,9.413982922
371,1185,40,8,35.02431248
374,1186,41,3,17.17993815
375,1187,41,4,7.304665964
376,1188,41,5,61.20787216
380,1189,42,1,10.74549541
381,1190,42,2,4.159727467
382,1191,42,3,11.99248603
383,1192,42,4,75.04351409
386,1193,43,3,7.453458742
387,1194,43,4,12.6101939
388,1195,43,5,15.23579991
389,1196,43,6,4.229137812
394,1197,44,5,16.04204932
395,1198,44,6,6.479179056
396,1199,44,7,9.529313
397,1200,44,8,1.150652477
412,1201,45,11,2.462067586
413,1202,45,12,0.43411838
414,1203,45,13,0.751460473
415,1204,45,14,4.391968436
416,1205,45,15,1.146353472
417,1206,45,16,0.505430667
422,1207,46,5,4.852027209
423,1208,46,6,5.07272318
424,1209,46,7,9.050065528
425,1210,46,8,8.114744706
426,1211,46,9,0.774453693
427,1212,46,10,6.182659982
431,1213,47,4,3.169132284
432,1214,47,5,3.072789082
433,1215,47,6,2.023178402
434,1216,47,7,8.065661042
435,1217,47,8,5.627539572
436,1218,47,9,0.834113551
437,1219,47,10,14.68534443
442,1220,48,5,6.480762209
443,1221,48,6,4.19173593
444,1222,48,7,3.653235349
445,1223,48,8,13.83561364
446,1224,48,9,9.266927301
452,1225,49,6,31.94908919
453,1226,49,7,3.963819972
454,1227,49,8,0.879298323
455,1228,49,9,5.223567561
456,1229,49,10,13.88860052
465,1230,50,9,24.70920984
466,1231,50,10,16.83535377
467,1232,50,11,2.468828135
468,1233,50,12,4.130429122
469,1234,50,13,13.15745099
470,1235,50,14,9.863939658
477,1236,51,7,15.00891373
478,1237,51,8,6.239250188
479,1238,51,9,25.18879229
480,1239,51,10,7.651758455
481,1240,51,11,34.39008399
492,1241,53,5,1.263232015
493,1242,53,6,5.312298584
494,1243,53,7,10.15043004
495,1244,53,8,2.989708264
496,1245,53,9,2.390855863
497,1246,53,10,1.04480459
500,1247,54,3,9.71062335
501,1248,54,4,17.0888973
502,1249,54,5,13.2456276
503,1250,54,6,9.191359263
506,1251,55,3,1.057419238
507,1252,55,4,7.96231377
508,1253,55,5,4.134240131
509,1254,55,6,5.57059508
510,1255,55,7,4.793832983
511,1256,55,8,0.623681867
512,1257,55,9,11.27065554
517,1258,56,5,26.51526268
518,1259,56,6,10.53003008
519,1260,56,7,29.20093839
520,1261,56,8,18.42909426
521,1262,57,1,1.639857033
522,1263,57,2,10.87255471
523,1264,57,3,26.51357992
524,1265,57,4,5.547324342
535,1266,58,11,35.50554095
536,1267,58,12,10.8782858
537,1268,58,13,1.302841692
538,1269,58,14,9.811445933
539,1270,58,15,12.42196096
540,1271,59,1,8.073839719
541,1272,59,2,12.37246773
542,1273,59,3,10.56493937
543,1274,59,4,5.811252196
544,1275,59,5,4.728297539
545,1276,59,6,12.44473345
552,1277,60,7,2.935195707
553,1278,60,8,9.715693803
554,1279,60,9,5.910488887
555,1280,60,10,4.833874161
556,1281,60,11,1.75483827
557,1282,60,12,3.051137276
560,1283,61,3,37.82456423
561,1284,61,4,10.72590432
562,1285,61,5,3.729451851
563,1286,61,6,8.814048901
570,1287,62,1,17.25324669
571,1288,62,2,4.140677336
572,1289,62,3,11.30641507
573,1290,62,4,3.535500541
574,1291,62,5,80.23661339
575,1292,62,6,10.22067497
576,1293,63,1,42.20424324
577,1294,63,2,25.054833
578,1295,63,3,29.77594533
579,1296,63,4,30.05117023
580,1297,63,5,3.553833195
581,1298,64,1,7.726043532
582,1299,64,2,4.093583366
583,1300,64,3,14.79933452
584,1301,64,4,29.31850564
585,1302,64,5,7.413770962
586,1303,64,6,22.67616951
604,1304,65,12,3.016684272
605,1305,65,13,13.03451039
606,1306,65,14,13.56787608
607,1307,65,15,16.28145763
608,1308,65,16,2.646114456
609,1309,65,17,12.01637053
610,1310,65,18,2.141545504
616,1311,66,1,43.650967
617,1312,66,2,7.831318516
618,1313,66,3,37.09282654
619,1314,66,4,5.639413953
623,1315,67,4,7.702861553
624,1316,67,5,19.37793353
625,1317,67,6,6.541617881
640,1318,68,10,6.736107512
641,1319,68,11,29.23207037
642,1320,68,12,7.551083407
643,1321,68,13,3.611595222
644,1322,68,14,12.33984274
645,1323,68,15,2.007393092
669,1324,69,16,7.980275334
670,1325,69,17,11.1561101
671,1326,69,18,5.272594939
672,1327,69,19,6.992913021
673,1328,69,20,15.40225809
674,1329,69,21,8.616722339
687,1330,70,13,1.042284935
688,1331,70,14,3.887193012
689,1332,70,15,14.34867345
690,1333,70,16,4.737129932
703,1334,71,13,5.708226527
704,1335,71,14,14.21618162
705,1336,71,15,4.6518659
706,1337,71,16,4.403117981
720,1338,72,14,2.866498177
721,1339,72,15,6.73684363
722,1340,72,16,3.114853124
723,1341,72,17,3.026697538
724,1342,72,18,10.7474821
725,1343,72,19,6.763390398
726,1344,72,20,7.25915166
727,1345,72,21,4.877979789
741,1346,73,14,4.92415855
742,1347,73,15,15.33854346
743,1348,73,16,2.117879458
744,1349,73,17,0.481648607
745,1350,73,18,1.822070985
746,1351,73,19,0.771267579
754,1352,74,8,5.649159526
755,1353,74,9,2.156189122
756,1354,74,10,3.590372213
757,1355,74,11,9.002738228
767,1356,75,10,1.829332113
768,1357,75,11,7.096620934
769,1358,75,12,1.014675866
770,1359,75,13,1.565698658
771,1360,75,14,4.730824419
772,1361,75,15,7.644582201
781,1362,76,9,2.260296387
782,1363,76,10,7.703785595
783,1364,76,11,19.78577764
784,1365,76,12,19.09070796
785,1366,76,13,3.04290974
786,1367,76,14,6.918010182
794,1368,77,8,6.834820164
795,1369,77,9,8.949247268
796,1370,77,10,10.98036084
797,1371,77,11,7.333008708
798,1372,77,12,25.53724632
799,1373,77,13,20.63857549
800,1374,78,1,50.61160461
801,1375,78,2,18.63215933
802,1376,78,3,3.820687699
803,1377,78,4,10.07854336
804,1378,78,5,30.12984977
805,1379,78,6,19.46374724
806,1380,79,1,27.52059438
807,1381,79,2,10.10855608
808,1382,79,3,19.74453993
809,1383,79,4,10.1693329
810,1384,79,5,25.93729334
811,1385,79,6,50.85609138
812,1386,80,1,8.269432321
813,1387,80,2,24.69405939
814,1388,80,3,23.47089189
815,1389,80,4,8.474080965
816,1390,80,5,16.24257693
817,1391,80,6,65.87462312
818,1392,80,7,23.56727238
819,1393,81,1,120.668185
822,1394,82,3,26.85667185
823,1395,82,4,17.05487289
828,1396,83,1,91.419505
829,1397,84,1,61.70472881
830,1398,84,2,14.27609936
831,1399,84,3,28.68738683
832,1400,85,1,46.72635384
833,1401,85,2,7.771369159
840,1402,86,7,8.547012362
841,1403,86,8,2.963619846
842,1404,86,9,18.06141258
843,1405,86,10,36.78028455
844,1406,86,11,5.156077125
851,1407,87,1,15.56294422
852,1408,87,2,39.72713737
853,1409,87,3,6.199361412
854,1410,88,1,3.168254273
855,1411,88,2,9.433921127
856,1412,88,3,13.62859741
857,1413,88,4,5.7222138
858,1414,88,5,1.270066393
859,1415,89,1,7.848919586
860,1416,89,2,40.64700916
861,1417,89,3,16.01537487
862,1418,89,4,6.080981663
863,1419,89,5,21.05852203
864,1420,89,6,3.345764905
865,1421,89,7,22.29136978
866,1422,90,1,15.5490596
867,1423,90,2,2.988914091
868,1424,90,3,6.626874996
869,1425,90,4,35.60888701
870,1426,90,5,68.8156763
872,1427,91,2,40.79965569
873,1428,91,3,4.949703783
874,1429,92,1,2.777555803
875,1430,92,2,9.008724721
876,1431,92,3,37.02132999
877,1432,92,4,5.253223161
878,1433,92,5,27.60017485
888,1434,93,5,20.23593362
889,1435,93,6,9.226156317
890,1436,93,7,4.398707709
891,1437,93,8,6.108089238
892,1438,93,9,12.41197395
895,1439,94,3,29.62855747
896,1440,94,4,23.48846085
897,1441,94,5,18.61985344
898,1442,94,6,2.412377839
905,1443,95,7,6.346166279
906,1444,95,8,24.19552176
911,1445,96,5,7.582218105
912,1446,96,6,26.37206718
913,1447,96,7,5.754319043
914,1448,96,8,5.01271415
917,1449,97,3,19.45399088
918,1450,97,4,25.14086768
925,1451,98,7,21.21341137
926,1452,98,8,2.461305227
927,1453,98,9,4.984803768
928,1454,98,10,10.61469938
929,1455,98,11,12.03195284
930,1456,98,12,9.809670922
937,1457,99,7,2.460411098
938,1458,99,8,2.066340326
939,1459,99,9,8.351250793
940,1460,99,10,1.950141284
941,1461,99,11,8.005177909
942,1462,99,12,3.921333456
949,1463,100,7,10.80281537
950,1464,100,8,18.49275453
951,1465,100,9,13.64042418
952,1466,100,10,5.817198697
953,1467,100,11,5.55449318
958,1468,101,5,3.823006231
959,1469,101,6,5.33060088
960,1470,101,7,19.48324089
961,1471,101,8,15.59794837
962,1472,101,9,19.85876021
971,1473,102,9,8.782463211
972,1474,102,10,1.875915801
973,1475,102,11,3.976495966
974,1476,102,12,12.53941469
975,1477,102,13,20.60772823
976,1478,103,1,6.351265519
977,1479,103,2,34.98315777
978,1480,103,3,16.83456573
989,1481,104,7,0.968231759
990,1482,104,8,0.454895989
991,1483,104,9,2.27359144
992,1484,104,10,1.643385268
993,1485,104,11,0.57985911
994,1486,104,12,0.555585533
995,1487,104,13,0.852259021
996,1488,104,14,1.260407765
1003,1489,105,7,2.010741502
1004,1490,105,8,3.058463112
1005,1491,105,9,3.107585124
1006,1492,105,10,1.903171568
1007,1493,105,11,3.632712923
1008,1494,105,12,4.356893913
1011,1495,106,3,2.099056581
1012,1496,106,4,7.992696522
1013,1497,106,5,30.33877606
1014,1498,106,6,15.19802209
1015,1499,106,7,10.08638148
1022,1500,107,7,6.044814401
1023,1501,107,8,2.123458691
1024,1502,107,9,6.410819637
1025,1503,107,10,1.192371991
1026,1504,107,11,28.07158964
1027,1505,107,12,14.03061299
1032,1506,108,5,10.72944366
1033,1507,108,6,1.578877781
1034,1508,108,7,5.446805301
1035,1509,108,8,13.84593034
1036,1510,108,9,44.4647619
1039,1511,109,1,14.27278118
1040,1512,109,2,3.950682201
1041,1513,109,3,9.94162507
1042,1514,109,4,1.237043773
1043,1515,109,5,6.717668383
1052,1516,110,5,4.923702533
1053,1517,110,6,24.87959427
1054,1518,110,7,2.734924994
1055,1519,110,8,2.355859081
1060,1520,111,5,9.33239329
1061,1521,111,6,4.323312212
1062,1522,111,7,31.76967612
1063,1523,111,8,20.17124335
1064,1524,111,9,7.775147181
1071,1525,112,7,10.23240947
1072,1526,112,8,1.231570027
1073,1527,112,9,9.904460706
1074,1528,112,10,3.945582538
1079,1529,113,5,14.74556687
1080,1530,113,6,2.120720231
1081,1531,113,7,5.724455336
1082,1532,113,8,22.15455358
1097,1533,114,9,8.920786647
1098,1534,114,10,2.01763635
1099,1535,114,11,12.76386012
1100,1536,114,12,6.45909406
1101,1537,114,13,27.2262864
1102,1538,114,14,24.01283975
1103,1539,114,15,2.742891553
1107,1540,115,1,12.56851256
1108,1541,115,2,69.66691735
1109,1542,115,3,12.73847825
1110,1543,115,4,3.493530386
1114,1544,116,1,15.50717074
1115,1545,116,2,113.5218493
1116,1546,117,1,21.1116096
1117,1547,117,2,4.099884431
1118,1548,117,3,8.281073445
1119,1549,117,4,1.465000905
1120,1550,117,5,6.331532778
1121,1551,117,6,1.260939841
1122,1552,118,1,120.5380863
1123,1553,118,2,22.64456969
1124,1554,119,1,8.729128993
1125,1555,119,2,2.00922474
1126,1556,119,3,1.032182926
1127,1557,119,4,7.34711866
1128,1558,119,5,38.63041723
1129,1559,119,6,5.225955448
1130,1560,120,1,3.68181108
1131,1561,120,2,17.1500152
1132,1562,120,3,41.08833467
1133,1563,120,4,5.897363803
1134,1564,120,5,36.17895668
1135,1565,120,6,4.501060561
1136,1566,121,1,69.03123383
1137,1567,121,2,13.83863217
1138,1568,122,1,63.55898095
1139,1569,122,2,12.07076438
1140,1570,122,3,5.146001779
1141,1571,122,4,20.97389689
1142,1572,123,1,12.5194874
1143,1573,123,2,2.143890461
1144,1574,123,3,25.78768608
1145,1575,123,4,3.728716066
1146,1576,124,1,62.19429059
1147,1577,124,2,54.61747323
1148,1578,124,3,22.76896219
1149,1579,125,1,42.14263228
1150,1580,125,2,51.07184252
1151,1581,125,3,8.483046202
1152,1582,126,1,112.78162
1153,1583,127,1,78.03684243
1154,1584,127,2,11.42205157
1155,1585,128,1,3.336079249
1156,1586,128,2,17.25074905
1157,1587,128,3,25.70859097
1158,1588,128,4,4.983836683
1159,1589,128,5,1.509837355
1160,1590,128,6,6.279492685
1161,1591,129,1,2.951011083
1162,1592,129,2,17.2296166
1163,1593,129,3,9.456805984
1164,1594,129,4,4.34160298
1165,1595,129,5,4.64915696
1166,1596,129,6,26.32509243
1167,1597,129,7,11.86534557
1168,1598,129,8,12.08045026
1169,1599,129,9,1.891553822
1171,1600,130,1,16.79232492
1172,1601,130,2,90.27933306
1173,1602,130,3,7.340372887
1174,1603,130,4,25.83900413
1179,1604,131,5,8.361665128
1180,1605,131,6,14.09795963
1181,1606,131,7,44.09642524
1182,1607,131,8,15.26763872
1187,1608,132,1,41.90625198
1188,1609,132,2,36.99995471
1189,1610,132,3,8.382793307
1190,1611,133,1,47.94390972
1191,1612,133,2,11.75079228
1202,1613,134,11,11.71182989
1203,1614,134,12,5.425183178
1204,1615,134,13,5.280994654
1205,1616,134,14,22.65162481
1214,1617,135,5,6.208582334
1215,1618,135,6,4.117801226
1216,1619,135,7,8.20134339
1217,1620,135,8,7.304885128
1218,1621,135,9,1.92614195
1219,1622,135,10,10.53860049
1224,1623,136,5,5.087796049
1225,1624,136,6,9.716465493
1226,1625,136,7,28.16784158
1227,1626,136,8,37.46685684
1232,1627,137,5,21.28842224
1233,1628,137,6,23.12268708
1234,1629,137,7,29.7386507
1235,1630,137,8,4.638132598
1240,1631,138,5,22.62680215
1241,1632,138,6,11.72770348
1242,1633,138,7,9.155210475
1243,1634,138,8,5.877216769
1244,1635,138,9,5.29889146
1249,1636,139,5,12.77044352
1250,1637,139,6,37.95229048
1251,1638,139,7,8.484283733
1252,1639,139,8,9.632211596
1253,1640,139,9,7.091243994
1260,1641,140,7,9.323914637
1261,1642,140,8,55.90683658
1262,1643,140,9,18.89697891
1263,1644,140,10,33.47471762
1264,1645,140,11,16.09425759
1265,1646,141,1,44.12012902
1266,1647,141,2,2.188188537
1267,1648,141,3,9.968514445
1272,1649,142,5,14.75221735
1273,1650,142,6,29.3651678
1274,1651,142,7,4.094527385
1275,1652,142,8,26.49065069
1278,1653,143,3,16.08302525
1279,1654,143,4,39.27469135
1284,1655,144,5,4.322618539
1285,1656,144,6,9.190161057
1286,1657,144,7,16.4790804
1287,1658,144,8,16.47993686
1294,1659,145,7,17.19134466
1295,1660,145,8,7.554376841
1296,1661,145,9,13.41022568
1297,1662,145,10,11.41492634
1298,1663,145,11,11.86093941
1299,1664,145,12,10.01053702
1300,1665,146,1,5.389286724
1301,1666,146,2,40.23037428
1302,1667,147,1,4.267026138
1303,1668,147,2,36.78553086
1304,1669,148,1,81.77741819
1305,1670,148,2,10.99079787
1306,1671,148,3,10.75330143
1307,1672,148,4,3.776607511
1308,1673,149,1,59.82694361
1309,1674,149,2,6.930022394
1310,1675,150,1,50.24859627
1311,1676,150,2,23.80145073
1312,1677,151,1,33.05259224
1313,1678,151,2,22.56042411
1314,1679,151,3,10.05687998
1315,1680,151,4,10.25003767
1316,1681,152,1,96.2398105
1317,1682,152,2,23.0773315
1318,1683,153,1,104.192756
1319,1684,154,1,56.740858
1320,1685,155,1,10.09522784
1321,1686,155,2,61.00102887
1322,1687,155,3,4.345791416
1323,1688,155,4,7.549020875
1337,1689,156,14,6.86654113
1338,1690,156,15,11.86190856
1339,1691,156,16,4.112440295
1340,1692,156,17,9.358117616
1341,1693,156,18,8.582793629
1342,1694,156,19,4.618388763
1345,1695,157,3,84.1092232
1346,1696,157,4,11.28930515
1355,1697,158,9,13.00674609
1356,1698,158,10,17.68631779
1357,1699,158,11,2.390132465
1358,1700,158,12,1.316856309
1359,1701,159,1,3.620979943
1360,1702,159,2,7.598403642
1361,1703,159,3,68.31965869
1362,1704,159,4,14.42051883
1363,1705,159,5,1.686246896
1364,1706,160,1,48.5881833
1365,1707,160,2,15.35939446
1366,1708,160,3,77.76152524
1367,1709,161,1,39.21710292
1368,1710,161,2,56.63812208
1369,1711,162,1,58.61811056
1370,1712,162,2,8.643879579
1371,1713,162,3,1.675187082
1372,1714,162,4,12.91299078
1373,1715,163,1,77.97194717
1374,1716,163,2,32.32550894
1375,1717,163,3,19.63152289
1376,1718,164,1,41.542524
1377,1719,165,1,27.12462861
1378,1720,165,2,5.23929925
1379,1721,165,3,29.97432014
1380,1722,166,1,64.208387
1381,1723,167,1,89.7339
1382,1724,168,1,7.971035842
1383,1725,168,2,0.887661468
1384,1726,168,3,51.50635269
1385,1727,169,1,73.18539582
1386,1728,169,2,5.145310704
1387,1729,169,3,35.11317548
1388,1730,170,1,58.40069256
1389,1731,170,2,11.82696644
1390,1732,171,1,50.249777
1391,1733,172,1,79.78154465
1392,1734,172,2,9.286913346
1393,1735,173,1,6.509526297
1394,1736,173,2,40.1710317
1395,1737,174,1,6.707957731
1396,1738,174,2,23.97571754
1397,1739,174,3,69.6752376
1398,1740,174,4,9.694237133
1399,1741,175,1,5.028567614
1400,1742,175,2,38.33723439
1401,1743,176,1,82.09602394
1402,1744,176,2,12.30387706
1403,1745,177,1,8.409323667
1404,1746,177,2,4.932856485
1405,1747,177,3,21.30767305
1406,1748,177,4,4.640361588
1407,1749,177,5,19.22463906
1408,1750,177,6,3.018417146
1409,1751,178,1,109.186878
1410,1752,179,1,41.139095
1411,1753,180,1,5.799067686
1412,1754,180,2,38.72179113
1413,1755,180,3,10.43267021
1414,1756,180,4,51.92186397
1415,1757,181,1,29.52458749
1416,1758,181,2,30.21827851
1417,1759,182,1,27.08318839
1418,1760,182,2,3.463654178
1419,1761,182,3,89.42540832
1420,1762,182,4,12.18615012
1421,1763,183,1,2.175026112
1422,1764,183,2,4.991415616
1423,1765,183,3,6.74637016
1424,1766,183,4,37.79675001
1425,1767,183,5,1.424835092
1426,1768,183,6,10.99118001
1429,1769,184,3,5.924098314
1430,1770,184,4,44.48391132
1431,1771,185,1,4.134318735
1432,1772,185,2,17.6211231
1433,1773,185,3,6.432230832
1434,1774,185,4,32.62092633
1435,1775,186,1,61.828201
1441,1776,187,6,51.94846214
1442,1777,187,7,2.058681779
1443,1778,187,8,9.694579383
1444,1779,188,1,79.574115
1445,1780,189,1,8.831445792
1446,1781,189,2,55.18017321
1447,1782,190,1,2.220243251
1448,1783,190,2,7.164573911
1449,1784,190,3,7.7698098
1450,1785,190,4,51.14936504
1467,1786,191,17,7.110366591
1468,1787,191,18,6.148013705
1469,1788,191,19,4.232679884
1470,1789,191,20,3.350904844
1471,1790,191,21,8.715549006
1472,1791,191,22,5.744142778
1473,1792,191,23,8.449430068
1474,1793,191,24,4.194262734
1475,1794,191,25,3.599222308
1476,1795,191,26,7.770055162
1482,1796,192,6,9.813430579
1483,1797,192,7,6.189111891
1492,1798,193,9,18.95852572
1493,1799,193,10,16.28733099
1494,1800,193,11,4.307437807
1495,1801,193,12,11.13326755
1502,1802,194,7,15.06890573
1503,1803,194,8,7.947776742
1504,1804,194,9,9.505559108
1505,1805,194,10,4.845471429
1506,1806,194,11,25.91942756
1507,1807,194,12,26.86903514
1510,1808,195,3,42.30768848
1511,1809,195,4,36.91425271
1524,1810,196,13,6.366583605
1525,1811,196,14,5.633123678
1526,1812,196,15,21.51061111
1527,1813,196,16,12.38163493
1528,1814,196,17,23.97757998
1529,1815,196,18,16.83700415
1532,1816,197,3,64.29919986
1533,1817,197,4,71.11234135
1538,1818,198,5,5.5673138
1539,1819,198,6,2.917523778
1540,1820,198,7,15.4508754
1541,1821,198,8,20.25928187
1544,1822,199,3,12.16689664
1545,1823,199,4,18.69582632
1546,1824,200,1,91.57479082
1547,1825,200,2,51.43394251
1548,1826,200,3,12.72582122
1549,1827,200,4,6.246355451
1558,1828,201,9,70.43117404
1559,1829,201,10,36.27879125
1567,1830,202,8,3.43674002
1568,1831,202,9,6.166589134
1569,1832,202,10,13.50515579
1570,1833,202,11,15.66628305
1575,1834,203,5,22.7357302
1576,1835,203,6,12.32533554
1579,1836,204,3,42.82040203
1580,1837,204,4,56.33937591
1585,1838,205,5,24.80842743
1586,1839,205,6,25.08871701
1593,1840,206,7,35.44957921
1594,1841,206,8,33.74972352
1595,1842,206,9,5.885076934
1596,1843,206,10,4.193400512
1599,1844,207,3,10.25399383
1600,1845,207,4,28.35925879
1601,1846,207,5,5.810824444
1602,1847,207,6,1.064767971
1616,1848,208,14,12.16901896
1617,1849,208,15,4.458048805
1618,1850,208,16,14.23608484
1619,1851,208,17,27.51720215
1620,1852,208,18,1.792838665
1621,1853,208,19,5.23901121
1634,1854,209,13,22.33156499
1635,1855,209,14,30.2418077
1642,1856,210,7,18.13240396
1643,1857,210,8,21.21813194
1644,1858,210,9,13.43323817
1645,1859,210,10,12.50114087
1646,1860,210,11,2.131164505
1647,1861,210,12,5.951252372
1648,1862,211,1,5.884285132
1649,1863,211,2,12.13590867
1650,1864,211,3,14.93459418
1651,1865,211,4,31.49141558
1652,1866,211,5,88.92650444
1653,1867,212,1,6.220198704
1654,1868,212,2,13.52036622
1655,1869,212,3,17.91953365
1656,1870,212,4,2.530938322
1657,1871,212,5,7.235974098
1658,1872,213,1,0.366156678
1659,1873,213,2,3.139142701
1660,1874,213,3,20.73683577
1673,1875,214,10,27.00480976
1674,1876,214,11,2.350529508
1675,1877,214,12,9.241765294
1676,1878,214,13,3.08190324
1677,1879,214,14,15.25911785
1678,1880,214,15,4.456591704
1679,1881,214,16,35.65671538
1682,1882,215,3,24.79280566
1683,1883,215,4,56.72078767
1688,1884,216,5,16.87496462
1689,1885,216,6,26.28851625
1690,1886,216,7,22.0992072
1691,1887,216,8,13.47580566
1696,1888,217,5,50.32018743
1697,1889,217,6,59.12359093
1698,1890,217,7,15.78858391
1699,1891,217,8,14.94272045
1706,1892,218,7,21.58494805
1707,1893,218,8,21.55505321
1708,1894,218,9,8.778284091
1709,1895,218,10,7.850566274
1710,1896,218,11,5.511680451
1711,1897,218,12,38.17669337
1718,1898,219,4,27.13931611
1719,1899,219,5,29.38214587
1720,1900,219,6,1.761045873
1721,1901,219,7,11.31998773
1722,1902,219,8,10.26061697
1723,1903,219,9,16.16333121
1724,1904,220,1,7.808319285
1725,1905,220,2,14.88367323
1726,1906,220,3,1.618911131
1727,1907,220,4,13.26194334
1728,1908,220,5,4.24389468
1729,1909,220,6,16.4087367
1730,1910,220,7,9.684382641
1731,1911,221,1,6.100634947
1732,1912,221,2,35.66804425
1733,1913,221,3,6.569990887
1734,1914,221,4,2.294735918
1735,1915,222,1,18.12383981
1736,1916,222,2,6.833286991
1737,1917,222,3,33.67915361
1738,1918,222,4,62.24451759
1741,1919,223,1,19.73097081
1742,1920,223,2,43.38779991
1743,1921,223,3,9.637781257
1744,1922,223,4,26.67265612
1745,1923,223,5,43.3606559
1747,1924,224,2,61.14099553
1751,1925,225,3,21.01680248
1752,1926,225,4,27.04424093
1768,1927,226,13,22.05443692
1769,1928,226,14,19.08006279
1770,1929,226,15,7.007369113
1771,1930,226,16,11.51006045
1779,1931,227,8,16.89842288
1780,1932,227,9,10.32714587
1781,1933,227,10,4.17100871
1782,1934,227,11,1.553767752
1787,1935,228,5,35.68037738
1788,1936,228,6,51.64251954
1789,1937,228,7,14.15163936
1790,1938,228,8,2.517660426
1791,1939,228,9,13.03073255
1792,1940,229,1,6.590193663
1793,1941,229,2,52.30218946
1794,1942,229,3,49.82535588
1795,1943,230,1,28.26672871
1796,1944,230,2,24.00487769
1797,1945,230,3,17.23086859
1798,1946,231,1,29.29561578
1799,1947,231,2,135.7858312
1800,1948,232,1,39.91832613
1801,1949,232,2,96.78114576
1802,1950,232,3,20.9873851
1803,1951,233,1,52.2485827
1804,1952,233,2,15.67519349
1805,1953,233,3,52.23219681
1806,1954,234,1,13.25884649
1807,1955,234,2,10.94748514
1808,1956,234,3,21.94276238
1809,1957,235,1,4.498124211
1810,1958,235,2,34.54319011
1811,1959,235,3,23.19788478
1812,1960,235,4,14.93425187
1817,1961,236,1,12.18966008
1818,1962,236,2,26.83194193
1819,1963,236,3,3.064407404
1820,1964,236,4,14.10031876
1826,1965,237,1,7.581183871
1827,1966,237,2,66.40674313
1828,1967,238,1,64.875291
1829,1968,239,1,89.58924196
1830,1969,239,2,42.59289804
1831,1970,240,1,43.46037304
1832,1971,240,2,34.72488523
1833,1972,240,3,2.225606118
1834,1973,240,4,16.31466361
1835,1974,241,1,83.361234
1836,1975,241,2,18.479548
1837,1976,242,1,18.37996353
1838,1977,242,2,10.82952029
1839,1978,242,3,7.681638037
1840,1979,242,4,30.6999741
1844,1980,243,1,11.14553315
1845,1981,243,2,8.776224143
1846,1982,243,3,1.089295398
1847,1983,243,4,5.376897385
1848,1984,243,5,2.384768655
1849,1985,243,6,3.286787285
1850,1986,243,7,12.60508699
1859,1987,244,9,3.623664819
1860,1988,244,10,17.38165227
1861,1989,244,11,8.359915883
1862,1990,244,12,1.9265175
1869,1991,245,5,8.338828075
1870,1992,245,6,5.407350595
1871,1993,245,7,22.88786626
1872,1994,245,8,79.59814741
1879,1995,246,7,12.60763915
1880,1996,246,8,8.688212514
1881,1997,246,9,38.87736267
1882,1998,246,10,13.86398112
1883,1999,246,11,3.769819967
1884,2000,246,12,28.87571475
1889,2001,247,5,13.96747668
1890,2002,247,6,30.81312855
1891,2003,247,7,2.638920166
1892,2004,247,8,2.544476414
1897,2005,248,5,11.41884008
1898,2006,248,6,14.20173017
1899,2007,248,7,2.045375939
1900,2008,248,8,14.84348044
1907,2009,249,7,3.618920002
1908,2010,249,8,3.038845344
1909,2011,249,9,2.741844898
1910,2012,249,10,18.54663127
1915,2013,250,5,28.0739137
1916,2014,250,6,15.60217529
1917,2015,250,7,2.768166316
1918,2016,250,8,13.36779985
1921,2017,251,3,35.64007886
1922,2018,251,4,18.82883318
1935,2019,252,13,12.76190654
1936,2020,252,14,6.403938302
1937,2021,252,15,12.83910031
1938,2022,252,16,15.41438777
1939,2023,252,17,5.97804695
1940,2024,252,18,4.201637186
1941,2025,252,19,7.226228297
1943,2026,253,2,40.53417401
1944,2027,254,1,29.66383472
1945,2028,254,2,22.92914928
1952,2029,255,7,14.42659935
1953,2030,255,8,26.65506245
1954,2031,255,9,19.20169412
1955,2032,255,10,28.91960152
1956,2033,256,1,29.61427018
1957,2034,256,2,6.927788266
1958,2035,256,3,7.437801555
1959,2036,257,1,41.84305149
1960,2037,257,2,5.493347261
1961,2038,257,3,16.02304325
1962,2039,258,1,46.78062305
1963,2040,258,2,8.837256654
1964,2041,258,3,26.69006729
1965,2042,259,1,58.70836
1966,2043,260,1,46.407571
1967,2044,261,1,3.299930848
1968,2045,261,2,15.45589589
1969,2046,261,3,10.07582532
1970,2047,261,4,81.43895394
1971,2048,262,1,50.76370497
1972,2049,262,2,8.465707033
1973,2050,263,1,10.18110336
1974,2051,263,2,2.146371918
1975,2052,263,3,29.63063911
1976,2053,263,4,5.989073488
1977,2054,263,5,2.557865085
1978,2055,263,6,5.918260038
1979,2056,264,1,7.885203124
1980,2057,264,2,37.48088971
1981,2058,264,3,2.932171542
1982,2059,264,4,8.556404619
1983,2060,265,1,10.44994731
1984,2061,265,2,83.40985469
1985,2062,266,1,10.1822627
1986,2063,266,2,1.684778037
1987,2064,266,3,5.960206839
1988,2065,266,4,48.75175016
1989,2066,266,5,0.972205329
1990,2067,266,6,6.930795935
1991,2068,267,1,15.73144286
1992,2069,267,2,2.317319379
1993,2070,267,3,4.419028477
1994,2071,267,4,27.28661877
1995,2072,267,5,1.720588169
1996,2073,267,6,9.336322346
1997,2074,268,1,16.05674264
1998,2075,268,2,1.982552531
1999,2076,268,3,11.20616707
2000,2077,268,4,46.11142682
2001,2078,268,5,5.083145817
2002,2079,268,6,9.11877611
2003,2080,269,1,76.764358
2004,2081,270,1,61.05734162
2005,2082,270,2,7.025536385
2006,2083,271,1,6.684654276
2007,2084,271,2,25.42545272
2008,2085,272,1,72.458658
2009,2086,273,1,51.25300724
2010,2087,273,2,5.448757136
2011,2088,273,3,1.427663624
2012,2089,274,1,10.40476757
2013,2090,274,2,2.297871635
2014,2091,274,3,20.50437931
2015,2092,274,4,18.29382537
2016,2093,274,5,4.122382114
2017,2094,275,1,69.725029
2018,2095,276,1,52.796095
2019,2096,277,1,35.63776863
2020,2097,277,2,7.049993495
2021,2098,277,3,2.337323872
2022,2099,277,4,12.846249
2028,2100,278,6,30.37158779
2029,2101,278,7,5.42884599
2030,2102,278,8,41.87265996
2031,2103,279,1,45.23637333
2032,2104,279,2,7.076292665
2040,2105,280,8,2.937181739
2041,2106,280,9,6.835132021
2042,2107,280,10,0.893804154
2043,2108,280,11,3.164118624
2044,2109,280,12,11.45017588
2049,2110,281,1,35.70821848
2050,2111,281,2,15.79355952
2051,2112,282,1,6.934590527
2052,2113,282,2,15.94934182
2053,2114,282,3,8.857145589
2054,2115,282,4,7.063047666
2055,2116,282,5,32.33911057
2058,2117,283,1,43.89902644
2059,2118,283,2,71.45873256
2060,2119,284,1,7.065575045
2061,2120,284,2,10.93741541
2062,2121,284,3,91.11302055
2063,2122,285,1,58.719551
2064,2123,286,1,36.45818779
2065,2124,286,2,5.108599102
2066,2125,286,3,14.49357636
2067,2126,286,4,3.663662749
2068,2127,287,1,37.58629282
2069,2128,287,2,5.822527181
2070,2129,288,1,21.87667096
2071,2130,288,2,2.480683267
2072,2131,288,3,6.492520377
2073,2132,288,4,26.41957139
2074,2133,289,1,44.89366732
2075,2134,289,2,5.138979896
2076,2135,289,3,7.415127897
2077,2136,289,4,38.18160389
2078,2137,290,1,14.89058702
2079,2138,290,2,8.762292248
2080,2139,290,3,24.15509699
2081,2140,290,4,20.23273267
2082,2141,290,5,56.31279907
2083,2142,291,1,38.02632046
2084,2143,291,2,14.36136054
2089,2144,292,5,4.645776533
2090,2145,292,6,23.8804629
2091,2146,292,7,20.94535716
2092,2147,292,8,3.565042291
2093,2148,293,1,9.193934587
2094,2149,293,2,58.86148355
2095,2150,293,3,48.78715077
2096,2151,293,4,20.03219446
2097,2152,293,5,4.495993625
2098,2153,294,1,38.3661177
2099,2154,294,2,29.5459173
2100,2155,295,1,1.67350682
2101,2156,295,2,7.451204818
2102,2157,295,3,31.40083615
2103,2158,295,4,34.58109559
2106,2159,296,1,54.14841056
2107,2160,296,2,6.901820294
2108,2161,296,3,29.93825572
2109,2162,296,4,5.573682151
2110,2163,296,5,46.23161627
2113,2164,297,3,31.42893705
2114,2165,297,4,5.986594269
2115,2166,297,5,20.9420942
2116,2167,297,6,6.64728425
2117,2168,298,1,22.82283077
2118,2169,298,2,26.02843241
2119,2170,298,3,10.97559268
2126,2171,299,5,1.742371617
2127,2172,299,6,10.23181543
2128,2173,299,7,9.430078534
2129,2174,300,1,2.399038767
2130,2175,300,2,17.00559177
2131,2176,300,3,21.44890532
2132,2177,300,4,72.73869033
2133,2178,300,5,9.232952805
2137,2179,301,4,49.46665694
2138,2180,302,1,4.735886402
2139,2181,302,2,6.148848022
2140,2182,302,3,30.73337758
2141,2183,303,1,3.835725782
2142,2184,303,2,26.0038125
2143,2185,303,3,88.42631884
2144,2186,303,4,14.07548872
2145,2187,303,5,20.56259016
2146,2188,304,1,29.11078288
2147,2189,304,2,7.612682807
2148,2190,304,3,18.50888598
2149,2191,304,4,2.097690577
2150,2192,304,5,12.76058672
2151,2193,304,6,8.482788759
2152,2194,304,7,5.085824374
2153,2195,304,8,24.15659176
2161,2196,305,4,45.15724283
2162,2197,305,5,6.437961448
2163,2198,305,6,19.3656085
2164,2199,305,7,7.148982798
2165,2200,305,8,1.36436503
2170,2201,306,5,2.765264587
2171,2202,306,6,4.26061542
2172,2203,306,7,9.690734998
2173,2204,306,8,19.7565386
2180,2205,307,7,14.18543344
2181,2206,307,8,9.081602783
2182,2207,307,9,2.482480097
2183,2208,307,10,15.45681699
2184,2209,308,1,16.66480342
2185,2210,308,2,77.40042858
2192,2211,309,7,26.82254219
2193,2212,309,8,23.19508504
2194,2213,309,9,14.5907501
2195,2214,309,10,9.385551122
2196,2215,310,1,36.84070845
2197,2216,310,2,6.097262239
2198,2217,310,3,26.76953131
2201,2218,311,3,38.23008114
2202,2219,311,4,25.71914888
2203,2220,311,5,8.610792249
2204,2221,311,6,1.476599132
2217,2222,312,13,11.9520995
2218,2223,312,14,4.133654233
2219,2224,312,15,3.890201425
2220,2225,312,16,3.583344592
2221,2226,312,17,4.196210611
2228,2227,313,5,29.0116174
2229,2228,313,6,57.65097717
2230,2229,313,7,8.649540657
2231,2230,313,8,3.673094171
2232,2231,314,1,10.74322639
2233,2232,314,2,5.245680835
2234,2233,314,3,15.47135638
2235,2234,314,4,24.00688057
2236,2235,314,5,17.5028248
2237,2236,314,6,72.95890602
2238,2237,315,1,13.87008982
2239,2238,315,2,36.89186154
2240,2239,315,3,9.976334009
2241,2240,315,4,1.048202334
2242,2241,315,5,8.508842306
2245,2242,316,3,52.7111451
2246,2243,316,4,20.47905317
2247,2244,317,1,13.3082642
2248,2245,317,2,42.46647709
2249,2246,317,3,0.876861218
2250,2247,317,4,6.141475498
2251,2248,318,1,29.49606601
2252,2249,318,2,7.405774631
2253,2250,318,3,1.662976359
2254,2251,319,1,19.12650972
2255,2252,319,2,13.12754001
2256,2253,319,3,9.235731694
2257,2254,319,4,33.26752357
2258,2255,320,1,4.084998496
2259,2256,320,2,1.926621405
2260,2257,320,3,15.75854449
2261,2258,320,4,10.33002592
2262,2259,320,5,3.19674146
2263,2260,320,6,0.835474225
2264,2261,321,1,18.34613507
2265,2262,321,2,2.428713296
2266,2263,321,3,83.12766311
2267,2264,321,4,18.63868352
2268,2265,322,1,5.76180824
2269,2266,322,2,31.01037576
2270,2267,323,1,5.774498151
2271,2268,323,2,35.81954185
2275,2269,324,4,17.54156127
2276,2270,324,5,6.460538446
2277,2271,324,6,40.36859594
2278,2272,325,1,39.93544944
2279,2273,325,2,19.5707332
2280,2274,325,3,2.696231151
2281,2275,325,4,1.778912532
2282,2276,325,5,14.35735468
2283,2277,326,1,31.45633912
2284,2278,326,2,102.7684989
2285,2279,327,1,3.037554942
2286,2280,327,2,21.9775967
2287,2281,327,3,13.96825532
2288,2282,327,4,6.582830037
2289,2283,328,1,21.48633553
2290,2284,328,2,27.64986545
2291,2285,328,3,38.82404565
2292,2286,328,4,7.49222838
2293,2287,329,1,15.66487189
2294,2288,329,2,8.828583192
2295,2289,329,3,82.18161734
2296,2290,329,4,11.25752058
2297,2291,330,1,12.73663692
2298,2292,330,2,7.997633258
2299,2293,330,3,36.39011697
2300,2294,330,4,20.79305033
2301,2295,330,5,5.770500452
2302,2296,330,6,34.11028107
2303,2297,331,1,19.5648808
2304,2298,331,2,52.82296472
2305,2299,331,3,2.373652713
2306,2300,331,4,15.50818576
2307,2301,332,1,10.03842146
2308,2302,332,2,15.11807478
2309,2303,332,3,38.46431505
2310,2304,332,4,9.188460718
2311,2305,333,1,0.961409042
2312,2306,333,2,7.259875331
2313,2307,333,3,4.318503339
2314,2308,333,4,22.51151155
2315,2309,333,5,1.868433425
2316,2310,333,6,10.99858232
2317,2311,334,1,10.29922162
2318,2312,334,2,2.723672861
2319,2313,334,3,9.762723527
2320,2314,334,4,3.624389949
2321,2315,334,5,11.2514353
2322,2316,334,6,1.271486132
2323,2317,334,7,11.38438219
2324,2318,334,8,56.00810442
2325,2319,335,1,37.36080155
2326,2320,335,2,6.54565816
2327,2321,335,3,9.267806027
2328,2322,335,4,19.70684491
2329,2323,335,5,7.111961333
2330,2324,335,6,10.65232004
2331,2325,335,7,6.75067139
2332,2326,335,8,14.77644596
2333,2327,335,9,25.17044676
2334,2328,335,10,5.470955879
2335,2329,336,1,42.65677683
2336,2330,336,2,8.655977737
2337,2331,336,3,15.79397643
2338,2332,337,1,121.341461
2339,2333,338,1,16.53686574
2340,2334,338,2,140.8752913
2341,2335,339,1,152.056983
2342,2336,340,1,124.151582
2343,2337,341,1,2.74846484
2344,2338,341,2,7.825104525
2345,2339,341,3,10.73802219
2346,2340,341,4,76.23017345
2347,2341,342,1,53.47628171
2348,2342,342,2,1.749743827
2349,2343,342,3,15.29089246
2350,2344,343,1,15.99625222
2351,2345,343,2,86.2913861
2352,2346,343,3,14.04559937
2353,2347,343,4,3.513356308
2354,2348,344,1,48.506561
2355,2349,345,1,75.26057737
2356,2350,345,2,13.18319554
2357,2351,345,3,5.78860609
2358,2352,346,1,51.39036064
2359,2353,346,2,9.121331304
2360,2354,346,3,51.68915858
2361,2355,346,4,39.66036648
2362,2356,347,1,23.74658562
2363,2357,347,2,3.245124985
2364,2358,347,3,28.27712725
2365,2359,347,4,6.035131283
2366,2360,347,5,9.153884278
2367,2361,347,6,1.908377336
2368,2362,347,7,12.91435821
2369,2363,347,8,36.52766017
2370,2364,347,9,6.44385587
2371,2365,348,1,38.59026251
2372,2366,348,2,71.4451198
2373,2367,348,3,11.15903869
2374,2368,349,1,17.74651595
2375,2369,349,2,3.927995824
2376,2370,349,3,6.891335762
2377,2371,349,4,43.63499646
2378,2372,350,1,14.48131549
2379,2373,350,2,71.16619362
2380,2374,350,3,9.572720282
2381,2375,350,4,6.489239611
2382,2376,351,1,50.80363957
2383,2377,351,2,11.28786943
2384,2378,352,1,24.776683
2385,2379,352,2,5.208477276
2386,2380,352,3,6.825292862
2387,2381,352,4,0.998698724
2388,2382,352,5,5.659280338
2389,2383,352,6,18.6744068
2390,2384,353,1,48.34425291
2391,2385,353,2,17.43917509
2392,2386,354,1,13.7619188
2393,2387,354,2,2.004214014
2394,2388,354,3,8.255977462
2395,2389,354,4,2.689266263
2396,2390,354,5,7.50427027
2397,2391,354,6,45.73422219
2398,2392,355,1,15.29866506
2399,2393,355,2,73.35000918
2400,2394,355,3,26.15176731
2401,2395,355,4,3.663776454
2402,2396,356,1,8.321627824
2403,2397,356,2,42.02326718
2404,2398,357,1,21.14857065
2405,2399,357,2,69.36190437
2406,2400,357,3,3.944930192
2407,2401,357,4,12.94165478
2408,2402,358,1,68.46759474
2409,2403,358,2,13.974902
2410,2404,358,3,6.006525441
2411,2405,358,4,39.98486382
2412,2406,359,1,2.675698444
2413,2407,359,2,11.023497
2414,2408,359,3,8.641768093
2415,2409,359,4,49.80334646
2416,2410,360,1,6.908759204
2417,2411,360,2,25.34769866
2418,2412,360,3,18.87658535
2419,2413,360,4,2.331874781
2420,2414,361,1,14.45981201
2421,2415,361,2,65.11682599
2422,2416,362,1,33.15740377
2423,2417,362,2,15.37212499
2424,2418,362,3,4.108552239
2425,2419,363,1,18.50173667
2426,2420,363,2,2.126256213
2427,2421,363,3,23.40380612
2428,2422,364,1,27.18181798
2429,2423,364,2,108.285055
2430,2424,365,1,76.50927847
2431,2425,365,2,26.21472635
2432,2426,365,3,29.36870819
2433,2427,365,4,25.822342
2434,2428,366,1,12.84091718
2435,2429,366,2,4.334118636
2436,2430,366,3,34.73902295
2437,2431,366,4,29.91869364
2438,2432,366,5,33.65282069
2439,2433,366,6,7.536320897
2440,2434,367,1,11.65073019
2441,2435,367,2,1.676613438
2442,2436,367,3,4.773235395
2443,2437,367,4,21.56257815
2444,2438,367,5,5.076331378
2445,2439,367,6,37.14284361
2446,2440,367,7,22.54578863
2447,2441,367,8,4.038307516
2448,2442,367,9,10.81451025
2449,2443,367,10,4.546526436
2450,2444,368,1,2.912692794
2451,2445,368,2,17.12906216
2452,2446,368,3,24.07303387
2453,2447,368,4,4.057289925
2454,2448,368,5,18.03871701
2455,2449,368,6,4.065419245
2456,2450,369,1,61.33772044
2457,2451,369,2,8.106329261
2458,2452,369,3,40.1731193
2465,2453,370,7,10.82079129
2466,2454,370,8,2.801416567
2467,2455,370,9,1.658248307
2468,2456,370,10,11.16800084
2469,2457,370,11,6.004908967
2470,2458,370,12,1.731130386
2471,2459,371,1,17.90142303
2472,2460,371,2,35.80793347
2473,2461,371,3,5.957832634
2474,2462,371,4,14.95934239
2475,2463,371,5,16.94471684
2476,2464,371,6,9.539126631
2477,2465,372,1,40.49672506
2478,2466,372,2,9.807502155
2479,2467,372,3,10.22733472
2480,2468,372,4,3.219914575
2481,2469,372,5,3.872191038
2482,2470,372,6,5.292054453
2483,2471,373,1,8.407785522
2484,2472,373,2,18.90536334
2485,2473,373,3,9.897937698
2486,2474,373,4,9.797284813
2487,2475,373,5,10.72702501
2488,2476,373,6,14.46988865
2489,2477,373,7,4.983942966
2490,2478,374,1,13.74591241
2491,2479,374,2,2.768774007
2492,2480,374,3,8.726696573
2493,2481,374,4,19.60507001
2498,2482,375,5,1.207444797
2499,2483,375,6,9.954954226
2500,2484,375,7,27.30443904
2501,2485,375,8,5.744400522
2502,2486,375,9,6.301621755
2503,2487,375,10,14.01824278
2508,2488,376,5,8.584192094
2509,2489,376,6,1.287011582
2510,2490,376,7,42.12752032
2511,2491,376,8,6.529870548
2512,2492,376,9,8.056315213
2513,2493,376,10,22.88437642
2524,2494,377,11,32.14115246
2525,2495,377,12,3.118737485
2526,2496,377,13,25.63651014
2527,2497,377,14,5.301959814
2528,2498,377,15,23.005163
2529,2499,377,16,6.726797655
2530,2500,377,17,13.48902144
2531,2501,378,1,6.059013364
2532,2502,378,2,2.103900175
2533,2503,378,3,16.08559671
2534,2504,378,4,1.817953456
2535,2505,378,5,51.6599423
2536,2506,379,1,20.43253386
2537,2507,379,2,4.197358755
2538,2508,379,3,69.21071437
2539,2509,379,4,9.415361798
2540,2510,379,5,18.64776487
2541,2511,379,6,3.892423349
2549,2512,380,8,66.91438476
2550,2513,380,9,4.267146612
2551,2514,380,10,32.4054304
2552,2515,380,11,9.026258311
2553,2516,380,12,7.391520882
2554,2517,381,1,66.28714796
2555,2518,381,2,38.75388421
2556,2519,381,3,12.83469282
2557,2520,382,1,46.55042434
2558,2521,382,2,2.941797791
2559,2522,382,3,10.37473854
2560,2523,382,4,3.696263307
2561,2524,382,5,12.44002302
2562,2525,383,1,4.363544577
2563,2526,383,2,37.21455696
2564,2527,383,3,31.11539194
2565,2528,383,4,4.992685159
2566,2529,383,5,27.76419816
2567,2530,383,6,47.71954421
2568,2531,384,1,86.37346264
2569,2532,384,2,14.84723835
2570,2533,384,3,26.89045491
2571,2534,384,4,9.789456108
2572,2535,385,1,65.53401715
2573,2536,385,2,26.22328759
2574,2537,385,3,9.571625261
2575,2538,386,1,39.81490881
2576,2539,386,2,6.360051126
2577,2540,386,3,10.21463089
2578,2541,386,4,1.305917178
2579,2542,387,1,9.02929449
2580,2543,387,2,25.14515805
2581,2544,387,3,5.792008598
2582,2545,387,4,22.47490537
2583,2546,387,5,3.018586626
2584,2547,387,6,3.889853277
2585,2548,387,7,15.30544359
2586,2549,388,1,21.68634211
2587,2550,388,2,0.676059076
2588,2551,388,3,5.627261691
2589,2552,388,4,1.187408841
2590,2553,388,5,10.0616298
2591,2554,388,6,3.124605021
2592,2555,388,7,10.49220038
2593,2556,388,8,1.216429672
2594,2557,388,9,7.824054404
2595,2558,389,1,34.06584095
2596,2559,389,2,20.93400505
2597,2560,390,1,23.21275673
2598,2561,390,2,2.141376825
2599,2562,390,3,16.46945344
2600,2563,391,1,16.73160438
2601,2564,391,2,3.634559515
2602,2565,391,3,21.16522485
2603,2566,391,4,3.892955536
2604,2567,391,5,14.56724071
2605,2568,392,1,18.63316848
2606,2569,392,2,2.269804257
2607,2570,392,3,26.17829221
2608,2571,392,4,6.908995489
2609,2572,392,5,4.503549313
2610,2573,392,6,9.523045908
2617,2574,393,1,35.49152651
2618,2575,393,2,17.25720761
2619,2576,393,3,2.580532129
2620,2577,393,4,26.1464739
2621,2578,393,5,24.18168208
2622,2579,393,6,12.30042678
2632,2580,394,10,1.988981161
2633,2581,394,11,9.985664152
2634,2582,394,12,4.577757123
2635,2583,394,13,2.753568058
2636,2584,394,14,0.885959092
2637,2585,394,15,6.520672482
2638,2586,394,16,5.702045551
2639,2587,395,1,24.77563806
2640,2588,395,2,4.491345908
2641,2589,395,3,30.28184726
2642,2590,395,4,61.38270678
2647,2591,396,5,17.391249
2648,2592,396,6,3.90619632
2649,2593,396,7,3.046946299
2650,2594,396,8,2.71603343
2651,2595,397,1,5.529877371
2652,2596,397,2,47.09116091
2653,2597,397,3,6.570361803
2654,2598,397,4,3.397332917
2655,2599,398,1,46.308194
2656,2600,399,1,2.364754855
2657,2601,399,2,13.70270405
2658,2602,399,3,5.610296379
2659,2603,399,4,19.01267404
2660,2604,399,5,12.89257768
2661,2605,400,1,5.674080696
2662,2606,400,2,40.93843899
2663,2607,400,3,23.7632821
2664,2608,400,4,8.09147622
2665,2609,401,1,6.270611952
2666,2610,401,2,40.54784819
2667,2611,401,3,1.705477221
2668,2612,401,4,4.707046638
2669,2613,402,1,40.04639024
2670,2614,402,2,24.58348976
2671,2615,403,1,25.62575594
2672,2616,403,2,4.221917048
2673,2617,403,3,21.84086322
2674,2618,403,4,12.72285546
2675,2619,403,5,1.488732334
2676,2620,404,1,19.25094154
2677,2621,404,2,76.53129646
2678,2622,405,1,17.66339871
2679,2623,405,2,72.79800329
2684,2624,406,5,36.23571178
2685,2625,406,6,13.22117912
2686,2626,406,7,10.32576891
2687,2627,407,1,12.48041717
2688,2628,407,2,71.85530997
2689,2629,407,3,10.11536933
2690,2630,407,4,25.17457315
2691,2631,407,5,13.47843765
2692,2632,407,6,2.187078728
2693,2633,408,1,71.31530669
2694,2634,408,2,11.49486722
2695,2635,408,3,6.383056269
2696,2636,408,4,19.95264082
2697,2637,409,1,52.90696505
2698,2638,409,2,13.0427522
2699,2639,409,3,2.10408287
2700,2640,409,4,7.980504802
2701,2641,409,5,4.563364082
2702,2642,410,1,70.38982988
2703,2643,410,2,5.565023822
2704,2644,410,3,36.4918183
2705,2645,411,1,17.61085804
2706,2646,411,2,6.76017299
2707,2647,411,3,11.18038497
2708,2648,412,1,14.61212057
2709,2649,412,2,2.216756713
2710,2650,412,3,8.171587543
2711,2651,412,4,57.66373317
2712,2652,413,1,30.95603011
2713,2653,413,2,11.83856522
2714,2654,413,3,2.83328667
2715,2655,414,1,38.7633413
2716,2656,414,2,2.218062798
2717,2657,414,3,8.605286898
2718,2658,415,1,11.8020697
2719,2659,415,2,2.008131856
2720,2660,415,3,18.84402496
2721,2661,415,4,3.080623942
2722,2662,415,5,4.642811838
2723,2663,415,6,2.9474927
2724,2664,416,1,13.69354874
2725,2665,416,2,3.361878936
2726,2666,416,3,29.0063261
2727,2667,416,4,5.144583974
2728,2668,416,5,1.763901251
2729,2669,417,1,12.38097506
2730,2670,417,2,29.13970994
2731,2671,418,1,8.184903135
2732,2672,418,2,68.63752697
2733,2673,418,3,1.75583186
2734,2674,418,4,13.91671357
2735,2675,418,5,11.94853247
2736,2676,419,1,26.20488093
2737,2677,419,2,4.08318417
2738,2678,419,3,9.053758492
2739,2679,419,4,2.016807255
2740,2680,419,5,4.00251188
2741,2681,419,6,5.059996274
2742,2682,420,1,4.75858999
2743,2683,420,2,25.89901293
2744,2684,420,3,15.05984048
2745,2685,420,4,1.851358929
2746,2686,420,5,86.75614367
2747,2687,421,1,6.56866688
2748,2688,421,2,18.8322857
2749,2689,421,3,10.8572441
2750,2690,421,4,1.909158596
2751,2691,421,5,9.178376727
2752,2692,422,1,12.75954055
2753,2693,422,2,2.568441031
2754,2694,422,3,59.13364942
2755,2695,423,1,4.562048514
2756,2696,423,2,25.14591386
2757,2697,423,3,61.58446238
2758,2698,423,4,18.96508125
2759,2699,423,5,2.967434998
2760,2700,424,1,48.780736
2761,2701,425,1,17.86468957
2762,2702,425,2,24.64371723
2763,2703,425,3,14.24166323
2764,2704,425,4,7.41235582
2765,2705,425,5,4.153861151
2766,2706,426,1,16.69059941
2767,2707,426,2,13.77286482
2768,2708,426,3,6.335483202
2769,2709,426,4,10.15232804
2770,2710,426,5,30.43290177
2771,2711,426,6,56.79432976
2772,2712,427,1,26.31250132
2773,2713,427,2,87.99512276
2774,2714,427,3,1.922317881
2775,2715,427,4,13.37927904
2776,2716,428,1,16.41363478
2777,2717,428,2,8.130463573
2778,2718,428,3,72.38705353
2779,2719,428,4,37.67100612
2786,2720,429,7,4.522267429
2787,2721,429,8,6.48700135
2788,2722,429,9,9.904003578
2789,2723,429,10,9.558607026
2790,2724,429,11,10.21325267
2791,2725,429,12,13.74752706
2796,2726,430,5,8.08402404
2797,2727,430,6,22.28325757
2798,2728,430,7,3.051738298
2799,2729,430,8,16.22512351
2800,2730,431,1,49.76540594
2801,2731,431,2,18.32417796
2802,2732,431,3,34.60219274
2803,2733,431,4,7.578094339
2804,2734,431,5,24.27016179
2805,2735,431,6,6.220672224
2806,2736,432,1,35.06540126
2807,2737,432,2,7.163680742
2808,2738,433,1,43.55876824
2809,2739,433,2,6.925589872
2810,2740,433,3,72.64929689
2811,2741,434,1,53.73364717
2812,2742,434,2,12.04155305
2813,2743,434,3,43.86335978
2814,2744,435,1,20.71224656
2815,2745,435,2,6.578218305
2816,2746,435,3,25.77270231
2817,2747,435,4,8.572048651
2818,2748,435,5,1.763806171
2819,2749,436,1,13.28174337
2820,2750,436,2,9.817737312
2821,2751,436,3,9.264271943
2822,2752,436,4,20.17295985
2823,2753,436,5,24.94066382
2824,2754,436,6,3.504794709
2825,2755,437,1,7.79804236
2826,2756,437,2,7.180392087
2827,2757,437,3,9.662693688
2828,2758,437,4,3.112559477
2829,2759,437,5,74.16921739
2830,2760,438,1,94.59710023
2831,2761,438,2,13.34395177
2832,2762,439,1,5.339466444
2833,2763,439,2,30.80607059
2834,2764,439,3,48.74917197
2835,2765,440,1,26.66584345
2836,2766,440,2,3.235839237
2837,2767,440,3,27.31029788
2838,2768,440,4,1.460435607
2839,2769,440,5,13.14297806
2840,2770,440,6,11.47999633
2841,2771,440,7,5.618863454
2842,2772,441,1,4.916063217
2843,2773,441,2,1.450192735
2844,2774,441,3,14.33564473
2845,2775,441,4,5.814102685
2846,2776,441,5,3.117637333
2847,2777,441,6,24.3183643
2848,2778,442,1,21.08629808
2849,2779,442,2,2.593017353
2850,2780,442,3,15.23155037
2851,2781,442,4,17.84296059
2852,2782,442,5,5.058174609
2853,2783,443,1,17.45162007
2854,2784,443,2,49.45330936
2855,2785,443,3,25.48830111
2856,2786,443,4,3.454119457
2860,2787,444,4,18.04601376
2861,2788,444,5,34.0774215
2862,2789,445,1,17.44762104
2863,2790,445,2,29.44320196
2864,2791,446,1,23.23938931
2865,2792,446,2,10.55506549
2866,2793,446,3,20.29213519
2867,2794,447,1,30.37522231
2868,2795,447,2,14.27879434
2869,2796,447,3,46.96466135
2870,2797,448,1,29.47932119
2871,2798,448,2,4.122786484
2872,2799,448,3,33.03431561
2873,2800,448,4,13.26296104
2874,2801,448,5,4.106321682
2876,2802,449,2,35.72532125
2877,2803,449,3,22.2647952
2878,2804,450,1,3.845708079
2879,2805,450,2,21.67169449
2880,2806,450,3,80.91177043
2881,2807,451,1,41.46418796
2882,2808,451,2,28.84205704
2883,2809,452,1,33.41947189
2884,2810,452,2,7.631909915
2885,2811,452,3,15.39993735
2886,2812,452,4,1.949065813
2887,2813,452,5,17.27036195
2888,2814,452,6,11.90513495
2889,2815,452,7,8.109852137
2890,2816,453,1,17.57914492
2891,2817,453,2,25.04200736
2892,2818,453,3,6.356807625
2893,2819,453,4,6.157296098
2899,2820,454,6,4.367789008
2900,2821,454,7,5.543350213
2901,2822,454,8,14.15912054
2902,2823,454,9,16.08843938
2903,2824,455,1,43.06116023
2904,2825,455,2,23.16685759
2905,2826,455,3,13.11946544
2906,2827,455,4,1.939720817
2907,2828,455,5,15.58645225
2908,2829,455,6,6.008657668
2909,2830,456,1,12.43453113
2910,2831,456,2,38.2490659
2911,2832,456,3,39.85595897
2913,2833,457,2,11.62832828
2914,2834,457,3,27.81857066
2915,2835,458,1,42.88935711
2916,2836,458,2,15.04063289
2923,2837,459,7,12.61371899
2924,2838,459,8,8.562269001
2925,2839,459,9,22.49979392
2926,2840,459,10,3.769884276
2927,2841,459,11,32.55678674
2928,2842,459,12,7.505195994
2929,2843,459,13,6.903557477
2934,2844,460,5,25.0653368
2935,2845,460,6,14.02457026
2936,2846,460,7,18.19988842
2937,2847,460,8,62.79422783
2938,2848,461,1,29.67270185
2939,2849,461,2,12.69631315
2944,2850,462,5,30.04268625
2945,2851,462,6,76.39030879
2946,2852,462,7,9.673290718
2947,2853,462,8,6.819760971
2952,2854,463,5,27.94598496
2953,2855,463,6,8.025886105
2954,2856,463,7,2.730254433
2955,2857,463,8,13.68046211
2956,2858,464,1,46.243998
2957,2859,465,1,82.570032
2960,2860,466,3,46.80325846
2961,2861,467,1,75.027091
2962,2862,468,1,52.7868464
2963,2863,468,2,9.454370823
2964,2864,468,3,30.3409575
2965,2865,468,4,7.174448272
2966,2866,469,1,39.19865152
2967,2867,469,2,7.032024231
2968,2868,469,3,30.71016225
2969,2869,470,1,1.488704639
2970,2870,470,2,12.49432811
2971,2871,470,3,3.929355683
2972,2872,470,4,25.61187356
2973,2873,471,1,4.474153462
2974,2874,471,2,26.92233881
2975,2875,471,3,14.5218445
2976,2876,471,4,34.16918723
2977,2877,472,1,103.9329237
2978,2878,472,2,15.47950627
2979,2879,473,1,20.76472138
2980,2880,473,2,24.55825846
2981,2881,473,3,12.48641016
2982,2882,474,1,103.4671739
2983,2883,474,2,13.2634501
2984,2884,475,1,97.88979465
2985,2885,475,2,10.96879335
2998,2886,476,13,6.53065928
2999,2887,476,14,27.16456548
3000,2888,476,15,19.4517189
3001,2889,476,16,2.703579518
3002,2890,476,17,3.932267664
3003,2891,477,1,46.94800816
3004,2892,477,2,7.524804001
3005,2893,477,3,18.83571282
3006,2894,477,4,14.83907202
3022,2895,478,16,19.79552637
3023,2896,478,17,5.024533095
3024,2897,478,18,5.088996463
3025,2898,478,19,4.486926152
3026,2899,478,20,16.04791943
3027,2900,478,21,3.522991998
3040,2901,479,13,14.03562139
3041,2902,479,14,29.39782472
3042,2903,479,15,2.586092453
3043,2904,479,16,3.961562796
3044,2905,480,1,157.158797
3045,2906,481,1,44.644207
3046,2907,482,1,84.413638
3047,2908,483,1,55.296927
3049,2909,484,2,14.72907072
3050,2910,484,3,1.775145957
3051,2911,484,4,8.353312634
3052,2912,484,5,1.199842538
3053,2913,485,1,4.004864905
3054,2914,485,2,21.28466662
3055,2915,485,3,28.54820848
3057,2916,486,2,36.80809171
3058,2917,487,1,52.20203452
3059,2918,487,2,3.008844361
3060,2919,487,3,16.83579212
3068,2920,488,8,8.517515756
3069,2921,488,9,50.93233441
3074,2922,489,5,2.15355902
3075,2923,489,6,8.9407475
3076,2924,489,7,74.55296139
3077,2925,489,8,9.063867237
3082,2926,490,5,25.37123911
3083,2927,490,6,6.296070778
3084,2928,490,7,2.550081059
3085,2929,490,8,4.940905531
3090,2930,491,5,18.12998832
3091,2931,491,6,48.28902526
3092,2932,491,7,5.125137081
3093,2933,491,8,10.71983934
3104,2934,492,11,4.831832052
3105,2935,492,12,11.48961592
3106,2936,492,13,18.68792791
3107,2937,492,14,11.76835319
3114,2938,493,7,6.718870923
3115,2939,493,8,4.709259199
3116,2940,493,9,7.528000953
3117,2941,493,10,8.193460968
3118,2942,493,11,13.68255541
3119,2943,493,12,14.47656614
3128,2944,494,9,24.5951832
3129,2945,494,10,20.03220945
3130,2946,494,11,17.31365519
3131,2947,494,12,5.844239977
3132,2948,494,13,14.48452165
3133,2949,494,14,16.18944251
3138,2950,495,5,29.92740608
3139,2951,495,6,11.67012445
3142,2952,496,3,65.85266802
3143,2953,496,4,31.27396395
3154,2954,497,11,3.114650401
3155,2955,497,12,4.702782144
3156,2956,497,13,7.381893472
3157,2957,497,14,5.110938229
3158,2958,497,15,2.379627909
3159,2959,497,16,2.147739954
3170,2960,498,11,4.396730822
3171,2961,498,12,4.326593406
3172,2962,498,13,6.200307936
3173,2963,498,14,3.348903564
3174,2964,498,15,17.71644944
3175,2965,498,16,12.49053448
3198,2966,499,23,9.278820503
3199,2967,499,24,15.53821654
3200,2968,499,25,13.32832886
3201,2969,499,26,18.32168025
3215,2970,500,14,15.86525678
3216,2971,500,15,26.14215413
3217,2972,500,16,14.84171563
3218,2973,500,17,4.223931531
3219,2974,500,18,7.697724135
3220,2975,500,19,7.060067359
3240,2976,501,20,1.734514498
3241,2977,501,21,3.329122519
3242,2978,501,22,4.310280341
3243,2979,501,23,8.008016724
3244,2980,501,24,4.592790443
3245,2981,501,25,0.730937979
3246,2982,501,26,0.710310189
3247,2983,501,27,4.276199175
3248,2984,501,28,2.258279122
3249,2985,501,29,3.930910249
3254,2986,502,5,5.193330467
3255,2987,502,6,10.36017425
3256,2988,502,7,13.89302571
3257,2989,502,8,24.75646328
3262,2990,503,5,5.745280306
3263,2991,503,6,6.720104941
3272,2992,504,9,4.271488769
3273,2993,504,10,3.048082692
3274,2994,504,11,4.355717236
3275,2995,504,12,4.750174949
3280,2996,505,5,11.45373567
3281,2997,505,6,8.676901345
3282,2998,505,7,1.553999907
3283,2999,505,8,2.72640231
3290,3000,506,7,11.44033319
3291,3001,506,8,10.03711385
3318,3002,507,27,2.708251385
3319,3003,507,28,2.549313626
3320,3004,507,29,3.511410633
3321,3005,507,30,2.37966441
3322,3006,507,31,0.985027264
3323,3007,507,32,2.213069893
3324,3008,507,33,1.725518481
3325,3009,507,34,2.316236039
3363,3010,510,16,8.604793069
3364,3011,510,17,3.809710039
3365,3012,510,18,2.528441111
3366,3013,510,19,4.222666232
3367,3014,510,20,2.897147681
3368,3015,510,21,3.528559948
3369,3016,510,22,5.554627025
3370,3017,510,23,0.624970025
3401,3018,512,15,9.344155347
3402,3019,512,16,10.07672128
