BS,GW,CC,FM,BS+GW,BS+CC,BS+FM,GW+CC,GW+FM,CC+FM,BS+GW+CC,BS+GW+FM,BS+CC+FM,GW+CC+FM,BS+GW+CC+FM,HRU
1,0,0,1,0,1,0,0,0,0,0,1,1,0,0,7
1,1,0,0,0,1,0,1,0,0,1,1,0,1,0,8
1,0,1,0,1,1,1,1,0,1,0,0,0,1,0,9
0,1,1,1,0,1,1,0,1,1,1,0,1,0,0,10
1,0,0,1,0,1,1,0,1,0,1,1,1,0,0,13
1,0,1,1,1,0,1,0,0,0,0,1,0,0,0,14
1,0,0,1,1,1,0,0,1,0,1,0,0,0,1,15
1,1,0,0,1,1,1,1,1,0,1,1,0,0,0,18
0,1,1,1,1,0,1,1,1,0,0,0,0,1,1,19
1,1,0,0,1,1,0,0,1,1,1,1,0,0,1,20
1,1,0,1,0,1,1,0,0,0,0,1,0,1,0,28
0,0,1,1,0,1,1,0,1,1,0,1,0,0,1,29
0,1,0,0,1,0,1,1,0,0,0,0,0,1,0,30
0,1,1,0,0,0,0,0,1,0,1,1,1,0,0,31
1,0,0,1,0,1,0,1,1,1,0,1,1,1,1,32
1,1,0,0,0,1,1,1,0,0,0,1,0,1,1,33
0,1,1,1,1,0,1,1,0,1,0,1,0,1,1,40
0,1,1,1,1,0,1,1,1,1,1,1,1,1,1,41
1,1,0,1,0,0,1,0,0,1,1,1,1,0,1,42
1,0,0,0,0,0,1,1,1,1,0,1,1,1,1,43
1,0,1,0,1,0,0,1,0,0,0,0,1,0,0,53
1,0,1,0,1,0,0,1,1,1,1,0,0,0,0,54
1,0,1,0,1,1,0,0,1,0,0,0,0,0,1,55
0,1,1,0,1,0,1,1,0,1,1,1,0,0,0,56
1,0,0,0,0,1,1,0,1,0,0,1,0,1,0,57
0,0,1,0,1,1,0,0,1,1,0,1,1,0,1,64
1,0,1,1,0,1,1,0,0,0,0,1,1,1,1,75
1,0,0,1,0,1,1,0,1,1,1,0,0,0,1,76
1,0,0,0,0,0,1,0,0,0,1,0,1,0,0,77
1,1,1,1,0,0,0,1,1,0,1,0,0,0,0,78
1,0,0,0,0,1,0,1,0,1,0,1,0,0,0,79
1,1,1,0,1,1,0,0,1,0,1,0,1,0,0,80
1,1,1,1,0,0,0,0,1,1,0,0,1,1,0,81
1,0,1,0,1,0,0,1,1,1,1,1,1,1,0,90
0,1,0,1,1,1,1,0,1,1,0,1,1,0,0,91
1,1,0,0,0,0,1,0,0,0,0,0,1,0,0,92
0,1,1,0,1,1,1,1,0,0,0,1,1,1,1,101
1,1,0,1,1,1,0,1,0,1,1,1,0,0,0,102
0,1,0,1,0,1,1,1,0,1,0,0,1,1,1,103
0,0,1,0,1,0,1,0,1,1,1,1,0,1,0,104
1,1,0,0,0,0,0,1,0,1,1,0,1,1,0,105
0,1,1,0,0,1,1,0,0,0,0,1,1,0,0,106
0,1,1,1,1,1,1,1,1,1,0,0,1,0,1,113
0,1,0,0,1,1,0,0,0,1,1,1,0,0,1,114
0,0,1,0,0,1,0,1,1,0,1,1,1,0,1,123
1,1,0,0,0,1,0,0,1,0,0,0,1,0,1,124
1,0,0,0,1,1,0,0,1,0,1,1,0,1,1,125
1,1,1,0,0,0,0,0,1,0,1,1,1,1,1,126
1,0,1,1,1,1,1,1,0,1,0,0,1,0,1,131
1,0,0,1,0,0,1,0,1,0,1,1,1,1,0,132
0,1,1,1,1,0,1,0,1,0,1,1,1,1,1,133
0,0,1,1,0,0,1,0,0,0,1,0,0,0,0,134
1,1,1,0,1,1,1,1,0,0,1,0,0,0,0,141
1,1,1,1,0,0,1,0,1,1,0,0,1,0,0,142
1,0,0,1,1,1,0,0,0,0,0,1,0,0,1,143
0,0,0,1,1,0,1,0,1,1,1,0,1,1,1,144
1,1,0,1,0,0,0,1,1,1,0,1,0,0,1,145
1,1,1,1,1,0,1,0,1,1,0,1,0,1,0,146
1,0,0,1,1,0,1,0,1,1,1,1,0,1,0,147
0,0,1,0,0,1,1,1,0,1,1,0,1,0,1,169
0,1,1,0,1,0,1,1,1,1,0,0,0,0,0,170
1,0,0,1,1,1,0,1,1,1,1,1,1,1,1,171
0,0,1,0,1,1,1,1,0,0,0,1,0,0,0,172
1,1,0,1,0,1,1,0,0,1,0,1,0,1,1,173
0,0,1,0,0,1,1,0,1,1,1,0,0,1,1,174
0,0,1,0,1,1,0,1,0,0,1,1,0,0,0,181
0,1,0,1,1,0,0,0,1,1,1,1,1,1,0,182
1,0,0,1,0,0,1,0,1,0,0,1,1,0,1,183
1,1,1,0,1,1,0,1,1,1,1,0,1,0,0,184
1,1,1,0,1,1,0,0,0,0,1,0,0,0,0,185
0,0,1,0,0,1,1,1,0,0,0,0,1,0,1,186
1,1,0,1,1,1,0,0,0,1,0,0,0,1,0,197
0,1,0,0,1,0,0,0,1,0,0,1,1,1,1,198
1,0,0,1,1,0,0,0,1,1,0,0,0,1,1,199
0,1,1,0,1,1,0,0,1,0,1,1,1,0,0,200
1,1,0,0,0,0,1,1,1,1,1,1,0,0,1,201
0,1,1,1,0,1,0,0,1,0,1,1,0,1,1,202
1,1,0,1,0,0,1,0,1,0,1,0,0,0,1,203
0,1,0,0,0,1,0,1,0,1,1,1,0,1,1,204
1,1,1,0,0,0,0,1,0,1,0,0,0,0,0,205
0,0,1,0,0,1,0,0,1,1,0,0,1,0,0,206
0,1,1,0,1,1,0,1,1,0,0,1,0,1,1,210
1,0,0,1,1,0,0,1,0,0,1,0,0,1,0,211
0,0,1,0,1,1,1,1,1,1,1,0,1,1,0,214
1,0,0,0,1,0,1,1,1,0,0,0,0,0,1,217
0,1,0,1,1,1,0,1,1,1,0,1,1,1,0,218
0,0,0,0,0,0,0,0,0,1,1,0,0,0,0,219
1,0,1,0,1,1,1,0,0,1,0,1,0,0,0,220
0,1,0,0,1,1,1,1,1,0,0,1,1,0,0,221
1,0,0,1,1,1,0,1,1,0,0,1,1,0,0,222
0,1,0,0,0,0,0,1,0,0,0,0,1,0,0,223
0,0,1,0,0,0,1,1,0,1,1,0,0,0,0,224
1,0,1,1,0,1,1,0,0,0,0,0,0,1,1,225
1,1,1,1,0,0,0,0,0,0,0,1,1,0,0,226
0,0,1,0,0,0,1,0,1,1,0,1,0,0,0,227
0,0,1,1,1,0,1,0,0,0,1,0,1,1,0,236
1,1,1,1,0,1,1,0,0,1,1,1,1,0,1,237
1,1,1,1,0,0,1,0,0,0,1,1,0,1,0,238
0,1,0,1,0,1,1,1,1,0,1,1,0,0,1,239
1,1,1,1,1,1,1,1,0,1,1,1,1,0,1,240
1,0,0,1,1,0,1,0,0,0,0,1,1,0,0,247
1,1,1,1,0,0,1,0,1,1,1,0,1,1,1,248
0,1,0,1,0,1,1,1,0,1,1,1,0,1,1,257
0,1,0,0,1,0,0,0,1,1,0,1,0,1,0,258
1,0,0,0,0,1,1,1,0,0,1,1,0,0,1,259
0,0,1,1,1,1,0,1,0,0,0,0,1,0,1,260
1,1,1,0,1,1,0,1,1,1,0,0,1,0,0,268
0,1,1,0,0,1,0,0,1,0,1,0,0,1,0,269
0,1,0,0,1,1,1,1,1,0,1,1,1,0,0,270
1,1,1,0,0,1,1,0,0,0,1,1,0,0,0,271
1,1,1,0,0,1,1,0,0,0,1,1,1,1,1,276
1,1,0,1,0,1,0,1,1,1,1,1,0,0,0,277
1,0,0,0,1,0,1,0,0,1,1,0,1,1,0,282
0,1,0,0,0,0,1,0,1,0,0,0,1,1,0,283
1,0,1,0,1,0,0,0,0,0,1,0,0,1,1,284
1,1,0,0,1,0,0,0,0,1,0,1,1,0,1,285
0,1,1,1,0,1,0,0,0,0,1,0,1,1,1,288
0,1,1,0,1,1,0,1,0,1,0,0,0,1,1,289
0,0,0,1,0,1,1,1,1,1,1,0,0,1,0,290
1,0,0,0,1,1,0,0,1,1,1,0,0,1,0,291
0,0,0,1,1,0,1,1,0,1,0,1,0,0,1,292
1,1,1,0,1,1,1,0,1,0,0,1,0,0,1,298
0,0,0,0,0,0,1,0,1,0,0,0,1,1,0,299
1,1,1,0,1,1,1,0,1,1,0,1,1,1,0,300
0,1,0,1,0,0,0,1,1,0,1,0,0,0,1,301
0,1,0,0,0,0,1,1,0,1,0,1,0,0,0,302
0,0,0,1,0,1,1,1,1,1,1,0,0,0,0,307
1,1,0,1,0,0,0,0,0,1,1,1,1,0,1,308
0,0,1,1,0,1,1,0,0,1,1,0,0,0,0,309
0,1,0,0,1,0,0,1,0,0,1,0,1,0,1,310
0,1,0,0,1,0,0,1,1,0,0,0,0,1,0,317
0,0,1,1,1,1,0,1,1,1,1,0,1,1,0,318
0,0,1,0,0,1,1,0,0,1,1,1,1,0,1,319
1,0,0,0,1,1,1,1,1,1,1,1,0,0,1,320
1,1,1,1,1,0,1,1,0,0,1,0,1,0,1,321
0,0,0,0,0,1,0,0,1,1,1,1,0,1,0,322
0,0,0,1,1,0,0,0,1,1,0,0,1,1,1,327
0,1,0,1,1,1,0,0,1,1,1,1,0,1,0,328
1,0,0,1,1,0,1,0,0,0,1,1,1,0,1,329
1,0,0,0,0,0,0,1,1,1,0,0,0,0,0,330
1,1,1,0,0,0,0,1,1,0,1,0,1,0,0,331
0,1,1,1,0,0,0,1,0,1,1,0,1,0,1,336
0,0,1,0,1,1,1,1,0,0,1,0,1,0,0,337
0,0,0,0,1,0,1,0,0,1,0,1,0,1,1,338
1,1,1,1,0,1,1,1,0,0,0,0,0,0,0,339
0,1,1,1,1,0,1,0,1,1,0,0,0,0,1,340
1,1,0,0,1,0,1,1,1,1,1,1,0,0,1,341
1,1,0,0,0,1,1,1,1,1,0,1,1,1,0,342
1,1,1,1,1,0,0,1,1,1,0,0,1,1,0,358
0,1,1,1,1,0,0,1,1,1,1,0,0,1,1,359
1,1,0,1,0,0,1,1,0,0,1,0,1,0,0,360
1,1,1,0,0,1,1,0,1,0,0,0,1,1,1,361
0,1,0,0,0,0,0,0,1,1,1,1,0,1,0,362
0,1,0,0,1,0,0,0,1,0,1,0,1,1,1,363
0,1,0,1,0,1,1,0,0,1,1,1,1,1,1,368
1,0,0,1,1,0,1,0,0,1,1,1,0,0,1,369
1,0,0,1,0,0,0,0,1,1,0,0,0,0,0,370
0,0,0,0,1,0,1,0,0,1,0,0,1,1,0,371
0,0,1,1,1,1,0,0,1,1,1,1,1,0,1,374
0,0,0,1,0,0,1,1,1,0,0,1,1,0,1,375
0,0,1,1,0,0,0,0,1,1,1,1,0,1,0,376
0,1,0,0,0,0,1,1,0,0,0,1,0,0,0,380
0,1,0,1,1,1,0,1,1,0,0,0,0,1,0,381
0,0,1,0,0,1,1,1,1,1,0,1,1,0,0,382
1,1,1,0,1,0,1,1,1,1,1,1,1,0,1,383
1,1,0,1,1,0,1,0,1,1,1,1,0,1,1,386
0,1,1,0,1,1,0,1,0,0,0,1,1,1,1,387
0,1,1,0,0,0,1,0,0,1,0,0,1,1,1,388
1,0,1,1,0,1,0,1,1,0,0,0,0,0,0,389
1,0,0,0,1,1,1,1,1,0,0,1,1,0,1,394
0,0,1,0,1,0,0,0,1,1,0,1,1,0,1,395
0,0,1,0,1,1,0,0,0,1,0,0,1,0,1,396
1,0,1,0,1,1,0,0,1,1,0,1,0,0,0,397
0,1,1,1,1,1,1,1,0,0,1,1,0,0,0,412
0,1,0,0,1,0,0,1,1,1,1,0,0,1,0,413
0,1,0,1,0,0,0,0,0,0,0,1,1,0,1,414
0,1,1,1,0,1,1,0,1,0,1,1,1,0,0,415
0,0,0,1,1,0,0,0,1,0,1,0,0,1,0,416
1,1,1,1,1,0,0,1,0,0,0,0,1,0,0,417
1,1,1,0,1,0,1,1,1,1,0,1,1,1,0,422
0,0,0,0,1,0,0,0,1,1,0,0,1,0,1,423
1,0,1,1,1,1,0,0,1,0,1,0,1,1,1,424
1,1,0,0,1,1,0,1,0,1,0,1,0,0,1,425
0,1,0,1,0,1,1,0,0,1,1,1,0,1,0,426
1,0,1,0,1,1,1,1,1,0,0,0,0,1,1,427
0,1,0,1,1,0,0,1,1,1,0,0,1,1,0,431
0,1,1,0,0,1,0,1,1,0,1,0,1,1,1,432
1,0,1,0,0,1,0,1,0,1,0,1,1,1,1,433
0,0,0,0,1,0,0,0,1,0,0,1,0,0,1,434
1,0,0,0,1,0,1,0,1,0,1,1,1,1,0,435
1,1,0,1,1,1,1,0,0,1,1,0,0,1,1,436
0,1,1,1,1,1,0,0,1,0,1,1,0,1,0,437
1,1,0,1,1,0,0,0,0,0,1,1,1,1,1,442
0,0,1,1,0,0,1,1,1,0,0,1,0,1,0,443
1,1,0,0,1,0,0,0,0,1,1,1,0,1,1,444
1,0,0,1,1,1,1,1,1,0,1,1,1,1,0,445
0,0,1,1,0,0,1,1,0,0,1,0,0,0,1,446
0,1,1,0,1,0,1,0,1,0,1,0,1,1,1,452
1,1,0,0,1,1,1,1,1,0,0,0,1,0,1,453
1,1,0,1,1,0,1,0,0,0,1,0,1,1,0,454
1,0,1,0,0,0,0,0,0,0,1,1,1,0,0,455
1,0,0,1,0,1,1,1,1,1,0,1,1,1,0,456
1,0,0,1,0,1,1,1,0,0,0,1,0,1,0,465
0,1,1,0,0,0,0,0,0,1,0,1,1,1,0,466
0,1,0,1,1,1,0,1,0,1,0,1,1,1,0,467
0,1,1,0,0,1,0,0,0,0,1,0,0,1,0,468
0,0,0,1,0,0,0,0,0,1,1,1,0,0,1,469
1,1,1,0,1,0,0,0,1,0,1,1,0,0,0,470
0,0,1,1,0,0,0,0,0,0,0,0,0,1,0,477
1,0,0,1,0,0,1,0,1,0,1,0,1,1,0,478
1,1,1,1,0,0,1,1,1,0,0,0,1,0,0,479
0,1,1,1,0,0,0,0,1,0,0,1,0,1,1,480
0,0,0,1,0,0,1,1,0,0,1,1,0,0,1,481
1,1,0,0,0,0,1,1,1,0,0,0,1,0,0,492
0,1,0,1,1,1,1,1,1,1,1,0,0,1,0,493
1,0,0,1,0,1,0,0,0,0,1,1,0,1,1,494
1,0,1,0,0,0,1,1,0,1,0,0,0,0,0,495
1,0,0,1,0,1,1,1,1,1,1,0,1,0,0,496
0,1,0,0,0,0,0,0,0,0,1,1,0,0,0,497
0,0,0,0,0,0,0,0,1,0,0,0,0,0,1,500
1,1,0,0,1,1,0,1,0,0,0,1,1,0,0,501
1,0,0,0,1,1,0,0,0,1,0,0,0,0,1,502
1,0,0,1,1,1,1,1,1,0,0,0,0,0,1,503
1,0,0,1,0,1,1,0,1,0,0,1,0,1,1,506
1,1,0,0,0,0,1,1,0,1,0,0,0,1,0,507
0,0,1,1,1,0,1,1,1,1,1,1,1,1,1,508
1,1,0,1,1,1,0,1,0,0,0,1,1,0,1,509
1,0,0,0,1,0,1,1,1,1,1,1,1,1,0,510
1,1,0,0,1,1,0,0,1,0,1,0,1,1,0,511
1,0,1,0,1,1,1,0,1,0,0,0,1,0,0,512
1,1,0,1,1,1,1,0,1,0,1,0,0,0,0,517
1,0,0,0,1,0,1,0,0,1,0,1,1,1,1,518
1,0,1,0,0,1,1,0,0,0,1,0,0,0,0,519
0,1,0,0,0,1,1,0,1,1,1,1,0,1,1,520
0,1,0,1,0,0,1,1,0,0,0,0,0,1,0,521
0,0,1,0,1,1,0,1,1,1,1,0,0,1,1,522
1,0,1,0,1,0,0,1,0,0,1,1,0,0,1,523
1,1,1,1,1,1,1,1,0,0,0,1,1,0,0,524
1,1,1,0,1,1,0,1,0,0,0,1,0,1,0,535
0,1,1,0,0,0,0,1,0,0,1,1,1,1,0,536
0,1,0,1,0,0,1,0,1,0,1,1,0,1,0,537
0,0,0,1,0,1,0,1,1,1,1,0,0,1,1,538
1,1,0,0,0,1,0,1,0,0,0,0,0,0,0,539
1,1,0,0,0,1,1,0,0,1,1,1,0,1,1,540
1,1,1,0,1,0,0,1,0,0,0,1,1,0,0,541
0,0,0,0,0,0,1,0,1,0,0,1,1,0,1,542
0,0,0,0,0,0,0,1,1,0,0,1,1,1,1,543
1,0,1,1,1,1,1,0,1,0,1,1,0,1,1,544
1,1,0,0,0,0,0,1,1,1,0,0,1,1,0,545
1,0,1,0,0,1,0,1,0,0,0,1,1,0,1,552
0,1,1,1,1,0,0,0,0,0,1,0,1,0,1,553
0,1,1,0,0,0,1,1,1,0,1,0,1,1,1,554
0,1,1,1,1,0,1,0,0,1,1,1,1,1,0,555
1,0,1,0,1,1,1,1,0,1,1,1,1,0,0,556
0,1,0,1,0,0,1,0,0,0,0,1,0,0,0,557
0,0,1,1,1,0,1,0,0,0,1,1,1,0,1,560
1,0,1,1,1,1,0,0,0,1,1,0,0,1,1,561
0,0,1,0,1,1,1,0,0,1,0,1,0,0,0,562
0,1,1,0,1,1,0,1,1,0,1,1,0,1,1,563
0,1,0,0,0,0,0,0,1,0,0,0,0,1,0,570
1,1,0,1,1,0,0,0,0,1,1,0,1,1,0,571
1,0,1,1,0,1,0,0,1,1,1,0,1,0,1,572
0,0,0,1,0,0,0,1,1,1,1,0,1,1,0,573
0,0,1,0,0,1,0,0,1,0,0,0,1,0,0,574
1,1,0,0,0,0,0,1,1,0,0,1,0,1,1,575
0,1,1,0,1,1,1,1,1,0,0,1,1,1,1,576
1,0,1,0,1,1,0,0,0,1,0,1,0,0,1,577
1,0,1,0,1,1,0,1,1,1,1,0,1,1,1,578
1,0,0,0,1,1,0,1,1,1,1,0,0,0,1,579
0,0,0,1,1,0,1,1,0,0,0,1,0,0,1,580
1,1,0,0,0,0,0,1,0,1,1,0,1,1,0,581
0,0,0,0,0,0,1,1,0,1,0,1,0,1,0,582
1,0,0,0,1,1,0,1,0,1,1,0,0,1,0,583
1,1,1,1,0,0,1,0,1,1,1,1,1,1,1,584
0,1,0,1,1,0,1,0,1,0,0,1,0,1,0,585
1,1,1,1,1,1,1,0,1,0,1,1,0,0,1,586
0,0,0,1,1,1,0,1,1,1,0,1,0,1,0,604
0,1,1,0,1,1,0,1,0,0,1,1,0,0,1,605
0,0,0,1,0,0,1,1,0,0,0,1,1,0,0,606
0,1,0,1,1,1,1,1,1,1,1,1,0,1,1,607
0,0,0,1,0,0,0,1,1,1,0,1,0,1,1,608
0,0,0,0,0,0,1,0,0,0,0,0,0,1,1,609
0,0,1,1,1,1,1,0,0,0,1,0,1,0,0,610
1,1,1,0,0,1,0,0,0,0,1,1,1,1,1,616
0,1,1,0,0,1,0,0,0,0,0,0,0,0,0,617
0,1,1,1,0,1,0,0,1,0,1,1,0,1,0,618
0,1,1,0,0,0,1,1,1,1,1,0,1,0,0,619
1,1,1,0,1,0,1,0,1,1,0,1,0,1,1,623
0,0,0,1,0,1,0,0,1,0,1,1,0,1,1,624
0,1,1,1,0,0,0,0,0,0,1,1,0,1,0,625
1,1,0,1,0,0,1,1,0,0,0,0,1,1,1,640
1,1,1,0,1,0,0,1,0,1,1,0,1,1,0,641
0,0,0,0,1,1,0,1,0,0,0,1,1,0,0,642
0,1,1,0,0,1,1,1,1,0,1,1,0,1,1,643
1,0,0,0,1,0,1,1,1,1,1,0,1,0,1,644
0,0,0,1,0,1,1,0,1,1,1,0,1,1,0,645
1,1,0,1,1,1,1,0,1,0,0,1,0,1,1,669
0,1,0,1,0,1,1,1,0,1,1,0,1,0,1,670
1,1,0,0,0,1,0,1,1,1,0,0,1,1,0,671
0,0,1,0,0,1,0,0,0,0,0,0,1,0,1,672
0,1,1,0,0,0,1,0,1,0,1,1,0,1,0,673
1,0,1,0,1,1,0,1,1,1,0,0,1,0,1,674
1,0,1,0,1,1,1,0,0,0,1,0,1,0,1,687
1,1,0,0,1,0,0,0,1,0,0,1,1,0,1,688
0,1,0,1,1,1,0,0,0,1,1,1,1,0,0,689
0,1,0,0,1,1,1,1,0,0,0,1,0,1,0,690
0,0,1,0,1,0,0,1,0,0,1,0,1,1,1,703
1,1,0,1,1,1,0,0,1,0,1,0,0,1,1,704
1,1,0,0,1,0,0,1,1,0,0,0,1,1,1,705
1,1,0,1,0,1,1,0,1,1,0,0,0,1,0,706
1,0,1,1,1,1,0,0,1,1,1,1,1,0,0,720
1,1,1,0,0,0,1,0,1,0,0,0,0,1,1,721
1,1,1,0,1,0,0,1,0,1,0,1,1,0,0,722
1,0,1,0,1,1,1,1,1,1,1,0,1,1,1,723
1,0,0,0,0,1,1,1,1,0,0,1,1,1,0,724
0,1,1,0,0,0,1,1,0,0,0,1,0,0,0,725
0,1,0,1,0,1,1,0,1,0,1,1,1,0,1,726
1,1,1,1,0,1,0,0,1,0,1,1,0,1,1,727
1,0,1,1,0,1,0,0,1,1,1,0,1,0,1,741
1,0,0,0,0,0,0,0,0,1,1,0,1,0,0,742
1,1,1,0,1,1,1,0,1,1,0,0,0,0,1,743
0,1,1,1,1,1,0,1,1,1,0,1,1,0,1,744
0,0,1,1,1,0,0,0,0,1,1,0,1,1,1,745
0,0,0,0,1,0,0,1,1,0,0,1,0,0,0,746
0,1,1,1,1,0,0,0,1,1,0,1,0,1,0,754
0,0,1,1,1,1,1,1,0,1,0,1,1,0,0,755
0,0,1,0,0,1,0,0,1,1,0,1,0,1,0,756
1,1,0,0,0,1,0,1,1,0,1,1,1,0,0,757
1,0,1,1,1,1,1,0,1,1,0,1,1,0,1,767
0,1,0,0,1,0,0,1,1,1,0,0,1,1,0,768
1,0,0,0,0,1,0,1,0,1,1,0,1,0,0,769
1,0,1,1,0,1,1,0,0,0,0,0,0,0,1,770
1,0,0,0,1,0,0,0,0,1,0,0,0,1,0,771
0,0,0,0,1,0,1,1,1,1,0,0,1,1,0,772
0,1,0,0,1,0,1,0,1,1,1,0,0,1,0,781
0,0,1,0,1,0,1,0,0,1,1,0,1,0,1,782
0,0,0,1,0,0,1,1,1,0,1,0,1,0,1,783
1,0,1,1,1,1,1,1,1,0,1,1,0,0,0,784
0,0,1,1,1,1,1,1,0,0,0,0,1,1,0,785
0,0,1,0,0,1,0,0,0,1,0,0,0,1,0,786
1,0,0,1,0,0,0,1,0,0,0,1,1,1,1,794
0,0,0,0,1,1,1,0,0,0,0,1,0,1,0,795
1,0,0,1,0,1,0,1,0,1,1,0,0,0,0,796
0,0,1,0,1,0,0,1,0,1,0,1,1,0,1,797
1,0,1,1,0,1,1,0,1,1,1,1,0,1,0,798
1,1,0,1,0,0,0,0,1,0,0,0,0,0,1,799
1,1,0,1,0,1,1,1,0,1,0,1,0,1,0,800
0,0,1,1,0,1,1,0,0,1,1,1,1,0,1,801
1,0,1,0,1,1,1,1,1,0,0,0,1,0,1,802
1,0,1,0,1,0,1,1,1,1,0,0,1,1,0,803
1,0,1,1,0,0,1,0,1,1,1,1,1,0,1,804
0,1,1,1,1,1,1,1,1,1,0,0,0,1,1,805
0,0,1,0,0,0,0,0,0,0,1,0,0,1,1,806
0,0,1,0,1,1,1,1,1,1,1,1,1,1,0,807
0,0,0,0,0,0,1,1,1,0,0,0,1,1,1,808
1,0,0,0,0,1,1,1,1,1,0,1,0,0,1,809
1,0,1,1,1,1,0,1,0,0,0,1,1,1,0,810
0,1,1,1,1,1,0,0,1,1,0,0,1,0,0,811
0,1,1,0,0,0,0,1,1,0,1,1,0,1,1,812
0,0,0,1,0,1,1,1,1,0,1,0,1,1,0,813
0,1,1,1,0,0,1,1,0,0,0,1,1,1,0,814
1,1,0,0,1,0,1,0,0,1,1,1,0,0,0,815
1,1,1,0,1,1,1,1,0,0,0,0,1,1,1,816
1,1,0,0,0,0,1,0,1,0,0,1,0,0,1,817
0,0,1,1,1,1,0,1,0,0,1,0,0,1,1,818
0,0,0,1,0,1,0,0,0,0,1,1,0,0,1,819
1,0,0,0,1,1,1,0,1,0,1,1,1,1,1,822
0,1,1,1,0,0,1,1,1,0,0,0,1,1,0,823
0,1,0,0,0,0,1,0,1,0,1,0,0,0,1,828
1,0,1,0,1,1,0,1,0,1,0,0,1,0,0,829
1,0,1,0,0,1,1,1,0,1,1,0,1,0,1,830
1,0,1,1,0,0,1,0,0,1,0,0,1,0,1,831
0,0,0,0,1,1,0,1,0,1,1,0,0,1,0,832
1,0,1,0,0,1,1,0,1,0,0,0,0,0,0,833
1,1,0,1,1,1,0,0,1,0,1,0,1,1,1,840
1,1,1,1,0,0,0,0,0,1,0,1,0,1,1,841
1,0,0,0,1,1,0,1,1,0,1,1,1,1,1,842
1,1,1,0,1,0,0,0,0,1,0,1,0,0,0,843
0,1,0,0,0,0,1,1,0,0,0,1,0,1,1,844
0,0,0,0,1,0,0,1,1,0,1,1,0,1,1,851
0,0,0,1,1,0,0,1,1,1,1,0,0,1,1,852
1,1,1,0,1,1,1,1,1,1,1,1,1,0,0,853
0,1,1,0,0,1,0,0,1,0,0,0,1,0,0,854
0,1,0,1,1,0,0,0,0,1,0,1,0,1,1,855
0,0,0,1,0,0,1,1,0,0,0,1,0,0,0,856
1,1,1,1,1,0,0,1,1,1,1,0,0,1,1,857
0,0,1,1,1,0,0,1,0,1,1,1,1,1,1,858
0,0,0,1,1,1,0,0,0,1,1,1,0,1,0,859
0,1,0,1,0,0,1,0,1,0,0,0,1,0,1,860
0,1,1,0,0,1,1,1,1,1,0,0,0,0,1,861
0,1,1,1,0,0,0,1,0,0,0,0,0,0,1,862
0,1,1,1,1,1,0,0,1,1,0,0,1,0,1,863
1,1,1,1,0,0,1,1,0,0,0,1,0,0,1,864
0,1,0,1,0,1,1,0,1,1,1,1,1,1,1,865
1,0,0,1,0,0,1,0,1,0,0,0,0,1,1,866
0,1,1,0,1,0,0,0,1,0,0,1,0,1,1,867
0,0,1,1,1,1,0,0,1,0,1,1,0,1,1,868
0,1,1,0,0,1,1,0,0,0,0,0,0,0,0,869
1,0,1,1,0,0,1,1,1,0,1,0,1,1,1,870
0,1,1,0,0,1,1,1,1,0,0,1,1,1,1,872
0,1,0,0,1,1,1,1,0,0,1,0,0,1,0,873
1,1,1,0,1,1,1,1,0,1,0,1,1,1,0,874
0,0,1,1,1,1,1,1,0,0,0,1,1,0,1,875
1,0,1,1,1,1,0,0,0,1,1,1,0,0,1,876
1,0,0,0,0,0,0,1,0,0,1,1,1,0,0,877
1,1,0,0,0,0,1,1,0,0,1,1,0,0,1,878
1,1,0,1,0,0,1,0,0,1,0,0,1,1,1,888
1,0,1,1,0,0,0,0,1,0,1,0,0,1,1,889
1,1,1,0,1,0,0,1,0,0,0,1,1,1,1,890
1,1,1,1,0,1,1,1,0,0,1,0,0,1,1,891
1,0,1,1,1,0,0,0,1,1,1,0,0,1,0,892
1,0,1,1,0,1,0,1,1,0,0,0,1,1,1,895
0,0,0,1,1,1,0,0,1,0,0,1,1,1,0,896
1,1,0,1,1,1,0,0,1,0,1,0,0,0,1,897
0,1,0,0,0,1,1,1,0,1,1,0,0,0,0,898
0,0,1,0,1,1,0,1,1,0,0,1,0,0,0,905
1,1,1,0,0,1,0,0,0,0,1,0,0,0,1,906
1,1,1,1,0,0,0,0,1,1,0,0,1,0,0,911
1,1,0,1,1,1,0,0,1,0,0,1,1,0,0,912
0,1,0,1,0,0,0,0,0,0,0,1,0,0,0,913
0,1,0,1,0,1,0,0,1,1,1,1,0,1,1,914
0,1,1,0,0,1,1,1,0,1,1,1,1,0,0,917
1,0,1,1,1,0,1,1,1,0,1,0,1,1,1,918
1,1,0,0,1,0,1,1,1,1,0,1,1,1,1,925
0,0,0,1,0,1,1,1,1,1,1,0,1,1,1,926
0,0,0,1,0,0,1,1,1,0,1,0,0,0,0,927
0,0,1,0,0,0,1,1,0,0,1,0,1,0,1,928
0,1,0,1,1,1,0,1,1,0,1,0,1,0,0,929
0,0,0,1,1,0,0,0,0,1,0,1,0,1,0,930
1,0,0,1,1,1,0,1,1,1,0,1,1,1,1,937
0,0,0,0,0,1,1,0,1,0,1,1,0,1,1,938
0,0,1,1,0,0,1,0,0,0,1,0,0,0,1,939
0,1,1,0,0,0,0,1,0,0,0,0,1,0,1,940
1,1,1,0,0,1,0,1,0,0,0,1,0,0,0,941
0,0,0,0,1,1,1,0,1,0,0,1,1,1,0,942
1,0,0,0,1,1,1,1,0,0,1,0,0,1,1,949
0,0,0,1,0,0,0,1,1,1,0,0,0,1,0,950
1,1,1,0,1,1,0,1,0,0,1,1,0,0,1,951
1,0,1,0,1,1,0,0,1,0,1,0,1,1,1,952
0,1,1,0,0,1,0,0,1,1,0,1,1,1,0,953
0,1,0,1,1,1,0,0,0,1,0,0,0,1,0,958
1,0,0,0,1,1,0,1,1,0,0,1,0,1,1,959
0,0,0,0,0,0,0,0,0,0,1,1,0,1,0,960
0,0,0,1,1,0,0,1,0,0,0,0,0,1,1,961
1,0,0,1,1,1,1,0,1,1,0,1,0,1,0,962
0,1,0,1,1,0,1,0,1,1,0,1,1,0,1,971
0,1,1,1,1,0,1,1,1,1,1,1,1,0,0,972
1,0,0,0,1,0,0,0,0,1,0,1,1,0,0,973
1,0,1,1,1,0,0,0,1,0,0,0,0,1,0,974
1,0,1,1,1,0,1,0,0,1,1,1,0,1,1,975
1,1,0,1,1,0,0,1,0,1,0,0,0,0,0,976
1,1,0,1,0,0,0,1,0,0,1,0,0,1,0,977
1,1,0,0,0,1,0,1,1,0,0,0,0,0,1,978
0,0,1,1,0,1,1,0,1,1,1,0,1,0,0,989
1,0,0,1,1,1,0,1,1,1,1,0,1,1,1,990
0,1,0,1,1,0,1,1,1,0,0,0,0,1,1,991
0,1,1,0,0,0,1,0,1,0,0,0,0,1,1,992
1,0,1,0,1,1,0,1,1,1,1,0,1,1,1,993
1,1,0,1,1,0,0,0,0,1,0,0,0,1,1,994
0,0,0,0,0,0,1,0,1,0,1,0,1,0,1,995
0,0,0,0,1,0,1,0,0,0,1,1,1,0,1,996
0,0,0,0,1,1,0,0,1,1,0,1,0,1,0,1003
1,0,0,1,0,1,1,1,1,1,0,1,0,0,1,1004
0,1,1,1,0,0,0,0,1,0,1,0,1,0,0,1005
0,1,0,0,1,1,1,0,0,0,0,0,0,0,0,1006
0,0,1,0,1,1,0,1,0,1,0,1,1,1,0,1007
1,0,1,1,1,1,1,0,1,1,0,0,1,1,0,1008
0,0,1,0,0,0,0,1,0,1,0,1,1,1,0,1011
1,0,1,0,0,1,0,1,1,0,0,1,0,0,1,1012
1,0,1,0,0,0,1,0,1,1,0,0,0,1,0,1013
1,1,0,0,0,0,0,0,1,1,0,1,1,1,1,1014
1,1,1,0,0,0,1,1,1,1,1,0,1,1,0,1015
1,0,1,0,0,1,0,1,0,1,0,0,1,0,1,1022
1,0,0,0,0,0,0,1,0,0,1,1,1,0,1,1023
0,0,1,0,0,1,0,1,1,1,1,1,1,1,0,1024
1,0,1,1,0,0,1,1,0,0,1,1,1,1,1,1025
0,0,1,1,1,1,0,1,1,0,1,0,1,1,1,1026
0,1,1,0,1,1,1,0,0,1,0,0,1,1,1,1027
1,1,0,1,0,1,1,1,1,1,1,0,0,1,0,1032
1,1,1,1,1,0,1,1,1,0,0,0,0,0,0,1033
0,1,0,1,1,0,1,1,0,0,0,0,0,0,0,1034
1,0,1,1,1,1,1,1,0,1,0,1,1,1,1,1035
0,1,1,0,0,1,0,1,1,0,1,0,1,1,1,1036
0,0,1,1,0,1,1,1,0,0,1,0,1,0,1,1039
1,0,0,1,1,0,1,1,1,1,1,1,1,1,1,1040
1,0,1,0,1,0,1,1,0,1,1,0,1,0,1,1041
0,0,0,0,1,0,0,0,1,1,0,1,1,0,1,1042
0,0,0,1,0,1,0,1,1,1,1,0,1,1,1,1043
0,1,1,0,1,0,0,0,0,1,0,0,1,1,0,1052
1,0,1,1,1,1,1,0,0,1,1,0,0,1,1,1053
0,1,0,0,1,0,0,1,1,0,0,0,1,1,0,1054
1,0,0,1,1,0,0,1,1,1,1,1,0,0,0,1055
0,0,1,1,0,1,0,1,0,0,1,0,1,1,1,1060
1,0,1,1,0,1,0,0,1,1,0,1,0,1,0,1061
0,1,0,1,0,1,0,1,0,1,1,0,0,0,0,1062
0,0,0,0,0,1,1,0,1,0,1,1,1,0,1,1063
1,1,1,0,1,1,0,1,0,0,0,1,0,1,1,1064
1,1,1,1,1,1,0,1,1,0,0,1,1,1,0,1071
0,0,0,1,1,1,1,1,0,0,0,0,0,1,1,1072
1,1,0,1,1,1,0,1,1,0,0,0,1,1,1,1073
0,0,1,0,0,1,1,1,0,0,1,0,1,1,1,1074
1,1,1,1,0,1,1,0,1,1,1,0,0,1,0,1079
0,0,0,1,1,0,1,1,0,0,1,1,1,0,1,1080
1,0,0,0,0,1,1,1,0,0,0,0,1,1,1,1081
1,0,0,0,1,1,1,0,0,1,0,1,0,0,0,1082
0,1,0,0,1,0,1,0,0,1,0,0,1,0,0,1097
0,1,1,1,0,1,0,0,0,0,1,1,0,1,0,1098
0,1,0,0,1,0,0,0,1,0,0,1,1,1,0,1099
1,0,0,1,1,1,0,0,0,0,1,0,0,1,0,1100
0,0,1,1,0,1,0,0,0,0,0,1,1,1,0,1101
1,0,1,0,0,1,1,1,0,0,0,1,0,1,0,1102
0,1,0,0,1,0,1,0,1,0,1,0,0,0,0,1103
0,1,0,0,1,1,0,1,1,0,0,0,0,0,0,1107
1,0,0,1,1,0,1,0,0,0,0,1,1,0,1,1108
0,0,0,1,0,0,0,1,0,0,1,1,0,0,1,1109
1,1,0,0,1,0,1,1,0,1,0,0,0,1,1,1110
0,0,1,1,0,1,0,0,0,1,1,1,1,0,0,1114
0,0,0,0,0,0,1,0,0,0,1,1,0,1,0,1115
1,1,1,0,1,0,0,1,1,0,0,0,0,0,0,1116
1,1,1,0,0,1,1,0,1,1,0,1,0,0,0,1117
1,1,1,1,0,1,1,0,0,1,0,0,1,1,1,1118
0,1,1,1,1,1,1,0,1,0,1,1,1,1,1,1119
0,0,0,1,0,0,0,0,0,1,0,0,1,1,1,1120
0,0,0,1,0,0,1,0,0,0,0,1,1,0,1,1121
1,0,0,0,0,0,0,1,1,1,0,1,1,1,1,1122
1,1,0,1,0,0,1,0,0,1,1,0,1,0,1,1123
0,1,0,1,0,1,1,0,0,1,0,0,1,0,0,1124
0,0,1,0,0,1,0,0,0,1,1,0,0,0,1,1125
1,0,0,1,0,1,1,1,0,0,0,0,1,0,1,1126
0,0,1,0,1,0,0,1,0,0,1,0,0,0,1,1127
1,0,1,0,1,1,1,1,1,1,1,0,0,0,0,1128
1,1,1,1,0,0,1,0,1,0,1,0,0,0,0,1129
0,0,1,0,0,1,1,1,0,0,0,1,1,0,1,1130
0,0,1,1,0,0,0,0,1,1,1,0,0,1,1,1131
0,0,1,0,1,0,0,1,1,0,1,1,0,1,0,1132
0,0,1,1,1,1,1,0,1,1,0,1,0,1,1,1133
0,0,1,1,1,0,1,0,1,1,1,0,0,0,1,1134
0,0,1,0,0,1,1,0,0,1,1,1,1,0,1,1135
1,1,1,1,1,0,0,1,1,0,1,1,1,0,0,1136
0,0,0,0,0,1,1,0,1,1,0,0,0,0,1,1137
1,0,1,1,1,0,1,1,0,1,0,1,1,1,1,1138
0,0,1,0,0,1,0,0,0,1,0,0,0,1,0,1139
0,1,0,1,1,0,0,0,0,1,1,1,1,0,0,1140
0,1,1,0,0,0,1,1,1,0,0,0,0,1,1,1141
0,1,0,0,0,0,1,1,1,0,1,1,1,1,1,1142
0,0,0,1,1,1,0,1,1,1,0,0,0,1,0,1143
1,1,0,1,0,0,1,1,1,1,0,0,0,0,0,1144
1,0,1,1,0,1,1,1,0,1,0,1,0,1,0,1145
1,0,1,0,0,1,1,0,1,0,1,1,0,1,0,1146
0,0,1,1,0,0,1,0,0,1,0,0,0,0,1,1147
0,0,1,1,1,1,1,0,1,0,1,1,1,0,1,1148
1,0,0,0,1,1,0,1,1,0,0,0,1,1,0,1149
0,1,1,1,1,0,0,0,1,1,1,1,1,1,0,1150
1,0,0,0,0,1,1,0,0,1,1,1,1,0,1,1151
1,0,0,1,1,1,0,0,1,1,1,1,1,1,0,1152
0,0,0,0,0,1,0,1,0,0,0,1,0,1,0,1153
0,0,1,0,1,0,1,1,1,0,1,1,1,0,1,1154
1,1,1,1,0,0,1,0,1,0,0,0,1,1,1,1155
1,1,0,0,0,1,1,0,1,1,1,0,0,0,0,1156
0,1,0,0,0,1,0,0,0,1,1,1,0,0,1,1157
0,1,1,1,0,0,1,0,0,0,0,1,1,0,1,1158
0,0,1,1,1,0,0,0,0,1,1,1,1,1,1,1159
1,0,1,1,0,0,1,0,0,0,0,1,1,0,1,1160
0,0,0,1,0,0,0,0,1,0,1,1,1,0,0,1161
1,1,1,0,0,1,1,0,1,1,1,0,0,1,0,1162
0,1,0,0,1,1,1,1,0,1,1,1,0,0,0,1163
1,0,0,0,1,1,0,0,0,1,0,1,1,1,0,1164
0,0,0,0,1,1,1,1,1,0,1,0,1,1,0,1165
1,0,1,0,0,0,0,0,0,0,1,1,1,1,0,1166
1,0,0,1,0,1,0,0,0,0,1,0,1,0,1,1167
0,0,0,1,1,0,0,1,0,1,1,1,1,0,1,1168
1,1,1,0,1,1,1,1,0,1,1,1,0,0,1,1169
0,0,0,0,0,0,1,1,1,1,1,0,0,0,0,1171
0,0,1,1,1,1,0,0,1,0,1,1,0,0,1,1172
0,1,1,0,0,1,0,1,0,1,1,1,0,0,1,1173
1,0,0,0,0,0,0,0,1,1,1,0,1,0,0,1174
1,1,1,0,1,0,1,0,0,0,1,0,0,1,0,1179
0,1,1,1,0,1,0,0,1,1,1,0,0,0,0,1180
0,0,1,1,0,0,0,1,1,0,1,1,1,0,0,1181
0,1,0,1,0,1,1,0,0,0,1,0,1,0,1,1182
0,0,0,1,0,0,1,0,0,1,0,0,0,1,0,1187
0,1,0,0,1,0,0,0,0,0,0,1,1,1,0,1188
0,1,0,0,1,0,0,1,1,0,1,1,0,0,1,1189
1,1,0,1,0,0,1,1,0,1,0,1,1,1,1,1190
0,0,1,1,1,0,0,1,1,0,1,0,0,0,1,1191
1,0,0,1,1,0,1,1,0,0,0,1,0,1,1,1202
0,0,0,0,0,1,1,0,0,0,0,1,0,1,0,1203
0,1,0,1,0,0,1,0,0,1,0,0,0,0,1,1204
1,0,0,1,0,0,1,0,1,0,1,0,0,1,0,1205
0,0,1,0,1,1,1,1,0,0,0,1,1,1,0,1214
0,0,1,1,0,0,0,1,0,0,0,0,0,0,0,1215
1,1,0,1,1,0,0,0,0,0,0,1,0,1,0,1216
0,0,0,0,1,0,1,1,1,1,0,1,0,0,0,1217
1,1,0,0,1,1,0,1,1,1,1,1,1,1,0,1218
1,1,1,0,0,0,0,0,1,1,0,1,1,1,1,1219
1,0,0,0,0,1,0,1,1,0,0,1,0,1,1,1224
1,0,0,0,1,0,1,0,0,1,1,0,0,0,0,1225
1,0,0,0,1,1,0,0,1,0,1,0,1,1,1,1226
1,1,1,1,0,0,0,0,0,0,0,1,1,1,1,1227
0,0,0,0,0,1,0,1,1,0,1,1,0,0,1,1232
1,0,1,1,1,1,1,0,0,0,0,0,0,0,0,1233
0,1,1,0,0,0,0,1,0,1,0,1,1,1,1,1234
1,0,0,0,1,0,1,1,0,1,0,0,0,1,1,1235
1,1,0,1,1,0,1,0,0,0,0,0,0,1,0,1240
0,1,1,1,1,1,1,1,0,1,1,1,0,1,0,1241
1,1,0,1,0,1,1,0,1,1,1,0,1,0,1,1242
1,0,1,1,0,0,0,0,0,1,0,0,0,1,1,1243
1,1,1,1,1,0,0,0,0,0,1,1,1,0,1,1244
0,1,0,0,0,1,0,1,1,1,0,0,1,1,0,1249
0,0,0,1,0,0,1,0,0,0,1,1,1,0,1,1250
0,1,0,0,0,0,1,0,1,0,1,1,0,0,0,1251
0,0,1,1,0,0,0,1,1,0,0,1,1,1,1,1252
0,1,1,1,0,0,1,1,1,1,1,1,0,0,0,1253
0,0,0,0,1,1,0,0,0,0,1,1,1,0,0,1260
1,0,1,0,0,1,1,1,1,1,1,1,0,0,1,1261
0,1,1,0,0,1,1,1,0,0,1,1,1,1,0,1262
1,0,0,0,1,1,0,1,1,0,0,1,1,0,1,1263
0,1,0,0,1,0,0,0,1,1,1,0,0,1,1,1264
1,1,0,0,1,0,0,0,1,1,1,0,1,0,0,1265
0,1,1,0,1,0,1,1,1,0,1,1,1,0,0,1266
0,1,1,1,1,1,1,0,0,1,1,0,1,1,1,1267
1,1,0,0,0,0,0,1,1,0,1,1,0,0,1,1272
0,0,1,1,0,1,0,0,0,0,1,0,0,0,1,1273
1,0,1,1,1,0,1,0,1,1,0,1,0,1,0,1274
0,0,1,0,1,1,1,0,0,0,0,0,0,1,1,1275
0,1,1,0,1,1,0,1,1,0,1,0,1,0,1,1278
1,0,0,1,0,1,0,0,1,1,0,0,0,0,1,1279
0,1,0,0,1,1,0,0,1,1,0,0,1,0,0,1284
1,1,1,1,1,1,1,1,1,0,0,1,1,1,1,1285
0,1,0,0,1,0,0,1,1,1,0,0,0,1,0,1286
0,1,0,1,1,0,0,1,1,0,0,1,0,0,1,1287
1,0,1,0,1,0,0,0,0,0,1,0,0,1,1,1294
1,0,1,0,1,0,1,0,0,1,1,1,1,0,0,1295
1,0,1,1,1,0,0,1,1,1,0,1,1,0,0,1296
0,1,1,1,0,0,0,1,1,0,1,1,1,1,1,1297
0,0,1,0,0,1,0,0,1,0,1,0,0,1,0,1298
0,1,1,1,0,0,1,1,0,0,1,0,0,0,0,1299
0,1,0,1,0,0,0,0,0,0,1,1,0,0,0,1300
0,0,1,0,1,1,1,1,1,1,1,0,1,0,1,1301
0,0,1,0,1,0,0,1,0,1,1,1,1,0,1,1302
0,1,0,1,0,1,0,0,0,1,1,0,0,0,1,1303
1,0,0,0,1,0,0,1,0,1,1,1,1,1,0,1304
0,0,0,1,0,1,0,0,1,0,1,0,0,1,0,1305
1,0,1,0,0,0,0,0,1,0,1,1,1,1,0,1306
1,1,0,1,0,0,0,1,0,0,0,0,1,1,0,1307
1,1,1,0,0,1,1,1,0,0,0,1,0,1,0,1308
1,1,1,1,1,1,0,1,0,0,0,1,1,1,0,1309
0,1,1,1,0,0,1,0,1,0,1,0,1,0,0,1310
1,1,1,0,0,1,1,1,0,0,1,0,0,1,0,1311
0,0,0,1,1,0,1,0,1,0,1,1,0,0,0,1312
0,0,1,0,0,1,0,0,0,0,1,0,0,1,1,1313
1,1,0,1,1,1,1,0,0,1,1,1,0,1,1,1314
1,1,0,1,0,0,0,1,1,0,1,1,0,0,0,1315
1,1,0,0,1,1,1,1,1,1,1,1,0,1,0,1316
1,1,1,0,0,0,1,1,0,1,1,1,1,0,0,1317
1,0,1,0,1,1,0,1,0,1,1,0,1,1,1,1318
1,0,0,1,0,1,1,1,1,1,1,0,0,1,0,1319
1,1,0,1,1,1,1,1,1,1,0,0,1,0,0,1320
0,1,0,0,0,0,1,0,1,0,0,1,1,0,0,1321
1,1,0,0,0,1,1,1,0,1,0,1,1,0,1,1322
1,1,0,1,0,0,1,1,0,1,1,0,0,1,1,1323
1,0,1,1,1,0,0,1,0,1,0,0,1,1,0,1337
0,0,1,0,0,0,1,1,1,1,1,0,1,1,1,1338
0,1,0,1,0,0,1,0,0,0,0,1,0,1,0,1339
0,1,0,0,0,1,0,1,0,0,0,1,1,0,0,1340
0,0,0,0,0,1,0,1,1,0,1,1,0,1,1,1341
0,0,1,0,0,1,0,0,1,0,1,0,0,1,0,1342
0,0,1,1,0,1,1,0,1,0,1,0,1,0,0,1345
1,1,1,1,1,1,0,1,1,1,1,0,0,0,1,1346
1,1,0,0,0,1,1,0,0,0,1,1,0,0,1,1355
1,1,0,0,1,0,1,1,0,1,1,1,0,1,1,1356
1,0,1,0,0,1,1,0,1,0,1,1,0,1,0,1357
1,1,1,1,1,1,0,1,0,1,0,1,0,0,1,1358
1,1,1,0,0,0,0,1,0,0,0,1,1,0,1,1359
1,0,1,1,1,0,1,1,0,0,1,0,0,1,0,1360
0,0,0,1,1,1,1,1,1,0,0,1,1,1,1,1361
1,0,0,0,0,0,1,1,0,1,0,0,1,1,0,1362
0,0,0,0,0,0,1,0,1,1,1,1,1,0,0,1363
1,0,1,0,1,1,1,1,1,0,0,1,0,1,1,1364
1,1,1,1,0,0,1,0,0,1,1,1,1,0,1,1365
0,0,1,1,0,1,1,1,1,0,1,1,1,1,0,1366
1,1,1,0,0,0,1,1,0,1,0,0,1,0,0,1367
1,1,0,0,0,0,0,1,0,0,0,0,1,0,0,1368
1,0,0,1,1,0,1,1,0,1,1,0,1,0,0,1369
1,1,1,1,1,1,0,0,1,0,1,1,1,1,0,1370
0,1,1,1,0,1,0,1,0,1,0,1,1,0,0,1371
0,0,1,1,1,0,1,1,1,0,0,1,1,1,1,1372
0,0,0,0,0,1,0,0,0,0,1,1,1,1,1,1373
0,1,0,1,0,0,1,0,0,1,0,1,0,0,0,1374
1,1,1,0,0,0,1,1,0,0,1,0,1,1,0,1375
1,1,1,1,1,0,1,1,0,0,0,1,0,0,0,1376
1,1,1,1,0,0,0,0,1,0,1,0,1,0,0,1377
1,1,1,0,1,0,1,1,0,1,1,0,1,1,0,1378
1,1,0,1,1,1,0,1,0,1,0,1,0,0,1,1379
0,0,0,0,0,1,0,0,0,1,1,0,1,1,1,1380
0,0,1,1,1,1,0,0,0,0,0,1,0,0,1,1381
0,0,1,0,1,0,1,1,0,0,1,0,0,0,0,1382
1,1,1,1,0,1,0,0,0,0,1,0,0,1,1,1383
1,0,0,0,1,1,1,0,0,1,1,0,0,0,0,1384
1,1,1,0,0,1,0,0,1,1,0,1,1,1,1,1385
1,0,0,1,1,1,1,1,0,1,1,1,1,0,0,1386
0,1,0,1,0,1,0,0,1,1,1,1,0,1,1,1387
0,1,0,0,1,1,0,1,1,1,0,1,1,0,1,1388
1,1,0,1,1,1,1,0,1,0,0,1,0,0,0,1389
0,1,0,1,1,1,0,1,0,1,0,0,0,1,1,1390
0,1,1,0,0,1,0,1,1,0,1,1,0,1,1,1391
1,1,1,0,0,0,0,0,0,1,0,1,1,1,1,1392
0,1,1,0,0,0,0,1,1,1,1,1,0,1,1,1393
0,1,1,1,1,1,0,1,0,0,1,1,0,0,1,1394
0,1,1,0,0,0,0,1,1,1,1,0,1,0,0,1395
0,1,1,0,1,0,1,0,1,0,0,0,1,1,1,1396
1,1,1,0,1,0,1,1,1,1,1,0,0,1,1,1397
0,1,0,1,1,0,1,0,1,0,0,1,0,1,1,1398
0,1,1,0,1,1,1,0,0,1,1,0,1,0,0,1399
0,0,1,1,1,1,1,1,1,1,0,1,1,0,0,1400
0,1,1,0,0,0,1,0,1,1,0,1,0,0,1,1401
0,0,1,1,1,1,1,1,0,0,0,1,0,0,1,1402
1,1,0,0,1,0,1,0,1,0,0,0,1,0,1,1403
1,1,1,1,0,1,0,0,0,0,1,0,1,1,0,1404
0,1,0,0,1,1,0,0,1,1,1,0,0,0,1,1405
1,1,1,1,0,0,1,1,1,0,0,1,1,0,1,1406
1,0,0,0,0,1,1,1,0,0,0,0,1,0,1,1407
0,1,1,1,1,0,0,0,0,1,0,1,0,1,1,1408
0,0,0,1,0,0,0,1,0,1,1,0,1,1,1,1409
0,1,1,1,1,1,1,0,0,1,0,0,0,1,0,1410
0,1,1,0,1,1,0,0,1,1,0,1,1,1,0,1411
0,0,1,1,1,1,0,1,1,1,1,1,1,0,0,1412
1,0,0,0,1,0,0,0,1,0,0,0,0,0,0,1413
1,0,0,0,0,0,1,0,1,0,0,1,0,0,1,1414
0,0,1,1,0,1,1,0,1,1,0,0,1,0,1,1415
0,1,0,0,1,0,0,1,0,1,0,1,0,1,1,1416
0,0,0,0,0,0,1,0,1,0,0,0,0,0,0,1417
1,0,1,1,0,1,1,0,1,0,1,1,1,1,0,1418
1,1,0,1,0,0,1,0,0,0,1,0,0,1,1,1419
1,0,1,0,0,0,0,0,0,1,0,0,1,1,0,1420
1,0,0,1,1,1,0,1,1,0,0,0,0,0,0,1421
1,1,0,1,1,1,1,0,1,1,1,1,1,1,0,1422
0,1,1,1,0,0,0,1,0,0,0,1,0,0,1,1423
1,0,1,1,0,1,0,1,1,1,1,0,1,0,1,1424
1,0,1,0,0,0,0,0,0,1,1,0,1,1,1,1425
1,0,0,1,1,1,1,1,0,0,1,0,0,1,1,1426
0,1,1,0,1,0,1,1,0,1,0,0,1,0,0,1429
1,1,0,1,1,0,1,1,1,1,1,0,0,1,1,1430
0,0,0,0,1,0,0,0,1,0,0,1,0,1,0,1431
0,1,1,1,0,0,0,1,0,1,0,1,0,0,0,1432
0,0,1,1,1,0,1,0,1,1,0,1,1,0,0,1433
1,0,0,1,1,0,1,1,1,1,1,0,0,0,1,1434
1,0,0,0,0,1,1,1,1,0,1,1,0,0,1,1435
0,0,1,1,1,0,0,1,1,1,0,0,0,0,0,1441
1,1,0,1,0,1,0,0,1,0,0,0,1,1,0,1442
0,1,0,1,0,0,0,1,0,1,0,1,1,0,0,1443
0,0,1,0,1,0,0,0,1,0,0,0,0,0,0,1444
0,1,0,1,0,1,0,1,1,0,1,1,1,0,0,1445
1,0,1,1,0,0,0,0,0,0,0,1,0,0,1,1446
0,1,0,0,0,0,0,1,0,1,1,0,1,1,1,1447
1,0,1,0,1,0,1,0,1,0,0,0,1,1,1,1448
0,0,1,0,1,1,1,1,1,1,1,1,0,1,0,1449
0,0,1,1,1,1,1,0,1,1,1,0,0,1,1,1450
0,0,0,1,1,0,1,0,0,0,0,1,1,1,1,1467
0,0,0,0,1,0,1,0,1,0,0,1,0,0,0,1468
0,0,1,0,1,0,1,1,1,1,0,1,0,1,0,1469
0,1,1,0,1,1,1,1,0,1,0,1,1,0,1,1470
0,0,0,0,0,0,0,0,0,1,1,1,0,0,0,1471
1,0,0,1,1,1,0,0,1,1,1,1,1,0,1,1472
1,1,1,1,0,1,0,0,1,0,1,1,0,1,0,1473
0,1,1,0,0,0,1,1,1,1,1,1,0,1,1,1474
0,1,0,1,0,0,0,0,1,1,0,0,0,1,0,1475
1,1,0,0,0,1,1,1,1,1,0,0,1,1,1,1476
0,1,0,0,0,1,1,0,0,0,0,1,0,0,1,1482
1,0,0,1,0,1,1,0,0,0,0,1,1,1,0,1483
0,0,0,1,1,1,1,1,1,1,0,0,1,1,1,1492
0,0,1,1,0,0,0,0,1,0,1,1,0,1,1,1493
0,0,1,1,1,1,1,0,0,0,0,0,1,1,0,1494
1,0,0,1,1,0,0,0,0,0,0,1,0,0,0,1495
1,0,0,0,1,1,0,0,0,0,0,0,0,0,1,1502
1,0,0,1,0,1,0,1,0,1,0,1,1,1,1,1503
1,0,1,1,0,0,0,1,1,1,0,0,1,1,1,1504
1,1,1,1,0,1,1,1,0,0,0,1,1,1,0,1505
1,0,0,1,0,0,1,1,0,1,1,1,0,0,0,1506
1,0,1,0,0,1,1,0,0,0,0,0,1,0,0,1507
0,0,0,0,1,0,0,1,1,1,0,0,1,1,0,1510
1,0,1,0,0,0,0,0,0,1,0,0,1,0,1,1511
0,0,1,1,0,1,1,0,1,1,1,0,1,0,0,1524
0,0,0,1,0,0,1,1,1,1,0,1,1,0,0,1525
0,0,0,1,0,1,1,1,0,1,1,1,0,1,1,1526
1,0,0,1,0,0,0,0,0,1,0,0,1,0,1,1527
1,0,0,0,1,0,1,0,0,0,1,0,0,0,1,1528
0,1,1,0,1,0,0,1,1,0,1,0,1,0,1,1529
1,0,1,1,1,0,1,0,1,1,1,1,0,0,1,1532
0,0,0,1,0,1,0,0,1,0,0,1,1,0,0,1533
0,0,0,1,1,0,1,0,1,1,0,1,0,0,1,1538
1,1,1,0,1,0,0,1,0,0,0,0,1,1,0,1539
0,1,1,1,0,0,1,0,1,0,1,1,1,1,0,1540
0,0,0,0,1,0,0,0,1,0,1,0,0,1,0,1541
1,1,1,0,0,0,1,0,0,1,1,1,0,1,1,1544
1,0,1,1,1,1,1,1,1,1,1,1,0,1,1,1545
1,0,0,0,1,1,1,0,0,1,1,1,1,0,1,1546
0,1,0,0,0,0,1,1,1,1,1,0,0,0,0,1547
1,0,1,1,0,0,1,1,1,1,1,0,0,0,0,1548
0,0,1,1,1,1,0,1,0,0,0,1,0,0,1,1549
0,0,1,0,1,1,1,1,1,1,0,1,1,1,1,1558
1,0,1,1,1,0,1,0,0,1,0,0,1,0,1,1559
1,0,0,1,0,1,0,0,1,1,1,0,0,1,1,1567
0,1,0,0,1,1,1,0,0,1,1,1,0,1,1,1568
1,1,1,0,1,1,0,1,0,1,0,1,1,0,1,1569
0,0,1,1,1,0,0,0,1,0,0,1,0,1,0,1570
1,0,0,0,0,1,0,1,0,1,0,0,0,0,0,1575
1,1,0,1,0,0,0,1,1,0,1,0,1,0,0,1576
1,1,1,1,1,1,0,0,1,1,1,1,0,0,0,1579
1,0,1,0,0,0,1,0,1,0,0,1,0,0,1,1580
1,0,1,1,0,1,0,0,1,0,1,0,1,0,0,1585
0,0,0,0,1,1,0,0,1,1,0,0,1,1,1,1586
1,1,1,1,0,1,1,0,0,1,0,1,0,1,0,1593
1,1,0,0,0,0,0,1,1,0,1,1,0,1,0,1594
1,0,1,1,1,1,0,0,0,0,0,1,1,0,0,1595
1,1,1,0,1,0,1,1,1,1,0,1,0,0,0,1596
1,0,0,1,1,1,0,1,1,0,1,1,0,0,0,1599
0,1,0,0,0,1,1,0,0,1,1,0,0,1,1,1600
0,1,1,0,1,1,1,0,0,1,0,1,0,1,0,1601
1,1,1,0,0,0,0,0,0,0,1,1,1,1,1,1602
1,1,1,0,0,0,0,1,0,1,0,1,0,1,1,1616
0,1,0,1,0,1,0,0,0,1,0,1,0,1,1,1617
0,0,1,0,0,0,1,1,1,1,1,1,1,0,1,1618
1,0,1,1,0,1,1,1,1,1,1,1,0,0,1,1619
1,0,0,1,1,1,1,1,1,0,0,0,1,1,0,1620
0,0,1,0,1,1,1,1,0,0,0,0,0,1,1,1621
1,0,0,0,0,1,1,0,1,0,0,0,1,1,1,1634
1,0,1,1,0,1,0,1,1,1,0,1,1,0,0,1635
1,0,0,1,1,1,1,1,0,0,0,1,1,1,0,1642
1,0,1,0,1,1,1,1,0,0,0,0,0,0,0,1643
1,0,1,0,1,0,1,1,1,1,1,0,1,1,1,1644
0,1,0,1,0,0,1,1,1,0,0,1,0,0,1,1645
1,0,1,0,1,0,0,0,1,1,1,1,0,0,0,1646
0,1,0,1,0,0,1,0,1,0,1,1,1,0,1,1647
1,0,1,0,1,1,0,1,0,0,1,0,1,0,0,1648
0,1,0,1,0,1,1,1,0,1,1,0,1,0,1,1649
1,0,0,0,1,1,1,0,1,1,1,0,1,1,0,1650
0,0,0,0,0,1,0,1,1,1,1,1,1,0,1,1651
0,1,1,0,0,0,1,0,0,1,1,0,1,1,1,1652
1,1,1,0,0,0,0,1,0,1,0,1,0,0,1,1653
0,1,1,1,0,1,1,0,0,0,0,0,0,1,0,1654
0,0,1,0,1,0,0,0,0,1,1,1,1,0,0,1655
1,0,0,1,0,0,0,1,0,1,1,1,0,1,0,1656
0,1,1,0,0,1,0,1,1,0,1,1,1,0,0,1657
0,1,0,0,0,0,0,1,1,0,0,0,0,1,1,1658
0,0,1,0,1,1,1,1,0,0,1,1,1,0,0,1659
1,1,1,1,0,1,1,0,1,0,0,0,1,1,0,1660
0,1,0,1,0,0,0,1,1,0,0,1,0,0,0,1673
0,1,1,0,1,1,1,1,0,0,1,0,1,0,0,1674
0,1,0,0,0,0,1,0,1,1,1,1,0,0,0,1675
1,0,0,0,1,0,1,0,0,1,1,1,0,1,0,1676
0,0,0,1,1,0,1,0,0,1,1,0,0,1,1,1677
0,0,0,0,1,0,0,0,0,1,1,0,1,1,1,1678
0,1,0,1,1,1,0,0,0,1,0,0,0,1,0,1679
1,1,0,1,1,1,1,1,0,1,1,1,0,0,0,1682
1,0,0,1,1,1,0,1,1,1,1,0,0,1,1,1683
0,0,0,1,1,1,1,1,1,1,0,0,1,1,1,1688
0,0,0,1,0,1,0,0,0,1,0,1,1,0,0,1689
0,0,1,0,0,0,0,1,0,0,1,1,0,1,0,1690
1,1,0,1,0,0,0,0,0,1,1,1,1,1,0,1691
0,1,1,1,0,1,1,1,1,1,0,1,0,0,1,1696
1,1,0,1,0,1,1,1,1,1,1,0,0,1,1,1697
1,0,0,0,0,0,1,1,0,0,0,0,1,1,1,1698
1,0,1,0,1,1,0,0,1,1,0,1,1,0,0,1699
1,1,0,1,0,1,1,1,1,0,0,0,1,0,0,1706
0,1,1,0,1,0,1,1,0,0,1,0,1,1,0,1707
0,1,0,0,0,0,1,1,1,1,1,0,0,0,0,1708
1,1,1,0,0,1,1,0,1,1,1,0,0,1,0,1709
1,0,0,0,1,0,1,1,0,1,0,1,0,0,0,1710
1,1,1,0,1,1,1,0,1,0,0,0,0,0,1,1711
1,1,1,0,1,0,0,0,1,1,1,1,1,1,1,1718
0,0,1,1,1,0,0,0,1,1,0,1,1,0,1,1719
1,0,0,0,1,0,1,0,0,1,1,0,1,0,0,1720
1,1,0,1,1,0,1,1,1,1,1,0,0,0,0,1721
0,0,1,1,1,0,1,0,1,0,1,0,1,0,0,1722
0,0,1,0,0,1,1,1,1,1,0,0,0,0,1,1723
0,1,1,0,0,0,1,1,1,0,0,0,1,1,0,1724
0,0,0,0,0,1,0,0,1,0,0,1,0,0,1,1725
1,0,0,0,0,1,1,1,1,1,0,0,1,1,1,1726
1,0,1,0,1,0,1,1,1,0,1,1,0,1,1,1727
1,1,0,1,0,1,0,0,0,1,1,0,0,1,1,1728
0,0,1,1,0,1,1,1,1,0,1,0,0,1,1,1729
1,1,0,1,0,0,0,1,1,0,0,0,1,0,1,1730
0,0,1,0,1,0,0,1,1,1,1,1,0,0,0,1731
1,1,1,1,0,1,1,1,0,0,0,1,1,1,1,1732
0,1,1,0,1,1,1,1,1,0,1,0,0,1,1,1733
1,1,1,0,0,1,0,1,0,0,0,1,0,1,1,1734
0,1,1,1,1,1,0,1,1,1,1,0,0,0,1,1735
1,1,0,1,1,0,0,1,0,1,1,0,0,0,1,1736
0,0,0,0,1,1,0,0,0,1,0,1,0,1,0,1737
1,0,0,0,1,0,0,1,0,0,0,0,0,1,0,1738
1,1,1,0,1,1,1,1,1,1,1,1,1,0,1,1741
0,1,0,0,1,1,1,1,1,1,0,1,0,1,0,1742
0,0,1,1,1,0,1,1,0,0,1,1,0,1,0,1743
0,1,0,0,0,0,0,1,1,1,1,1,0,0,0,1744
1,1,0,1,0,0,1,0,0,1,1,1,0,1,0,1745
1,1,0,1,0,0,1,0,0,1,0,0,0,0,1,1747
0,0,0,0,1,1,1,1,0,0,1,1,1,0,0,1751
0,0,0,1,1,0,0,1,0,1,0,0,1,1,1,1752
0,0,0,1,0,1,0,0,1,1,1,0,0,1,1,1768
0,0,1,1,0,1,0,1,1,0,0,0,1,1,0,1769
1,0,0,1,0,0,0,0,0,0,1,0,0,0,1,1770
1,0,1,0,0,0,1,1,0,1,0,0,0,0,1,1771
1,1,1,0,1,1,1,0,1,1,1,1,0,0,1,1779
1,0,1,0,1,0,0,0,1,0,0,0,0,1,1,1780
0,1,1,0,0,0,0,1,1,1,0,1,1,1,1,1781
0,1,1,0,0,1,1,0,1,1,1,1,1,0,1,1782
1,1,1,1,1,0,0,0,0,1,1,0,1,0,0,1787
1,1,0,0,1,0,0,0,1,0,1,0,0,1,1,1788
0,0,1,0,0,1,1,1,1,0,1,1,1,1,1,1789
1,0,0,1,0,1,1,1,1,0,1,0,1,1,0,1790
1,0,0,1,1,1,1,0,1,1,0,1,1,1,1,1791
1,0,0,1,1,1,0,1,0,1,1,1,0,1,0,1792
0,0,0,0,1,1,0,0,0,0,1,0,1,0,1,1793
1,1,0,1,1,0,1,0,1,0,0,0,1,1,1,1794
1,1,0,1,1,0,1,0,1,0,0,1,1,1,0,1795
0,0,0,0,1,1,0,1,1,1,0,0,1,1,0,1796
0,0,0,1,1,1,0,0,0,0,0,1,0,0,1,1797
0,1,0,0,0,0,0,1,0,1,1,1,1,1,0,1798
1,0,0,1,0,0,0,1,1,1,0,0,0,1,1,1799
0,1,1,0,1,1,1,1,1,1,0,0,1,1,0,1800
1,0,1,1,1,0,0,0,1,0,0,1,0,0,1,1801
1,0,1,0,0,0,0,0,0,1,1,1,0,1,1,1802
0,1,0,1,0,1,1,1,1,1,0,0,0,1,0,1803
1,0,1,1,1,0,1,0,1,0,0,0,1,1,1,1804
0,0,1,1,1,1,0,1,0,1,0,1,1,0,0,1805
1,0,1,1,1,1,0,0,1,1,0,1,1,1,0,1806
1,1,1,1,1,1,1,1,0,1,1,0,1,0,1,1807
1,0,0,1,0,1,1,1,0,1,0,0,1,0,1,1808
1,1,0,1,1,1,1,0,1,0,1,1,0,0,1,1809
0,1,1,0,0,1,0,0,0,1,0,0,0,0,1,1810
0,0,1,1,1,0,1,1,0,0,0,1,0,0,1,1811
1,1,1,0,1,0,0,1,1,0,1,0,1,0,0,1812
1,0,1,0,1,0,0,0,1,1,0,1,1,1,0,1817
0,1,0,1,0,1,0,1,0,0,0,0,0,1,1,1818
0,0,0,0,0,1,0,1,1,1,0,0,1,0,0,1819
0,1,0,0,1,0,1,0,1,1,1,1,1,0,0,1820
1,0,1,1,0,0,1,1,0,1,0,1,0,0,0,1826
1,0,1,0,0,0,0,0,1,0,1,0,0,0,1,1827
1,1,1,1,1,0,1,1,1,1,0,1,0,1,0,1828
1,0,1,0,0,1,0,1,1,1,0,1,1,0,1,1829
0,0,0,0,0,1,0,1,1,1,1,1,1,0,1,1830
1,1,1,0,1,0,1,1,1,0,1,1,1,1,0,1831
0,0,0,0,1,0,0,0,0,0,0,0,1,1,0,1832
1,1,1,1,1,0,0,1,1,0,1,0,0,1,0,1833
0,1,0,0,1,1,1,0,0,1,0,0,1,1,1,1834
1,1,1,1,1,0,0,1,1,0,1,1,0,0,0,1835
0,1,1,0,1,0,0,1,1,0,0,1,0,1,0,1836
1,1,0,1,1,0,0,0,0,0,1,0,0,0,0,1837
1,1,1,1,0,1,0,1,1,0,1,1,0,0,1,1838
1,1,0,0,0,0,1,0,1,0,1,1,1,0,0,1839
1,0,1,1,1,0,0,1,1,0,1,0,1,1,0,1840
1,1,1,1,0,1,0,0,1,0,0,0,1,1,1,1844
0,0,1,0,0,1,0,1,0,0,1,0,0,1,0,1845
1,1,1,1,1,0,1,1,0,1,1,1,0,0,0,1846
1,0,0,0,1,0,0,1,1,1,1,1,0,1,0,1847
0,0,0,0,0,1,1,0,1,1,1,1,1,1,1,1848
0,0,0,0,1,0,0,0,0,0,1,0,0,1,0,1849
0,0,0,1,0,0,0,1,0,0,1,0,1,0,1,1850
0,0,0,0,1,0,1,1,0,0,1,0,1,1,1,1859
0,0,1,0,0,1,1,0,1,0,1,0,1,0,1,1860
1,1,1,0,1,1,1,0,1,1,1,1,1,1,0,1861
1,1,1,1,1,1,0,1,0,0,0,0,0,1,1,1862
0,1,1,1,0,1,0,0,0,0,1,1,0,0,0,1869
0,1,0,0,0,0,0,0,1,0,0,0,0,1,1,1870
1,1,0,1,0,0,1,0,0,0,0,0,1,1,1,1871
0,0,1,0,0,1,1,0,1,1,1,1,1,1,1,1872
0,1,1,1,0,1,0,1,1,0,1,0,0,1,1,1879
0,1,0,0,1,1,1,1,0,0,1,1,1,0,1,1880
0,1,1,1,1,1,1,0,1,1,0,1,0,1,1,1881
0,0,1,1,0,1,1,0,1,1,1,0,0,1,0,1882
0,0,1,1,1,1,1,1,1,1,0,1,0,0,0,1883
1,0,1,0,0,1,1,1,0,0,0,0,1,0,0,1884
0,0,0,0,0,1,0,1,1,1,1,1,1,0,1,1889
1,1,0,1,1,1,1,1,0,1,0,1,0,1,0,1890
1,1,1,0,1,1,0,0,1,0,0,0,1,0,0,1891
0,0,0,1,1,0,0,0,0,0,1,0,0,1,0,1892
0,0,0,1,1,0,1,1,0,1,0,0,1,0,1,1897
0,1,1,1,1,1,1,0,0,0,0,1,1,1,0,1898
0,0,0,0,0,1,1,0,0,1,1,1,1,1,1,1899
0,0,0,0,0,1,0,1,1,0,0,0,1,0,0,1900
0,1,1,1,1,0,0,0,0,0,1,0,1,0,1,1907
0,0,0,1,1,0,1,0,0,1,0,0,0,1,0,1908
0,0,1,0,0,1,0,1,0,1,1,0,1,1,1,1909
1,0,0,1,1,0,0,1,0,0,0,0,0,0,0,1910
0,0,1,0,0,1,0,0,1,0,0,0,1,1,1,1915
0,0,0,1,0,1,1,0,0,0,0,0,0,1,1,1916
1,1,0,0,0,1,0,0,1,0,1,1,1,1,0,1917
0,1,1,1,1,0,0,1,1,0,0,1,1,0,1,1918
1,0,1,0,1,0,1,0,0,1,0,0,1,0,0,1921
0,0,0,0,1,1,0,0,0,0,1,1,0,1,0,1922
1,1,0,1,0,0,1,1,1,1,0,1,1,0,0,1935
1,0,0,0,0,1,0,1,0,0,1,0,0,0,1,1936
0,1,0,1,0,1,1,0,0,1,1,0,0,0,0,1937
1,1,0,1,1,1,1,0,0,1,1,0,0,0,1,1938
1,0,1,0,0,0,1,0,1,1,1,0,0,0,0,1939
1,1,1,0,0,1,1,1,1,0,1,0,0,0,0,1940
1,0,0,1,0,1,0,1,0,1,1,1,0,0,1,1941
0,1,1,1,0,1,0,1,0,0,0,0,1,1,0,1943
1,1,0,1,0,0,0,0,1,1,0,0,0,1,1,1944
1,0,0,0,1,1,0,1,1,1,1,0,0,0,0,1945
1,1,1,1,0,1,0,1,0,0,1,1,1,0,0,1952
0,0,0,0,1,1,0,1,1,0,0,1,0,1,1,1953
0,1,0,0,0,0,1,0,1,1,1,1,0,1,1,1954
1,1,0,0,1,1,0,1,0,1,0,0,1,0,1,1955
1,1,1,1,0,1,1,0,0,1,0,1,0,0,0,1956
0,1,0,1,0,1,0,1,1,1,1,1,1,0,0,1957
0,1,0,0,0,0,0,0,0,1,1,1,0,0,1,1958
0,0,1,1,0,0,0,1,0,0,0,0,0,0,0,1959
0,1,1,1,0,1,0,1,1,0,1,0,1,1,0,1960
0,1,0,1,0,1,0,0,1,1,0,1,0,0,1,1961
0,0,1,1,0,1,1,1,0,1,1,1,1,0,1,1962
1,0,0,1,0,1,1,0,0,1,1,0,1,1,0,1963
0,1,1,1,1,1,1,1,0,0,1,1,0,0,0,1964
0,1,1,1,0,1,1,1,0,0,1,0,1,1,1,1965
0,1,1,1,1,0,0,0,1,0,1,1,0,1,1,1966
1,1,1,1,1,0,0,0,1,0,0,0,1,0,0,1967
1,0,0,1,1,0,0,0,1,1,1,1,0,0,0,1968
1,1,0,0,0,0,1,1,1,1,1,1,0,1,1,1969
0,1,1,0,0,1,1,0,0,1,0,0,1,0,1,1970
0,0,1,1,1,0,0,1,0,1,0,1,0,0,1,1971
0,0,0,0,0,0,1,1,1,1,1,0,1,1,1,1972
1,1,0,1,1,1,1,0,1,0,0,0,1,0,0,1973
0,1,1,1,1,0,1,1,1,0,0,0,1,0,1,1974
1,0,1,0,1,0,0,0,0,1,1,0,0,1,1,1975
1,0,1,0,0,1,1,0,1,1,1,1,1,1,1,1976
0,1,0,0,1,1,0,0,0,0,0,1,1,1,0,1977
0,1,1,1,1,1,1,0,1,1,0,0,1,1,1,1978
1,0,0,1,0,1,0,0,0,0,1,0,1,0,1,1979
1,1,0,1,1,1,1,1,0,1,1,1,0,0,0,1980
1,0,1,1,0,1,0,0,0,0,0,1,1,0,0,1981
0,1,0,1,0,0,0,0,1,1,0,1,0,0,1,1982
1,0,0,0,0,0,0,0,0,1,1,0,0,1,0,1983
1,1,1,1,0,1,0,0,1,1,1,0,0,0,1,1984
0,0,1,0,0,1,0,0,0,1,0,0,1,0,0,1985
0,0,1,0,1,1,0,1,1,0,1,0,1,0,0,1986
1,1,0,0,1,1,0,0,0,1,0,1,1,1,0,1987
0,0,1,1,0,1,1,1,0,1,0,0,0,0,0,1988
0,0,1,1,0,0,1,0,0,0,1,0,0,0,1,1989
1,1,0,0,0,1,0,1,0,1,1,0,0,0,1,1990
1,0,1,1,0,1,0,1,1,1,0,1,0,0,0,1991
1,0,1,1,0,1,1,0,1,1,1,0,0,0,1,1992
0,0,0,0,1,0,1,1,1,0,0,1,1,0,1,1993
0,0,1,0,0,0,1,0,1,0,0,0,0,0,0,1994
0,0,1,1,1,0,0,0,1,0,0,1,0,1,1,1995
0,0,0,1,1,0,0,0,0,0,1,0,1,0,1,1996
0,1,1,0,0,0,0,1,0,1,1,0,1,1,1,1997
0,1,1,1,0,0,1,1,1,0,1,0,1,0,0,1998
0,0,1,1,0,0,1,0,0,0,1,0,0,1,0,1999
1,0,0,1,0,0,1,0,0,0,0,0,1,0,1,2000
1,0,1,0,0,1,0,1,0,0,0,0,0,1,1,2001
1,1,1,1,0,0,1,0,1,0,0,0,1,1,0,2002
1,0,0,0,0,1,0,0,1,0,1,1,1,0,1,2003
0,0,1,1,0,0,1,0,1,0,0,0,0,1,0,2004
0,1,1,1,0,1,0,0,1,0,0,0,0,0,1,2005
0,0,0,0,1,0,0,1,0,0,1,0,0,0,1,2006
0,0,1,0,0,0,0,0,1,1,1,1,1,1,0,2007
0,1,0,0,0,0,1,1,0,0,1,0,1,0,0,2008
0,0,1,1,0,1,0,0,1,0,1,1,0,1,0,2009
1,0,1,0,1,1,1,1,0,0,1,0,0,0,1,2010
0,1,0,0,0,1,1,0,1,1,1,1,1,1,1,2011
1,1,0,1,1,1,1,1,0,0,1,1,1,1,1,2012
1,1,1,1,0,1,1,1,0,0,1,1,1,1,1,2013
0,0,1,0,1,1,0,1,0,0,0,1,0,1,0,2014
0,1,1,0,0,0,0,0,1,1,1,1,0,0,1,2015
0,0,1,1,0,0,1,0,1,0,1,0,0,0,1,2016
0,0,0,0,1,0,1,0,0,1,0,1,1,0,1,2017
0,0,1,0,0,0,0,0,1,1,0,1,0,0,1,2018
0,1,0,1,1,1,1,1,1,0,0,1,1,0,0,2019
1,1,1,1,1,1,0,1,0,0,1,0,0,1,0,2020
0,1,1,0,0,0,1,0,1,0,1,0,1,1,0,2021
0,0,0,1,0,1,1,0,1,1,1,0,0,1,0,2022
0,0,1,0,1,0,1,0,0,0,1,0,1,0,0,2028
0,0,0,1,1,0,0,1,1,0,0,0,0,1,1,2029
1,1,0,1,1,1,0,0,0,0,1,1,1,1,1,2030
1,1,0,1,0,0,0,0,0,0,1,0,1,0,1,2031
0,1,0,0,0,0,0,0,0,0,1,0,1,0,1,2032
1,0,1,0,1,0,1,1,0,0,0,0,0,0,1,2040
1,0,0,0,1,0,1,0,0,0,1,1,1,1,0,2041
1,1,1,1,0,1,1,1,0,1,0,0,0,0,1,2042
0,1,0,1,1,1,1,0,0,0,1,1,1,0,0,2043
1,0,0,1,1,1,1,1,1,0,0,0,1,1,0,2044
0,0,0,0,1,1,0,0,1,1,0,0,1,0,0,2049
0,0,0,1,0,1,1,0,1,0,1,1,1,0,0,2050
1,0,1,0,0,0,1,1,0,0,1,0,1,0,1,2051
1,1,1,1,0,0,0,1,1,0,0,1,0,0,1,2052
1,1,0,0,0,0,1,1,1,1,1,0,1,0,1,2053
0,1,0,0,1,0,0,0,0,1,0,0,1,1,1,2054
1,0,1,0,1,1,1,1,1,1,1,0,1,1,1,2055
1,0,0,0,0,1,1,0,0,1,0,1,1,1,0,2058
1,0,0,1,1,0,1,1,1,1,1,0,0,1,1,2059
1,1,0,1,1,0,0,0,0,0,1,0,1,1,1,2060
1,0,0,0,1,0,1,1,1,0,1,1,1,0,0,2061
0,0,1,0,1,0,0,1,1,0,0,0,1,1,0,2062
0,0,0,0,1,1,1,0,1,0,1,0,1,0,1,2063
0,0,0,0,1,1,1,0,1,1,0,1,0,1,0,2064
0,0,1,0,1,0,1,1,0,0,0,0,0,0,0,2065
1,0,0,0,1,1,1,1,0,1,1,0,0,0,1,2066
0,0,1,1,1,0,0,1,0,1,0,0,0,1,1,2067
0,0,1,1,1,1,0,0,1,1,0,1,1,0,0,2068
0,0,0,0,0,0,1,1,1,1,0,1,1,1,0,2069
1,0,0,1,1,1,1,1,0,1,1,1,0,0,0,2070
0,0,0,0,1,1,0,1,0,0,0,0,0,0,1,2071
0,1,0,0,1,1,1,1,1,1,0,0,0,1,1,2072
1,1,1,0,0,0,1,0,0,0,0,1,0,0,0,2073
1,0,0,1,0,1,0,0,1,1,0,1,1,1,1,2074
0,1,1,0,0,1,0,0,1,0,0,1,1,1,0,2075
0,0,0,1,0,1,1,1,0,1,1,0,0,0,0,2076
0,1,1,0,0,1,0,1,1,0,0,1,1,1,1,2077
0,1,0,1,1,0,1,1,0,0,1,1,1,1,0,2078
1,1,0,0,1,0,0,0,1,1,1,1,1,0,0,2079
1,1,0,0,0,1,1,1,0,0,0,0,1,1,1,2080
1,1,1,1,0,1,0,0,0,0,0,0,1,0,0,2081
1,0,0,0,1,0,0,0,1,1,1,0,1,1,0,2082
1,0,1,0,1,0,0,1,0,1,1,0,1,1,1,2083
0,1,0,1,1,0,0,1,0,1,0,0,1,0,1,2084
1,0,0,1,0,1,0,1,1,0,0,1,1,1,1,2089
0,0,0,0,0,0,0,0,1,1,1,0,1,0,1,2090
1,1,1,1,0,0,1,1,0,0,1,1,1,0,0,2091
1,1,0,1,0,0,0,1,0,1,0,0,1,0,1,2092
1,0,1,0,1,0,0,1,0,0,0,0,0,1,0,2093
0,1,0,0,0,1,1,0,1,1,1,0,1,1,0,2094
1,0,1,0,1,1,0,1,1,0,0,1,1,0,0,2095
0,1,0,1,1,1,0,0,1,1,0,1,1,0,0,2096
0,0,0,0,0,0,1,0,1,1,0,1,0,0,1,2097
1,1,0,1,0,1,1,1,0,0,1,1,1,1,0,2098
1,0,0,1,0,0,1,1,0,1,0,1,0,0,0,2099
0,1,1,0,0,1,0,1,1,0,0,0,0,0,1,2100
1,0,1,1,0,1,0,0,0,1,1,1,1,1,0,2101
1,0,0,0,1,1,1,0,0,1,0,1,0,1,0,2102
1,0,0,1,0,1,0,0,0,1,1,0,1,1,1,2103
0,0,1,1,0,0,0,0,0,0,1,1,0,1,0,2106
1,0,0,0,1,0,0,0,1,1,1,0,1,0,0,2107
0,0,0,0,0,1,1,1,0,0,0,0,0,0,1,2108
0,1,0,0,0,0,0,1,1,1,0,0,1,1,1,2109
0,1,1,0,0,0,0,0,1,1,1,1,0,1,0,2110
0,1,1,0,0,0,0,1,1,1,0,0,1,1,0,2113
0,0,1,0,0,0,0,0,0,1,1,0,0,1,1,2114
1,1,1,1,1,0,0,1,0,0,0,1,0,1,0,2115
1,0,1,1,1,1,0,1,1,0,1,0,0,0,0,2116
1,0,1,1,0,0,0,1,0,1,1,1,0,0,1,2117
1,1,1,1,0,0,1,0,1,1,1,1,1,1,0,2118
0,1,0,0,1,0,0,1,1,0,1,1,0,1,0,2119
0,1,0,1,1,0,1,1,0,1,0,0,1,0,1,2126
1,0,1,0,1,0,1,1,1,0,1,1,0,1,0,2127
0,1,1,1,1,1,1,0,1,0,1,0,0,0,1,2128
0,1,1,0,0,1,1,0,0,1,0,1,1,1,0,2129
0,1,0,1,1,1,0,0,0,0,0,0,0,1,1,2130
0,0,1,1,0,0,0,0,1,1,1,0,0,0,1,2131
0,0,1,1,0,1,1,1,1,1,0,0,0,1,0,2132
1,0,0,1,0,1,1,0,0,1,1,1,0,1,1,2133
0,0,1,0,0,1,1,0,0,0,0,0,0,1,1,2137
0,0,0,0,0,0,1,0,1,0,0,1,0,0,1,2138
0,0,1,0,0,0,1,1,0,0,1,0,0,0,1,2139
1,0,0,0,1,1,0,0,0,0,1,1,0,1,0,2140
1,0,1,1,0,1,1,0,1,0,0,1,0,0,1,2141
0,0,1,1,1,0,1,0,0,1,0,1,0,0,1,2142
1,0,1,1,1,0,0,0,0,1,0,0,0,1,0,2143
0,0,0,0,0,1,0,1,1,0,1,1,1,0,1,2144
0,0,1,0,0,1,1,0,0,1,0,0,1,0,0,2145
1,1,0,0,1,1,0,0,0,1,1,0,1,0,0,2146
0,0,0,1,1,1,1,1,1,1,0,0,0,1,1,2147
0,1,0,1,1,1,0,0,0,0,1,1,0,1,0,2148
0,0,0,1,0,0,1,1,0,1,1,0,0,1,1,2149
0,1,0,1,0,1,0,1,0,1,1,1,0,1,1,2150
0,1,1,0,1,1,0,1,0,1,1,1,0,0,0,2151
1,0,1,0,1,1,1,1,0,1,0,0,1,1,1,2152
1,0,0,1,0,0,1,1,1,0,1,0,1,1,1,2153
1,1,0,0,1,1,1,1,0,0,0,1,0,0,0,2161
1,1,0,1,1,1,0,1,0,1,1,1,0,0,0,2162
0,1,1,0,0,0,0,0,1,0,0,1,1,0,1,2163
1,1,1,1,0,0,0,1,0,1,0,0,0,1,0,2164
1,0,0,1,0,0,1,1,0,1,0,1,0,1,0,2165
1,0,0,0,0,0,0,1,1,1,1,0,1,1,0,2170
0,1,0,0,0,0,1,0,1,0,1,1,0,0,0,2171
0,1,0,1,0,1,0,1,1,1,0,1,0,1,0,2172
1,0,1,0,1,0,0,0,1,0,1,1,1,0,1,2173
1,0,0,1,0,0,1,0,1,1,0,0,0,0,1,2180
1,1,0,1,1,0,0,0,0,0,0,1,1,0,1,2181
0,0,1,1,0,1,1,1,0,1,0,1,1,1,1,2182
1,0,0,0,0,1,0,0,1,1,0,0,1,1,1,2183
0,1,1,1,1,1,0,1,0,1,1,1,0,1,1,2184
0,0,1,1,1,0,1,0,1,1,1,1,0,1,0,2185
0,0,1,0,0,0,0,0,1,0,0,0,1,1,1,2192
0,1,1,0,1,1,1,0,0,0,0,1,1,1,0,2193
0,0,1,1,1,0,1,0,0,1,0,1,1,1,0,2194
1,1,0,0,1,0,0,0,1,0,1,0,0,0,1,2195
0,1,0,1,0,0,1,1,1,1,1,0,0,0,1,2196
0,0,1,1,0,0,0,1,0,0,1,0,1,1,0,2197
1,1,0,1,0,0,0,1,1,1,0,0,0,1,1,2198
1,0,1,1,1,1,0,1,1,0,0,1,0,0,0,2201
1,1,1,0,0,0,0,1,1,0,0,0,0,0,1,2202
1,0,0,1,0,1,1,1,0,0,0,0,0,1,0,2203
1,1,0,1,0,0,1,1,1,0,0,0,0,1,0,2204
0,0,1,0,0,0,0,1,1,0,0,1,0,1,0,2217
1,1,0,0,1,0,1,0,0,0,1,1,0,1,0,2218
0,1,1,0,1,0,0,1,0,0,1,0,0,1,1,2219
0,0,1,0,0,0,1,1,0,0,0,0,1,0,1,2220
0,1,0,1,0,0,1,0,1,1,0,1,1,0,1,2221
0,0,1,1,1,0,0,1,1,1,1,0,1,1,0,2228
0,0,1,0,1,1,1,0,1,1,0,1,1,0,0,2229
0,1,0,0,1,1,1,1,0,0,0,1,0,0,1,2230
0,0,1,1,0,0,0,0,0,1,1,0,0,0,0,2231
0,1,1,1,1,0,0,1,1,1,0,1,0,0,0,2232
1,1,1,0,0,0,1,0,1,0,1,1,1,0,0,2233
1,1,0,1,1,1,0,1,1,0,1,0,0,1,1,2234
1,0,1,1,1,1,0,1,1,1,0,1,1,1,1,2235
0,1,0,1,0,1,0,0,1,1,1,0,1,0,1,2236
0,1,1,0,1,0,0,1,0,1,1,0,1,1,0,2237
0,0,0,0,1,1,1,1,0,1,1,0,1,0,0,2238
0,0,1,1,1,0,0,1,1,0,1,1,1,1,1,2239
1,1,0,0,0,1,0,0,0,0,1,0,0,0,0,2240
0,1,0,1,1,0,0,1,1,0,1,0,0,0,0,2241
1,0,1,0,0,0,0,0,0,0,1,0,0,0,1,2242
0,0,0,1,1,0,1,0,0,1,1,1,0,1,0,2245
1,0,0,1,0,1,0,0,0,1,0,0,1,1,0,2246
1,0,1,1,0,1,1,0,1,1,1,0,0,0,1,2247
1,0,0,0,0,1,0,0,1,0,1,1,0,0,1,2248
1,1,0,0,1,1,1,0,1,0,1,1,0,0,1,2249
1,0,1,0,1,0,1,0,0,0,0,1,0,0,1,2250
0,1,1,0,1,0,0,1,0,1,0,1,1,1,0,2251
0,1,0,0,1,0,1,0,0,0,1,0,1,1,1,2252
0,0,1,0,0,0,0,0,0,1,0,1,0,1,0,2253
0,1,0,0,1,0,0,0,0,0,1,0,0,0,0,2254
0,1,1,1,0,1,0,0,1,0,0,0,1,1,0,2255
1,0,0,0,1,0,1,0,1,0,0,1,1,1,1,2256
0,0,0,1,1,0,1,1,0,1,1,0,0,1,1,2257
0,1,1,1,0,0,1,0,1,1,0,1,1,0,1,2258
0,0,0,0,1,1,0,1,1,1,0,0,0,1,1,2259
0,0,0,1,1,0,0,1,0,0,0,0,0,0,1,2260
1,1,0,1,0,1,0,1,0,1,0,0,0,0,1,2261
1,0,0,0,1,0,0,0,1,0,0,0,0,0,0,2262
1,0,1,1,1,0,0,1,0,0,0,0,1,0,1,2263
0,1,1,0,0,1,1,0,0,1,1,0,0,0,1,2264
0,0,0,1,1,1,0,0,1,0,0,1,1,0,1,2265
0,1,1,1,0,0,1,0,0,0,0,0,0,1,1,2266
0,1,1,1,1,0,0,0,0,1,1,1,1,0,0,2267
0,1,1,0,0,0,1,1,1,0,1,0,0,0,0,2268
0,0,0,0,1,0,0,0,0,1,1,1,1,1,1,2269
1,0,1,0,0,1,0,0,1,1,1,1,1,1,0,2270
0,0,0,1,1,1,0,0,1,0,0,1,1,0,1,2271
1,1,1,1,1,0,1,1,1,0,1,1,0,0,0,2275
0,1,0,0,0,0,1,0,0,1,0,1,1,0,1,2276
0,1,1,1,0,1,1,1,0,1,0,1,0,1,0,2277
1,1,0,1,1,0,0,0,0,1,0,1,0,0,1,2278
1,0,0,1,0,0,1,0,1,0,0,0,1,1,1,2279
1,1,0,0,1,1,1,1,1,1,1,0,0,1,1,2280
0,0,1,0,1,1,1,0,1,1,1,1,0,0,1,2281
0,0,1,0,1,0,1,1,0,1,0,0,0,0,1,2282
1,0,0,0,1,0,1,1,0,0,1,0,0,0,1,2283
0,1,1,1,1,1,1,0,0,0,1,0,0,1,0,2284
1,0,1,0,0,1,0,1,1,0,1,0,0,1,1,2285
0,1,0,0,1,0,1,0,0,1,0,1,0,0,0,2286
1,1,1,0,0,1,1,1,1,1,1,0,0,0,1,2287
1,0,1,0,1,0,1,0,0,0,0,1,1,0,0,2288
1,0,1,0,0,1,0,1,1,1,1,0,0,0,1,2289
0,0,1,1,0,1,0,0,1,0,0,0,0,0,1,2290
0,0,0,0,0,0,0,0,1,0,0,1,1,0,0,2291
1,1,1,1,1,0,1,1,0,1,1,0,0,0,0,2292
0,1,1,0,0,0,0,0,0,1,0,1,1,1,1,2293
1,0,1,1,1,0,0,1,0,0,1,1,0,1,0,2294
0,1,0,1,1,1,0,1,0,0,0,0,1,1,1,2295
0,0,1,0,0,1,1,0,1,0,1,0,1,1,1,2296
1,0,0,0,1,0,0,0,0,1,1,1,1,0,0,2297
0,1,1,0,0,0,0,1,0,1,0,1,1,0,0,2298
1,1,1,1,0,0,0,0,1,1,1,1,0,0,0,2299
1,0,0,1,1,1,0,1,1,0,0,0,0,0,0,2300
0,1,1,0,0,0,1,1,0,1,1,1,1,0,0,2301
0,1,1,1,1,1,1,1,0,0,0,0,0,0,0,2302
0,0,1,0,1,1,0,0,0,0,1,0,1,0,1,2303
0,0,0,0,0,1,0,0,1,1,1,1,1,1,0,2304
1,0,1,0,0,1,1,1,1,1,0,0,0,1,0,2305
1,0,1,1,0,1,0,0,0,1,0,1,1,0,0,2306
0,1,1,1,0,1,0,1,1,1,1,0,0,1,0,2307
1,1,1,0,0,1,0,0,1,0,1,1,1,0,1,2308
0,0,0,1,0,1,1,1,1,0,1,1,1,0,1,2309
1,0,0,0,0,1,0,1,1,1,1,0,0,1,0,2310
1,0,0,1,1,1,0,0,1,0,0,0,0,0,0,2311
1,0,1,0,1,0,0,0,1,0,0,1,1,0,1,2312
1,1,0,0,1,1,1,0,1,0,0,1,1,0,0,2313
1,0,1,1,0,0,0,1,0,0,0,0,1,1,1,2314
0,0,1,1,1,1,1,0,1,1,1,0,1,0,0,2315
0,0,0,0,1,1,1,1,1,0,0,0,0,0,0,2316
1,0,1,1,0,0,1,1,1,0,0,0,1,1,0,2317
1,0,0,0,1,1,0,0,1,0,0,0,0,1,0,2318
1,1,0,0,1,0,1,1,0,0,0,1,0,0,1,2319
1,1,1,1,1,1,1,1,1,1,1,1,1,0,0,2320
0,1,1,1,1,1,1,1,1,0,0,0,1,1,0,2321
1,0,0,1,0,0,0,1,1,0,1,0,0,0,0,2322
1,1,0,1,1,1,1,1,1,0,0,1,0,1,1,2323
0,1,1,0,1,1,0,1,0,0,1,1,0,1,0,2324
0,1,0,1,0,0,0,1,0,1,1,1,1,0,1,2325
1,1,0,0,1,1,0,0,1,0,1,0,1,0,0,2326
1,0,1,0,1,0,0,0,0,1,1,0,1,0,0,2327
1,0,0,0,0,1,1,0,1,0,1,0,0,0,1,2328
0,0,0,0,0,0,0,1,1,0,0,0,0,0,0,2329
1,1,1,1,1,0,1,0,0,1,1,1,0,1,0,2330
0,0,0,0,0,0,0,1,0,0,0,0,0,0,1,2331
0,1,1,0,1,0,1,1,1,0,1,1,0,1,0,2332
1,1,0,1,0,1,0,1,0,0,1,0,1,1,1,2333
0,0,1,1,1,0,1,1,0,0,1,1,0,1,0,2334
1,0,1,1,1,0,0,0,0,0,0,1,0,0,0,2335
0,1,1,0,0,0,0,1,0,0,0,1,1,1,1,2336
0,0,1,0,1,1,1,1,0,1,1,0,1,1,1,2337
1,1,0,0,1,1,0,0,0,0,1,1,1,0,0,2338
1,1,0,0,1,0,0,1,1,0,1,0,1,0,0,2339
1,1,0,0,1,1,1,0,1,0,1,1,1,1,1,2340
0,1,1,0,0,0,0,0,0,0,0,1,1,1,0,2341
1,1,1,1,1,0,0,1,1,0,0,1,0,1,1,2342
0,1,0,0,1,0,0,1,1,1,0,0,0,0,1,2343
1,0,1,1,0,0,0,0,0,1,0,0,1,1,1,2344
1,0,0,1,1,1,0,0,0,0,1,0,1,0,0,2345
0,0,0,1,1,0,0,0,0,0,1,1,1,0,1,2346
1,0,0,0,0,1,0,1,0,0,0,0,0,0,1,2347
1,0,0,1,1,0,0,0,1,1,1,1,1,1,1,2348
1,0,0,0,0,1,1,0,1,0,1,0,0,1,1,2349
1,0,1,1,1,1,1,1,1,1,0,0,1,0,1,2350
1,0,0,0,1,1,0,0,1,1,1,1,1,1,1,2351
0,0,1,1,1,0,1,1,0,0,0,1,0,1,1,2352
1,0,1,0,0,0,0,1,1,0,0,1,0,0,1,2353
1,0,0,0,1,0,0,1,0,0,0,0,1,0,1,2354
0,0,0,1,1,0,1,0,1,1,0,0,1,0,0,2355
1,1,0,0,1,1,1,1,1,0,1,1,0,1,0,2356
1,0,0,1,1,0,1,0,1,1,0,1,0,1,1,2357
0,0,1,0,0,1,1,1,0,1,1,1,1,1,0,2358
1,1,0,1,0,1,0,1,1,0,1,0,0,0,0,2359
0,1,0,1,1,1,0,0,1,1,0,0,0,1,0,2360
1,1,0,1,1,1,0,0,0,1,1,0,0,0,0,2361
1,0,1,1,1,0,0,0,0,1,1,0,1,1,1,2362
1,1,1,0,1,0,1,0,0,1,1,1,1,0,1,2363
1,0,0,1,1,0,1,1,1,1,1,1,0,1,1,2364
1,1,0,1,0,1,1,0,0,0,1,0,1,1,0,2365
0,1,1,0,0,0,0,0,0,0,1,0,1,1,0,2366
0,0,0,1,0,1,1,0,0,0,0,0,0,0,0,2367
1,0,0,0,1,1,0,0,1,0,0,0,0,1,1,2368
0,1,1,0,1,0,1,0,0,1,1,1,1,1,1,2369
1,1,0,1,0,1,1,0,0,0,0,1,0,1,1,2370
1,0,0,1,1,1,0,0,0,0,0,1,1,0,1,2371
1,1,1,1,1,1,1,0,0,0,1,1,1,1,0,2372
1,0,0,0,1,1,1,1,1,0,0,0,1,0,0,2373
0,0,0,1,0,1,1,1,0,0,1,0,1,0,1,2374
0,1,0,0,0,1,0,0,1,0,0,0,1,1,0,2375
1,0,1,0,1,0,0,0,0,1,0,0,1,0,1,2376
0,1,1,1,0,0,0,1,1,1,1,1,1,1,1,2377
0,1,1,0,1,1,0,0,1,1,0,0,0,1,0,2378
0,1,0,1,0,1,0,1,1,1,1,1,1,0,0,2379
1,0,0,0,1,0,1,1,0,0,1,0,0,0,1,2380
0,1,1,0,0,0,1,0,1,1,1,1,0,1,0,2381
0,0,0,1,0,1,1,1,1,0,0,0,1,0,0,2382
0,0,0,0,0,1,1,1,1,0,1,0,0,0,0,2383
1,0,1,0,0,0,1,0,0,0,0,1,1,0,1,2384
0,0,1,1,0,1,0,0,0,1,1,0,1,0,1,2385
0,1,1,1,1,0,0,0,0,0,0,1,1,0,1,2386
1,0,0,0,0,1,0,0,0,1,0,0,1,0,1,2387
0,0,1,1,0,0,0,0,1,0,1,0,0,1,0,2388
0,1,0,1,0,1,0,1,1,1,1,0,1,1,0,2389
0,0,1,0,0,1,1,0,0,1,1,1,0,0,0,2390
0,0,1,1,0,0,0,0,1,0,1,1,0,1,1,2391
1,0,0,1,0,0,0,1,1,0,1,1,1,0,1,2392
0,1,0,1,0,1,1,1,1,0,0,0,0,1,0,2393
1,0,1,1,0,0,1,0,1,1,1,0,0,1,0,2394
1,0,0,1,0,1,0,1,1,0,0,1,0,0,1,2395
0,0,1,0,1,1,0,0,1,0,0,1,0,1,0,2396
0,1,1,1,0,0,1,0,0,1,0,0,0,0,1,2397
1,0,1,0,1,1,1,1,0,0,0,0,0,0,0,2398
1,1,0,0,0,1,1,0,1,1,0,0,1,0,1,2399
1,1,1,1,0,1,0,0,0,1,0,1,0,1,1,2400
0,0,0,1,1,0,1,1,1,0,0,0,1,0,1,2401
0,0,0,0,0,1,1,0,0,1,1,0,0,1,1,2402
1,1,1,0,0,1,1,1,0,0,1,1,0,0,0,2403
1,0,1,0,0,1,0,0,0,1,1,0,0,1,1,2404
1,0,0,0,0,0,0,0,1,0,0,1,1,1,1,2405
1,1,1,1,1,1,1,0,0,1,1,1,0,0,0,2406
1,1,0,0,0,0,0,0,0,1,0,1,0,0,1,2407
0,0,1,1,1,0,1,1,1,0,1,1,1,0,0,2408
0,0,1,0,1,0,1,1,0,0,1,1,1,0,0,2409
1,1,0,1,0,0,0,0,1,1,1,0,0,1,1,2410
1,1,0,0,1,0,0,1,1,1,0,1,0,1,0,2411
0,0,1,0,1,1,0,0,0,1,0,1,1,0,0,2412
0,1,1,1,0,0,1,0,1,0,0,0,0,1,1,2413
0,0,0,1,1,1,1,1,1,0,0,0,1,1,0,2414
1,1,1,0,1,1,1,1,0,0,1,1,0,1,1,2415
0,1,1,0,0,1,1,0,1,1,0,0,0,0,0,2416
0,1,1,0,1,1,1,0,1,1,1,0,1,1,1,2417
0,1,1,1,1,0,0,0,1,1,1,0,0,0,0,2418
1,1,1,1,0,1,0,0,1,0,0,0,0,0,1,2419
0,1,1,1,1,0,1,1,1,0,1,1,0,1,1,2420
0,0,0,0,0,0,1,0,1,0,1,0,1,0,0,2421
1,1,0,0,0,1,0,1,0,0,0,0,0,0,0,2422
1,1,1,1,0,0,1,1,0,0,0,0,0,0,0,2423
0,1,0,0,1,1,0,0,1,1,0,0,0,0,1,2424
0,1,1,1,0,0,0,0,0,1,0,0,0,1,1,2425
1,0,1,0,1,1,1,1,1,1,0,1,0,0,0,2426
1,0,1,1,0,0,0,1,0,0,1,1,0,0,0,2427
0,1,1,1,1,1,0,1,0,1,1,0,1,1,1,2428
1,1,0,0,0,0,0,1,0,0,1,1,0,0,0,2429
0,1,1,0,0,1,0,1,1,0,1,1,1,1,1,2430
1,0,0,0,1,0,1,0,1,1,1,1,0,1,0,2431
1,1,1,0,1,0,0,0,0,1,0,1,0,1,1,2432
0,0,0,0,0,1,0,1,0,0,1,0,1,1,0,2433
1,1,0,0,1,1,1,1,0,1,1,0,1,0,0,2434
0,0,0,1,1,1,0,0,0,0,0,1,0,1,0,2435
0,0,1,0,0,0,0,0,1,0,1,1,0,1,0,2436
0,1,0,1,1,0,1,1,1,1,1,1,0,0,1,2437
0,1,0,1,1,1,0,0,0,1,0,0,0,1,0,2438
0,0,0,0,1,1,0,1,0,1,0,1,1,1,0,2439
0,0,0,1,0,0,1,0,0,1,0,1,1,0,1,2440
1,1,1,0,1,0,1,1,1,1,0,1,0,0,1,2441
0,1,0,0,1,0,1,0,0,0,0,0,1,0,0,2442
0,1,1,1,1,0,0,0,1,0,0,1,1,0,0,2443
0,1,1,0,1,1,1,0,0,0,0,0,1,1,0,2444
0,1,1,1,1,1,0,1,1,0,0,0,0,0,0,2445
1,0,1,0,1,1,1,0,1,0,0,1,1,0,0,2446
0,1,0,0,0,0,1,1,1,1,0,1,1,1,1,2447
0,0,0,1,1,1,1,1,0,0,0,1,1,0,1,2448
0,0,0,0,0,1,0,1,1,1,1,0,1,0,0,2449
1,0,1,0,0,1,0,1,1,1,1,0,1,0,0,2450
0,1,0,1,0,1,0,1,1,0,0,0,1,0,0,2451
1,1,0,0,0,0,0,1,0,0,1,0,1,1,1,2452
1,0,0,0,1,0,0,0,1,1,1,0,1,1,1,2453
0,0,0,0,0,0,1,1,0,1,1,1,0,0,0,2454
0,1,1,0,1,1,0,1,1,1,1,0,0,0,1,2455
0,0,0,1,0,1,1,0,1,0,1,0,1,1,0,2456
0,1,0,0,0,0,1,1,1,0,1,1,0,0,1,2457
1,0,1,0,1,0,0,1,0,1,0,0,1,1,0,2458
0,0,1,0,0,1,0,1,1,0,0,0,0,0,0,2465
1,1,1,0,1,1,1,1,0,1,0,0,0,0,1,2466
1,1,1,0,1,0,1,0,1,1,1,1,1,0,0,2467
0,1,1,1,0,1,1,1,1,0,1,1,0,1,0,2468
0,0,1,1,1,1,0,0,0,0,1,1,1,1,1,2469
0,0,0,1,1,1,0,0,0,1,1,0,1,0,0,2470
0,1,1,1,0,1,0,0,1,1,0,1,1,0,0,2471
1,1,0,1,0,0,0,0,1,0,0,0,0,0,0,2472
0,1,1,0,1,1,1,1,1,0,1,0,0,0,0,2473
0,0,0,0,0,1,0,1,1,0,0,1,1,1,1,2474
0,1,1,0,1,0,0,1,1,1,0,1,1,1,0,2475
0,0,0,0,0,1,1,1,1,1,0,0,1,1,1,2476
1,1,1,0,1,1,0,0,1,1,1,1,0,1,1,2477
1,0,0,1,0,0,0,0,0,1,0,1,1,1,0,2478
1,0,0,0,0,0,1,1,0,0,0,0,0,0,1,2479
1,0,1,1,0,1,0,0,1,0,0,1,0,1,1,2480
0,0,0,1,0,1,0,1,0,1,0,1,0,1,0,2481
0,1,1,0,0,1,1,1,0,1,0,1,1,0,0,2482
0,1,0,0,1,1,0,0,0,1,1,1,1,0,1,2483
0,1,1,0,0,0,1,0,0,1,0,0,1,1,1,2484
0,1,1,1,1,1,1,0,1,1,1,1,0,1,0,2485
0,1,1,0,1,0,0,0,0,0,0,0,1,0,1,2486
0,1,1,0,0,0,1,0,0,1,1,1,0,0,1,2487
0,0,0,1,0,1,1,0,0,1,0,1,1,1,1,2488
1,1,1,0,1,0,1,1,1,0,1,1,0,1,1,2489
1,1,0,0,0,0,1,1,0,0,1,1,1,0,1,2490
1,1,1,1,1,1,0,1,0,1,0,1,0,0,1,2491
1,1,0,0,0,0,1,1,0,1,0,1,0,1,0,2492
1,0,1,1,1,0,0,0,1,1,0,0,1,0,0,2493
0,0,0,1,0,1,1,0,0,0,1,1,0,1,1,2498
0,0,1,0,1,0,1,0,1,1,1,1,0,1,0,2499
0,1,0,1,1,0,0,0,1,1,0,1,0,1,0,2500
1,0,0,1,1,0,1,1,1,1,1,0,1,1,1,2501
0,1,1,1,1,1,1,0,1,1,1,0,1,1,1,2502
1,0,1,0,1,0,1,0,0,1,1,0,0,1,0,2503
0,1,1,1,1,0,1,1,1,1,0,0,1,0,0,2508
0,0,1,0,0,1,1,1,0,1,1,0,0,1,0,2509
1,1,1,0,0,1,0,1,1,1,1,0,0,0,0,2510
0,1,1,0,1,1,0,0,0,1,0,0,0,1,1,2511
0,0,0,0,0,0,0,1,1,1,1,0,0,0,1,2512
0,0,0,0,0,1,0,1,0,0,1,0,1,1,0,2513
0,1,0,0,0,0,1,1,1,0,1,0,1,1,1,2524
0,0,1,0,1,1,0,0,1,0,0,1,0,0,0,2525
0,1,0,0,1,0,0,1,1,0,0,0,1,0,1,2526
1,1,1,1,0,0,1,1,0,0,1,1,0,1,0,2527
0,0,0,1,1,1,0,0,0,0,0,0,1,0,0,2528
0,0,0,0,1,0,0,1,1,1,0,0,0,1,0,2529
0,0,1,0,0,1,0,0,1,1,1,0,0,1,1,2530
1,1,0,0,1,0,0,0,1,1,1,0,1,0,1,2531
0,0,0,1,0,1,1,1,0,0,1,1,0,0,0,2532
0,0,0,0,1,1,1,0,1,1,0,0,1,0,1,2533
0,1,0,0,1,1,0,1,1,1,0,0,0,0,1,2534
1,1,0,0,0,0,0,1,0,1,1,0,1,0,0,2535
0,1,1,1,1,1,0,1,1,0,1,0,0,1,0,2536
1,1,1,1,1,0,0,1,0,0,0,0,1,1,1,2537
0,1,1,1,0,1,1,1,1,1,0,0,1,1,1,2538
1,0,1,0,0,1,0,0,1,1,0,1,0,0,1,2539
0,1,1,0,0,1,1,1,0,0,0,0,1,0,0,2540
0,0,0,1,1,0,0,0,0,0,0,1,0,1,1,2541
1,0,0,0,0,1,1,0,1,0,0,0,1,0,1,2549
0,0,0,0,0,0,1,1,1,0,0,0,1,0,0,2550
0,0,0,0,0,1,1,1,0,0,1,1,0,0,0,2551
0,1,0,0,1,1,1,1,1,1,1,1,1,1,1,2552
1,1,1,0,0,0,0,1,0,0,1,0,1,0,0,2553
1,1,0,0,1,1,0,1,1,1,1,0,0,0,0,2554
0,1,0,0,0,1,1,0,1,1,1,1,0,0,0,2555
1,1,1,1,0,1,0,1,0,1,0,0,1,1,1,2556
0,1,1,0,1,1,1,0,1,0,0,1,1,1,0,2557
1,1,1,1,1,1,1,0,1,0,0,0,1,0,0,2558
1,0,0,1,1,1,1,0,0,0,1,1,1,1,0,2559
1,0,1,1,0,0,0,0,0,1,1,1,1,0,0,2560
0,1,0,1,0,1,0,1,1,1,0,0,1,1,0,2561
1,0,0,1,0,0,0,0,1,0,0,0,1,0,1,2562
0,0,1,1,1,0,0,0,1,0,0,0,1,1,1,2563
1,0,1,1,1,1,1,1,0,0,0,1,0,1,1,2564
0,1,1,0,0,0,0,1,1,1,0,0,0,0,0,2565
1,0,1,0,1,1,1,1,1,1,0,1,0,1,1,2566
1,1,0,0,0,0,0,0,0,1,0,0,1,0,0,2567
1,1,0,1,1,0,1,1,0,0,0,0,1,0,1,2568
1,0,1,1,0,0,0,1,0,1,1,0,1,1,0,2569
1,0,0,1,0,1,0,1,1,1,1,0,1,0,0,2570
1,1,0,0,1,0,1,1,0,1,0,1,1,1,0,2571
1,0,1,0,1,1,0,0,1,0,1,0,0,0,1,2572
1,0,0,1,1,1,0,1,0,0,0,1,1,1,1,2573
1,0,1,0,1,1,0,1,0,0,0,0,1,0,0,2574
1,1,1,1,0,0,0,1,0,0,0,0,1,0,1,2575
1,0,1,0,0,0,0,0,1,0,1,0,1,0,0,2576
1,0,0,0,0,1,1,0,1,0,1,0,0,1,0,2577
0,1,1,1,0,1,0,1,0,1,1,0,1,1,0,2578
1,1,1,1,0,0,0,1,0,1,1,1,0,1,1,2579
1,0,1,0,0,1,0,0,0,0,0,1,0,0,1,2580
1,0,1,0,0,1,1,1,1,0,0,0,1,1,0,2581
1,0,1,1,0,1,0,1,1,1,0,0,0,1,1,2582
1,0,1,1,1,0,1,1,1,1,0,0,0,0,0,2583
0,0,1,0,0,1,1,0,0,1,1,0,0,1,0,2584
0,0,0,1,0,0,1,1,1,1,1,1,1,1,1,2585
0,0,1,0,1,0,0,1,1,1,1,1,1,1,0,2586
1,1,1,0,1,0,0,1,0,0,0,0,0,0,0,2587
1,1,1,1,1,1,1,0,0,0,1,0,0,0,1,2588
0,0,0,1,1,0,1,0,0,1,1,1,1,0,0,2589
0,0,0,1,1,0,0,0,1,1,0,1,0,1,1,2590
1,0,1,1,1,0,1,1,1,1,1,1,1,1,0,2591
1,0,1,0,1,1,0,0,0,1,1,0,1,1,0,2592
1,0,0,0,1,0,1,0,0,0,0,0,0,0,0,2593
0,0,1,1,1,0,0,1,1,1,1,0,0,0,1,2594
1,0,1,0,0,0,1,1,1,1,0,0,1,0,0,2595
0,0,1,1,1,1,1,0,1,0,0,1,1,0,0,2596
0,0,0,0,1,0,0,0,1,0,0,1,1,1,1,2597
1,0,1,0,0,0,1,0,0,0,0,1,0,1,1,2598
0,1,0,0,0,0,0,0,0,0,1,0,1,0,1,2599
1,0,0,1,1,0,1,1,1,1,1,1,1,1,0,2600
1,1,1,0,0,1,0,0,1,0,0,1,1,1,1,2601
0,0,0,1,1,0,1,0,0,0,0,0,0,0,0,2602
0,0,1,1,0,0,1,0,0,1,1,0,1,0,0,2603
1,1,1,1,1,1,0,0,0,1,0,0,0,1,0,2604
0,1,0,1,1,1,0,1,1,0,1,0,0,0,0,2605
1,0,0,1,1,1,0,1,0,0,0,1,1,1,1,2606
1,1,0,1,0,0,0,1,1,0,1,1,0,1,1,2607
0,1,1,1,1,0,1,0,1,1,1,0,0,1,0,2608
0,0,1,1,1,0,1,1,0,0,0,1,0,0,1,2609
1,1,1,1,1,0,1,0,0,1,0,1,0,0,1,2610
0,0,1,1,0,0,0,1,1,1,0,1,1,0,0,2617
1,1,0,0,0,0,0,0,1,1,0,0,1,1,1,2618
0,0,0,0,1,1,0,1,1,1,1,0,0,0,0,2619
1,1,1,0,0,0,0,1,1,0,1,0,0,1,1,2620
0,1,1,1,0,0,1,0,0,0,0,0,0,1,0,2621
0,0,0,1,1,0,0,0,1,1,1,0,1,0,1,2622
1,0,1,0,1,1,1,1,0,1,0,0,0,1,0,2632
0,0,1,0,1,0,1,1,0,0,0,0,0,0,0,2633
1,0,0,0,0,0,0,1,0,0,1,0,0,0,1,2634
1,0,0,0,0,1,0,0,1,1,0,0,0,0,1,2635
0,0,1,1,1,0,0,0,1,0,1,0,1,1,1,2636
1,1,0,0,0,1,0,1,0,0,0,0,0,0,0,2637
1,0,1,0,0,1,0,1,0,1,0,1,0,1,1,2638
1,0,0,0,0,1,1,1,0,0,0,0,1,0,0,2639
1,0,1,0,0,0,1,0,0,1,1,0,1,1,1,2640
0,1,0,1,1,1,0,1,1,1,0,0,0,0,0,2641
0,1,1,1,1,1,0,1,1,0,0,1,1,0,0,2642
0,0,1,0,1,1,1,1,1,0,0,0,1,1,0,2647
0,0,1,1,0,1,1,1,1,0,0,0,1,1,0,2648
1,1,0,0,1,1,1,1,0,0,1,1,0,1,1,2649
1,0,1,1,0,0,0,1,0,0,0,0,1,1,0,2650
0,1,1,1,0,1,1,1,1,1,1,1,1,0,1,2651
1,0,0,1,1,1,1,0,1,0,0,0,0,1,1,2652
1,0,1,1,1,0,0,0,1,1,1,1,0,1,0,2653
1,0,1,0,0,0,0,1,1,0,1,1,0,1,1,2654
1,0,0,0,1,1,1,1,1,1,0,1,1,0,1,2655
1,0,0,0,1,1,0,0,1,0,1,1,1,1,0,2656
1,1,1,1,1,0,0,0,1,0,0,0,0,0,0,2657
1,1,0,1,0,0,0,0,0,0,1,1,1,1,1,2658
1,0,1,0,1,1,0,1,1,1,1,1,1,1,1,2659
1,1,1,1,0,1,0,1,1,1,0,1,1,1,0,2660
1,1,0,0,0,1,0,1,0,1,0,0,1,1,1,2661
0,1,1,0,1,1,1,0,0,0,1,1,1,0,0,2662
1,1,0,0,1,1,1,1,0,0,1,0,0,0,1,2663
0,1,0,1,1,0,0,0,1,1,0,0,0,1,0,2664
0,0,1,0,0,1,1,1,0,0,1,1,0,0,0,2665
1,0,0,0,1,1,1,1,0,0,0,0,1,1,1,2666
1,0,1,0,1,1,0,1,1,1,1,0,0,0,0,2667
1,1,1,0,0,1,0,0,0,0,1,1,0,0,0,2668
1,0,1,1,0,0,1,1,0,0,0,1,1,1,1,2669
0,1,1,0,1,0,1,1,1,0,1,1,0,0,0,2670
0,0,0,0,0,1,0,0,0,1,1,1,1,1,1,2671
0,0,0,0,0,1,1,1,0,0,0,0,0,1,1,2672
1,1,0,0,1,0,1,0,1,0,1,1,1,1,0,2673
1,1,0,0,1,0,1,1,1,1,1,0,0,0,0,2674
1,1,1,1,1,0,1,0,1,0,1,1,1,0,1,2675
0,1,1,1,0,1,1,0,0,0,0,0,0,1,1,2676
1,1,1,0,0,1,0,1,1,0,0,1,0,0,1,2677
0,0,1,1,0,1,1,0,1,1,0,1,0,1,1,2678
1,0,1,1,0,1,1,1,1,0,1,1,0,1,1,2679
0,0,0,0,1,1,0,0,1,1,1,1,0,1,0,2684
0,0,1,1,0,1,0,0,1,0,1,1,0,0,1,2685
0,0,1,1,0,0,1,1,0,1,0,0,1,0,0,2686
0,1,1,0,0,1,1,0,1,0,0,0,0,1,1,2687
0,0,1,0,1,1,0,0,1,1,0,0,1,1,0,2688
0,0,0,1,0,1,1,1,1,1,0,0,1,0,1,2689
1,1,0,0,0,1,0,0,1,1,0,0,0,1,0,2690
1,0,0,1,0,1,0,0,1,1,1,0,0,1,1,2691
0,0,0,0,1,0,1,1,1,1,0,1,1,0,1,2692
1,0,1,0,0,1,0,0,0,1,1,0,0,1,0,2693
0,0,0,0,1,1,1,1,1,1,1,0,0,1,0,2694
1,0,1,1,0,1,0,0,1,1,1,0,0,0,0,2695
1,0,1,1,0,1,0,0,0,0,0,1,0,0,1,2696
1,1,0,1,0,0,1,1,0,0,1,1,0,0,0,2697
1,0,1,1,0,1,1,1,0,1,1,1,1,1,1,2698
0,1,0,1,0,1,1,1,1,1,0,0,0,0,0,2699
0,1,1,0,0,0,0,0,0,0,0,1,0,0,1,2700
1,1,1,1,1,0,0,1,1,1,0,1,0,0,0,2701
0,1,1,1,1,0,1,0,1,0,0,0,0,1,0,2702
0,0,1,0,0,1,0,1,0,1,1,1,1,1,0,2703
1,1,1,1,0,1,0,1,0,0,0,1,1,0,0,2704
1,0,0,1,0,0,0,1,1,0,1,1,1,0,1,2705
1,0,1,1,0,0,1,0,0,0,0,0,0,1,0,2706
0,0,1,1,1,1,0,1,1,0,1,0,1,1,1,2707
1,1,1,0,1,1,0,1,0,0,1,1,0,1,1,2708
1,1,1,1,1,1,1,0,0,1,1,0,1,1,0,2709
0,0,0,0,1,0,1,1,1,0,0,0,0,0,0,2710
0,0,0,0,0,0,0,1,0,0,0,0,1,0,0,2711
0,0,0,0,1,1,0,0,0,0,0,0,0,0,1,2712
1,0,0,0,1,0,0,1,1,1,1,0,0,1,1,2713
0,0,1,0,0,0,1,1,1,1,0,1,0,0,0,2714
1,1,1,0,1,1,0,0,1,1,1,0,0,1,1,2715
0,0,0,0,1,0,1,1,1,0,0,1,1,1,0,2716
0,1,1,1,1,0,0,1,0,0,1,1,1,1,0,2717
0,1,1,1,0,0,1,0,0,0,1,0,0,1,0,2718
1,0,0,1,1,1,1,1,0,1,1,1,1,1,1,2719
1,1,1,1,0,1,1,1,1,1,0,1,1,0,0,2720
0,0,0,1,1,0,0,1,1,0,0,0,0,0,1,2721
0,0,1,1,1,0,1,0,1,0,0,0,1,1,0,2722
1,0,1,0,0,0,1,1,0,1,1,0,0,0,1,2723
0,1,1,0,1,0,1,0,1,0,1,0,0,1,1,2724
0,0,1,1,0,1,1,0,0,0,0,0,1,1,0,2725
1,1,0,0,0,1,0,1,1,0,0,1,0,1,0,2726
0,0,1,0,0,1,1,0,1,0,0,1,1,0,1,2727
1,0,1,0,0,1,1,0,0,0,0,1,0,1,0,2728
1,1,1,1,1,0,1,0,0,0,0,1,1,0,1,2729
0,0,1,1,0,0,0,1,0,0,1,1,0,0,0,2730
1,1,0,1,0,0,0,1,1,1,1,0,1,1,1,2731
1,1,0,1,0,0,0,1,1,1,0,1,1,0,1,2732
0,1,1,1,0,1,1,1,1,1,1,1,0,1,1,2733
1,1,0,0,1,1,0,0,0,1,0,1,0,1,0,2734
1,0,1,0,0,0,0,0,1,1,0,1,1,1,0,2735
0,1,1,1,0,1,0,1,1,0,1,0,0,1,0,2736
0,1,0,1,1,1,0,0,1,0,0,0,0,0,0,2737
0,1,1,1,1,0,0,1,0,0,1,0,0,0,0,2738
1,1,1,0,0,0,0,1,0,0,0,0,1,1,1,2739
0,1,1,0,1,1,1,1,0,1,1,1,0,0,1,2740
1,0,0,0,1,0,0,1,1,1,0,1,0,0,1,2741
1,0,0,0,0,1,0,1,0,0,1,0,0,0,1,2742
1,0,0,0,1,0,0,1,1,0,0,0,1,0,1,2743
1,1,0,1,1,0,1,1,1,1,1,0,1,0,1,2744
1,0,0,0,1,1,0,1,1,0,0,1,0,0,0,2745
0,0,1,0,1,0,0,1,1,1,0,1,1,0,1,2746
0,0,1,0,0,1,1,0,1,1,1,1,0,1,1,2747
1,0,0,1,0,1,0,1,1,0,1,0,0,1,0,2748
0,1,1,1,1,0,1,1,1,0,0,0,0,0,0,2749
0,0,1,0,0,1,1,0,0,0,0,1,0,0,1,2750
1,0,0,0,0,1,1,1,0,1,0,0,0,1,1,2751
0,0,0,1,0,0,0,0,1,1,1,1,1,0,1,2752
0,1,1,1,0,0,0,1,0,1,0,1,1,1,0,2753
0,1,1,0,0,1,1,0,1,1,1,0,1,0,0,2754
1,1,0,1,0,0,1,1,0,0,0,1,1,0,0,2755
1,0,1,1,1,1,0,1,0,0,1,0,1,0,1,2756
1,0,1,0,0,0,0,0,0,1,1,1,1,1,0,2757
1,1,1,0,0,1,0,0,0,0,0,1,0,1,0,2758
0,0,0,1,0,0,1,1,1,0,1,0,0,1,1,2759
1,1,1,0,1,1,1,0,1,0,0,1,0,0,0,2760
1,1,1,0,1,0,0,1,1,0,0,0,0,0,1,2761
1,1,0,0,0,0,1,0,1,1,1,1,0,1,0,2762
1,0,0,0,0,0,0,0,1,0,0,1,0,1,0,2763
1,0,1,0,0,0,1,1,0,0,0,1,1,1,0,2764
0,1,1,0,0,0,0,0,0,0,0,1,0,1,1,2765
0,1,1,0,0,1,1,0,0,0,1,0,0,0,0,2766
0,0,0,1,0,1,0,0,0,0,1,1,1,0,1,2767
1,1,1,0,0,1,0,1,0,1,1,0,0,1,0,2768
1,1,1,0,1,1,1,0,1,0,0,0,0,1,1,2769
0,1,1,1,1,1,0,1,0,1,1,0,0,1,0,2770
0,1,0,1,0,1,1,1,1,0,0,0,0,1,0,2771
0,1,1,0,0,0,0,0,0,0,0,0,0,0,1,2772
1,0,1,1,1,0,0,1,0,0,1,1,0,1,1,2773
0,1,1,1,1,0,0,0,1,1,1,0,1,0,1,2774
0,0,1,0,0,0,1,0,1,0,1,0,0,0,1,2775
0,0,0,0,0,0,0,1,0,0,0,0,0,1,0,2776
0,0,1,1,0,1,1,1,0,0,1,0,1,0,1,2777
1,0,0,0,1,0,1,1,0,1,0,1,0,0,0,2778
0,0,1,0,1,1,1,1,0,0,1,0,1,1,1,2779
1,1,1,0,1,0,0,0,0,0,1,0,0,0,1,2786
0,0,1,0,0,0,1,0,1,0,0,0,1,1,1,2787
1,0,1,1,0,0,0,0,0,1,1,0,0,0,1,2788
0,0,1,0,0,0,0,0,1,1,0,0,1,1,1,2789
0,0,0,1,0,1,1,0,0,0,0,0,1,0,0,2790
1,1,1,0,1,1,0,0,1,1,0,1,0,0,0,2791
1,1,1,0,1,1,0,0,0,1,0,0,1,1,0,2796
1,1,0,1,1,0,1,0,1,0,0,1,1,1,1,2797
0,1,1,1,1,1,0,0,0,0,0,1,0,0,1,2798
1,1,1,0,0,0,1,1,0,1,1,0,1,0,1,2799
0,0,0,0,1,1,1,0,0,1,0,0,1,0,1,2800
0,0,0,0,0,0,1,1,0,0,1,1,0,0,0,2801
0,1,1,0,0,0,0,0,0,0,0,1,0,0,1,2802
1,1,0,0,0,1,0,1,0,1,0,1,0,1,1,2803
0,1,0,1,1,1,0,1,1,0,0,1,1,1,1,2804
0,0,1,0,1,1,0,0,0,0,0,1,0,0,0,2805
1,1,0,1,0,1,0,1,0,1,1,0,0,0,1,2806
0,1,1,0,1,0,1,1,1,0,1,1,0,1,1,2807
1,0,1,0,0,1,1,1,0,1,1,0,1,1,0,2808
1,0,0,1,0,1,1,0,1,0,1,1,1,1,0,2809
1,0,1,0,0,1,1,1,1,0,0,1,0,0,0,2810
0,1,0,0,0,0,1,0,0,0,1,1,0,1,0,2811
1,0,1,1,0,0,1,1,1,1,0,1,0,0,1,2812
1,1,1,0,0,1,0,0,0,1,1,0,0,0,0,2813
1,0,0,1,1,0,1,1,0,0,0,1,1,1,0,2814
0,0,0,1,1,1,0,1,1,1,0,0,0,1,0,2815
1,0,1,1,1,0,1,1,1,1,0,0,0,1,0,2816
1,0,1,0,0,1,1,0,0,1,0,0,0,1,0,2817
1,0,1,0,0,0,1,1,1,1,1,1,1,0,1,2818
1,0,0,0,1,1,0,0,1,1,1,0,1,0,1,2819
0,0,1,0,1,1,1,1,1,1,0,0,1,0,1,2820
1,1,1,1,0,0,0,0,1,0,0,0,0,0,0,2821
0,0,0,0,1,0,0,1,1,1,1,0,1,1,0,2822
1,1,0,1,1,0,0,1,0,1,1,0,0,1,1,2823
1,1,1,0,0,0,0,1,1,1,0,1,1,0,0,2824
1,0,0,1,1,0,1,1,1,1,1,0,1,1,1,2825
1,1,1,0,0,1,0,0,1,0,1,0,1,1,0,2826
1,0,0,1,1,1,1,1,0,1,0,1,0,0,1,2827
1,0,0,1,1,0,0,0,0,0,0,1,1,0,0,2828
0,1,0,1,1,1,0,0,1,0,0,1,0,1,1,2829
1,1,1,0,0,0,0,0,1,1,0,0,0,1,0,2830
0,0,1,1,0,0,1,1,0,1,0,0,0,0,1,2831
0,0,0,0,0,1,0,0,1,0,0,1,1,0,1,2832
1,1,0,0,1,0,1,0,0,1,1,0,1,0,0,2833
0,0,0,1,1,1,0,0,0,0,0,1,0,0,1,2834
0,1,0,1,0,1,1,0,1,1,1,0,1,1,1,2835
0,0,0,1,1,1,1,0,0,0,1,1,0,1,1,2836
1,1,1,1,1,1,1,1,0,0,0,0,1,1,0,2837
1,1,0,0,1,0,0,1,0,0,0,0,1,0,1,2838
1,0,0,0,0,1,1,0,0,0,1,0,0,0,1,2839
0,1,1,0,0,0,1,0,1,1,1,1,0,0,0,2840
0,1,1,0,0,0,0,0,1,0,0,1,1,1,1,2841
1,0,0,0,0,0,1,1,0,1,1,1,0,0,0,2842
1,0,0,0,1,1,1,0,0,0,1,0,0,1,1,2843
0,1,0,1,0,0,1,1,1,0,0,1,0,0,1,2844
0,0,0,0,1,0,0,0,1,0,0,1,1,1,0,2845
0,0,1,0,0,0,1,0,0,0,0,0,0,1,1,2846
0,0,1,0,0,0,0,0,1,1,1,0,0,0,1,2847
1,1,0,1,0,0,0,0,0,0,1,1,1,1,1,2848
1,1,1,0,1,1,0,0,1,1,0,0,1,0,0,2849
0,1,1,0,1,0,0,0,1,0,1,1,1,1,1,2850
0,0,1,0,1,1,1,0,1,0,0,1,0,1,0,2851
1,0,0,0,0,1,0,0,1,0,1,1,1,0,1,2852
1,0,1,0,0,1,1,1,1,0,0,0,0,0,0,2853
0,1,1,0,1,0,1,0,1,1,1,0,1,1,1,2854
1,0,1,1,0,0,0,0,0,0,0,0,1,0,0,2855
0,0,1,0,0,1,1,1,0,1,1,1,1,1,0,2856
0,0,0,0,0,1,0,1,0,1,0,1,1,0,1,2860
0,0,0,0,1,0,0,1,1,0,0,0,0,0,1,2861
0,0,0,0,1,1,1,1,0,1,1,1,0,0,0,2862
1,0,0,0,0,0,1,0,1,0,0,0,0,1,1,2863
0,0,1,1,0,1,1,1,1,1,1,1,0,1,0,2864
1,1,0,1,1,0,0,1,0,1,1,1,1,0,1,2865
1,0,0,0,0,1,0,0,1,0,0,0,1,0,1,2866
1,0,1,1,0,0,0,0,1,1,1,0,0,1,1,2867
1,1,0,1,0,0,0,0,0,1,0,0,1,1,0,2868
0,0,1,0,0,0,1,1,1,0,1,0,0,0,0,2869
1,1,0,1,0,1,0,0,1,1,1,0,1,1,0,2870
1,1,1,0,1,1,1,1,1,1,0,1,0,0,0,2871
1,0,1,1,1,0,1,0,1,1,1,0,0,0,0,2872
0,1,0,0,0,1,1,1,1,0,0,0,1,1,1,2873
1,1,1,0,0,1,0,0,0,1,1,1,0,0,1,2874
0,0,1,1,0,0,0,1,1,0,0,1,0,1,0,2876
1,1,0,0,0,1,1,0,1,1,0,1,1,0,0,2877
1,0,1,0,0,1,1,1,0,0,1,1,0,0,0,2878
1,0,1,1,0,0,1,1,0,1,1,1,1,0,0,2879
0,0,1,1,1,0,1,1,0,1,1,0,0,1,1,2880
0,0,0,0,0,1,0,0,0,0,0,1,0,1,1,2881
0,1,0,1,1,0,0,1,1,0,0,0,0,1,1,2882
1,0,1,0,1,0,0,0,0,1,0,0,0,0,1,2883
1,1,0,0,1,0,1,0,1,0,0,0,1,1,0,2884
1,0,1,0,0,0,1,0,0,0,1,1,0,1,1,2885
0,0,1,0,1,1,1,1,0,1,0,1,0,0,1,2886
0,0,0,1,0,0,1,1,0,0,1,1,0,1,0,2887
0,0,1,1,0,0,0,0,0,1,0,1,0,1,0,2888
0,0,1,1,1,0,1,0,0,0,1,0,1,1,0,2889
1,0,1,0,0,1,1,0,1,0,1,1,0,0,0,2890
0,1,1,0,1,1,1,0,1,1,0,1,1,0,0,2891
0,0,1,1,1,1,0,0,1,1,1,0,1,0,1,2892
0,1,1,0,0,0,0,1,1,0,0,0,1,0,1,2893
0,1,0,0,1,1,1,1,1,0,1,1,0,1,0,2899
1,1,0,0,1,0,1,0,0,1,1,0,0,0,1,2900
0,1,0,0,1,1,0,0,1,1,1,1,0,0,1,2901
1,1,1,1,0,0,0,0,0,0,1,1,0,0,1,2902
0,0,1,1,0,1,1,1,1,0,1,0,1,0,1,2903
0,1,0,0,1,1,1,1,1,0,1,0,1,0,0,2904
0,1,1,1,0,0,1,0,1,0,1,1,1,1,0,2905
0,1,1,1,1,0,0,0,1,0,1,1,1,1,0,2906
0,0,0,1,1,0,1,0,1,1,0,1,1,0,1,2907
0,1,1,1,1,0,0,0,1,0,0,1,1,1,1,2908
0,1,0,0,0,0,1,0,1,0,1,1,0,1,1,2909
0,0,0,0,0,1,0,1,1,1,0,0,1,1,0,2910
0,1,1,0,0,0,0,1,1,0,1,1,1,1,0,2911
1,0,1,1,0,1,0,0,1,0,0,0,0,0,1,2913
0,1,0,0,0,0,0,1,0,1,0,1,0,1,1,2914
0,1,0,1,1,1,1,1,1,1,1,1,1,0,0,2915
0,1,0,1,1,0,1,0,1,1,0,0,1,0,0,2916
1,0,1,1,1,0,1,1,0,1,1,1,0,1,0,2923
0,1,1,1,0,0,1,1,1,1,1,0,1,0,1,2924
0,0,1,0,1,0,1,1,0,1,1,1,1,0,0,2925
0,1,1,1,1,1,0,0,0,0,1,1,1,1,1,2926
1,1,0,1,0,0,1,0,1,0,1,0,1,1,0,2927
0,0,0,1,0,0,0,1,1,1,0,1,0,0,0,2928
0,1,1,0,0,1,1,0,1,0,1,1,1,0,0,2929
1,0,1,0,0,1,0,1,1,1,1,0,0,0,0,2934
0,1,0,1,1,0,0,1,1,0,0,1,0,1,1,2935
1,0,0,1,1,1,0,1,0,0,1,0,0,0,0,2936
0,1,0,1,1,1,1,1,0,1,0,0,1,1,0,2937
1,0,1,0,1,0,1,0,1,0,0,1,1,1,1,2938
1,0,0,1,1,1,1,0,1,0,1,0,1,0,1,2939
0,0,0,0,1,0,0,0,1,1,0,1,1,0,0,2944
1,1,0,1,1,1,0,1,0,0,1,1,1,0,0,2945
1,0,0,1,0,0,1,0,0,1,0,0,0,1,0,2946
0,0,1,1,0,1,0,0,0,0,1,0,0,0,1,2947
1,1,1,0,1,1,0,0,1,1,1,0,1,0,1,2952
0,1,0,1,0,1,0,0,0,0,1,1,1,0,0,2953
0,0,1,1,0,0,1,0,1,0,1,0,0,0,1,2954
0,0,1,1,1,1,0,0,0,0,0,0,1,1,1,2955
1,0,0,0,1,1,1,1,0,0,0,0,1,0,1,2956
1,0,1,0,1,1,0,0,1,1,1,0,0,0,1,2957
0,0,1,0,1,1,0,0,0,0,0,1,1,1,0,2960
1,1,0,0,0,0,0,0,0,0,1,1,0,0,1,2961
0,0,0,0,0,1,0,1,1,1,0,0,0,1,1,2962
1,1,1,0,1,0,0,1,0,1,1,1,1,1,0,2963
0,0,1,0,0,1,0,0,0,0,1,1,0,1,0,2964
1,1,0,0,1,0,1,0,1,0,1,0,0,1,1,2965
0,0,1,0,1,0,0,1,1,0,1,0,0,1,1,2966
1,0,0,1,0,1,0,1,1,0,0,0,0,0,1,2967
0,1,0,1,1,1,1,1,1,0,0,1,0,1,0,2968
1,1,1,0,1,0,0,0,1,0,1,1,0,0,0,2969
1,0,1,1,1,1,0,0,0,1,0,1,0,1,1,2970
0,0,1,1,0,1,0,0,0,1,0,0,1,1,1,2971
1,1,1,1,0,0,0,1,0,1,0,0,1,1,0,2972
0,0,1,1,0,0,1,1,1,1,1,1,0,0,0,2973
1,1,0,1,0,0,1,0,1,0,1,0,0,0,1,2974
0,0,0,1,1,0,0,1,1,1,1,1,1,0,1,2975
0,0,0,0,0,1,0,1,0,0,1,0,0,1,0,2976
1,0,0,1,1,0,1,0,1,1,1,0,1,1,1,2977
1,0,0,1,1,1,1,0,0,0,1,0,0,0,1,2978
0,1,1,0,1,0,1,0,1,1,1,1,1,1,1,2979
0,1,1,1,0,0,0,1,0,1,1,1,1,1,0,2980
0,0,1,1,0,1,1,1,0,0,1,0,1,0,1,2981
0,1,0,1,0,0,1,0,0,1,1,1,1,0,0,2982
1,1,1,0,0,1,0,1,0,1,1,1,0,0,1,2983
0,0,0,0,1,1,0,0,0,1,0,0,1,1,1,2984
0,1,0,1,1,1,1,0,1,0,0,1,0,1,0,2985
0,1,1,0,1,1,1,1,1,0,0,1,1,0,0,2998
0,1,1,1,1,1,1,0,0,0,1,1,0,1,1,2999
1,1,0,0,0,0,0,0,0,1,1,1,0,0,1,3000
0,0,1,0,1,1,1,1,1,1,1,1,0,0,1,3001
1,0,1,0,1,1,1,0,0,0,0,1,1,0,0,3002
0,1,1,0,1,0,1,1,0,0,1,0,0,0,0,3003
1,1,0,0,0,1,0,1,0,1,0,1,0,0,1,3004
1,0,0,1,0,0,1,0,0,0,0,0,1,1,1,3005
0,1,1,1,0,1,1,0,1,1,0,0,0,1,0,3006
0,1,0,1,1,0,0,0,1,1,1,0,0,1,0,3022
0,1,1,1,1,0,0,1,0,1,0,1,1,0,1,3023
0,1,0,1,1,0,0,0,1,1,0,1,1,0,1,3024
0,0,0,0,0,0,0,0,0,0,1,1,1,1,0,3025
0,1,0,0,0,0,1,0,0,1,0,1,0,0,1,3026
1,0,0,1,1,1,0,0,1,1,0,0,1,0,0,3027
1,0,0,0,0,0,0,1,1,0,0,0,1,0,0,3040
0,1,1,0,0,0,0,0,1,0,0,0,1,0,0,3041
0,1,1,1,0,0,1,1,0,1,0,1,1,1,0,3042
1,1,1,0,0,0,0,0,0,0,0,1,1,0,0,3043
1,0,0,0,1,1,0,0,0,0,1,0,1,0,0,3044
0,0,1,1,1,1,0,0,0,0,0,0,0,0,0,3045
1,0,0,0,1,1,1,0,1,0,1,1,1,1,1,3046
1,1,1,0,1,1,1,0,1,0,0,0,0,0,0,3047
0,1,1,0,0,1,0,1,0,0,1,1,1,1,1,3049
0,1,0,0,1,1,1,0,0,1,0,1,1,0,1,3050
0,0,0,0,0,1,1,1,1,1,1,1,1,1,1,3051
1,1,0,0,0,1,1,0,0,1,0,1,0,0,1,3052
0,0,0,0,1,0,1,1,1,1,1,1,1,1,1,3053
1,0,1,0,1,0,0,0,1,0,0,1,0,1,1,3054
1,0,1,0,1,0,0,0,0,1,1,0,0,1,0,3055
0,1,1,1,0,1,1,1,0,1,1,0,0,1,0,3057
1,1,0,1,0,0,1,1,0,0,0,1,1,1,0,3058
0,1,1,1,1,1,0,1,1,0,1,1,1,1,1,3059
0,0,0,0,0,0,0,1,0,1,0,1,1,0,0,3060
1,1,0,0,1,1,1,1,1,0,1,0,0,1,0,3068
0,1,1,0,0,1,1,0,1,1,0,1,1,1,0,3069
0,1,0,0,1,1,1,1,0,0,0,1,0,0,0,3074
1,0,0,0,1,0,1,1,0,0,0,1,0,0,0,3075
1,0,0,1,0,1,0,0,0,1,0,0,1,1,0,3076
0,1,1,1,0,0,1,1,1,0,0,0,1,1,1,3077
1,1,1,1,1,1,1,1,0,0,0,0,0,1,0,3082
0,1,0,0,0,0,1,1,1,1,0,0,0,1,0,3083
1,0,1,1,1,0,0,0,0,1,0,0,0,1,0,3084
1,1,1,0,0,1,1,1,1,1,1,0,0,1,1,3085
0,1,1,0,1,1,1,1,0,0,1,1,1,1,1,3090
0,0,0,0,0,1,1,0,1,1,0,0,1,0,1,3091
1,0,0,1,1,0,1,0,0,0,0,0,1,1,1,3092
0,1,1,0,0,1,1,1,0,1,1,1,1,1,0,3093
1,1,0,0,0,1,0,0,0,0,0,1,1,0,0,3104
0,0,0,0,1,1,1,0,0,1,0,1,1,1,1,3105
0,0,1,1,1,1,1,1,1,0,0,0,1,1,0,3106
1,0,0,1,0,1,0,1,0,1,0,0,1,0,0,3107
0,1,0,1,0,1,0,1,1,0,1,1,0,0,1,3114
0,0,0,1,1,0,1,1,0,1,1,0,0,1,1,3115
0,1,1,1,1,1,1,1,0,0,0,1,1,1,1,3116
1,1,0,1,0,1,0,1,0,0,0,1,1,0,1,3117
1,1,1,0,0,1,0,1,0,0,0,1,0,0,0,3118
1,1,0,1,0,1,1,0,1,1,1,0,1,1,1,3119
0,1,1,0,0,0,0,0,0,1,0,1,0,0,0,3128
0,0,1,0,1,0,0,0,1,0,0,0,0,1,0,3129
0,0,0,1,0,0,1,0,1,1,0,0,1,1,0,3130
0,1,1,1,1,0,0,1,1,1,0,0,1,0,0,3131
0,1,0,1,0,1,0,0,0,1,0,1,0,0,1,3132
0,0,0,0,1,0,0,1,0,1,0,0,1,1,1,3133
0,0,1,0,1,1,0,0,0,1,1,1,1,1,0,3138
0,0,0,0,0,0,0,0,1,0,0,0,0,0,1,3139
0,0,0,0,1,1,0,0,0,1,1,0,0,0,0,3142
1,0,1,1,0,0,0,0,0,1,0,1,1,1,0,3143
1,0,1,0,0,1,1,1,0,1,0,1,0,1,0,3154
1,0,1,1,1,0,0,0,1,1,1,0,0,1,1,3155
0,1,0,1,0,0,1,0,1,1,1,0,1,0,0,3156
0,0,1,1,0,1,1,0,1,1,0,0,0,1,1,3157
1,1,1,1,0,1,0,0,1,1,1,0,1,0,0,3158
1,0,0,0,0,0,1,1,1,0,1,1,1,1,0,3159
1,1,1,0,0,0,0,1,0,1,0,1,1,0,1,3170
1,0,1,1,1,0,0,1,1,0,1,0,1,0,1,3171
0,0,0,0,1,1,0,0,1,1,0,1,0,1,1,3172
0,1,1,0,1,0,1,1,0,1,1,0,0,0,0,3173
0,0,0,1,1,0,1,0,1,1,0,1,0,1,0,3174
1,1,0,1,0,0,1,1,1,0,1,0,1,0,0,3175
1,0,0,1,1,0,0,1,1,1,1,1,1,1,1,3198
1,1,0,1,1,1,1,1,1,1,1,1,0,0,0,3199
1,0,0,1,0,0,1,0,1,0,0,1,0,1,0,3200
0,0,1,1,1,1,0,0,0,0,1,1,0,1,1,3201
1,0,0,1,1,0,0,0,1,0,1,0,1,0,0,3215
1,1,1,1,0,0,1,1,1,1,0,1,1,0,0,3216
0,1,0,0,0,1,0,1,1,1,0,0,0,1,1,3217
0,1,0,1,1,0,1,0,0,1,1,0,0,0,0,3218
1,1,0,0,0,1,1,0,0,1,0,0,1,0,0,3219
0,1,0,0,1,0,1,1,1,1,0,1,0,1,0,3220
1,0,1,1,1,1,0,1,0,1,1,1,1,1,0,3240
1,1,1,1,1,0,0,1,1,0,0,0,1,0,1,3241
1,1,1,0,0,1,1,0,1,0,0,1,1,1,0,3242
0,0,0,0,0,0,1,1,1,1,0,0,0,1,1,3243
0,0,0,0,0,0,1,1,0,1,1,0,0,1,0,3244
0,0,1,0,0,0,1,1,0,0,1,1,0,1,0,3245
0,1,1,1,0,0,1,0,0,1,1,0,0,1,0,3246
1,1,0,0,1,0,0,0,1,1,1,0,1,1,0,3247
0,1,0,0,1,0,1,1,0,0,0,1,1,1,0,3248
0,1,0,1,1,0,1,1,0,0,1,0,1,1,1,3249
1,0,1,0,1,1,0,1,0,0,1,0,1,1,0,3254
0,1,0,1,0,0,0,0,1,1,1,1,1,0,0,3255
0,1,1,1,1,1,0,0,1,1,1,1,0,0,1,3256
1,0,0,1,1,1,0,0,1,0,0,1,1,0,0,3257
1,0,0,0,0,1,1,1,1,1,0,0,1,0,0,3262
1,0,0,1,1,0,0,0,0,1,1,0,0,1,0,3263
0,0,1,0,1,0,0,1,0,0,0,1,1,0,0,3272
0,0,1,1,0,0,1,1,0,0,0,0,0,0,1,3273
0,1,0,1,1,1,0,0,0,1,1,1,0,0,0,3274
1,0,1,0,1,1,0,1,0,0,0,0,0,1,0,3275
0,1,1,1,0,1,0,1,0,1,0,0,1,0,1,3280
0,1,1,1,0,0,0,1,1,1,0,0,1,0,1,3281
1,1,0,1,1,1,1,1,0,1,1,1,0,0,1,3282
1,1,1,0,1,1,1,1,0,1,0,1,0,0,1,3283
0,1,1,0,1,1,0,1,1,1,1,1,1,1,0,3290
1,1,1,1,1,1,1,0,1,0,0,1,1,1,0,3291
1,1,1,0,1,0,1,0,0,0,1,0,0,1,1,3318
1,0,0,0,0,1,0,0,0,0,1,0,1,0,0,3319
0,0,1,1,0,1,0,0,1,0,0,0,1,0,1,3320
1,0,1,0,1,0,0,0,0,1,0,1,1,0,0,3321
1,0,0,0,1,0,1,1,0,1,1,0,1,0,0,3322
0,1,0,0,1,1,0,0,0,1,0,1,0,1,1,3323
1,0,0,0,0,1,0,1,0,0,0,0,0,1,0,3324
0,1,0,0,1,0,1,1,1,1,0,0,1,0,0,3325
1,0,0,1,1,0,0,0,1,0,0,1,0,0,0,3363
0,0,0,1,0,0,1,1,1,0,1,1,1,1,1,3364
1,1,0,0,1,0,0,1,0,0,1,1,1,1,0,3365
1,0,1,0,0,0,1,1,0,1,0,1,0,0,1,3366
0,0,1,1,0,1,0,1,1,0,1,1,0,1,0,3367
0,0,1,1,0,1,1,0,0,0,0,1,0,0,0,3368
0,1,0,0,1,1,0,0,0,0,1,0,0,1,0,3369
1,1,0,0,0,0,0,1,1,1,0,0,1,1,1,3370
0,1,0,0,1,0,1,1,0,0,1,0,1,0,1,3401
0,1,1,1,0,0,1,0,1,0,0,1,1,0,1,3402
