County,State,WLD,CC,NM,ASC_obs,Subbasin,Area_acre,inter_acre
Roberts,South Dakota,257.8732369,73.44428009,88.10155317,38.14451039,1,16605,818.534
Marshall,South Dakota,297.0179558,112.5086517,127.2381645,77.37496276,1,16605,15786.4
Marshall,South Dakota,297.0179558,112.5086517,127.2381645,77.37496276,2,22660,1178.77
Roberts,South Dakota,257.8732369,73.44428009,88.10155317,38.14451039,2,22660,20004.8
Roberts,South Dakota,257.8732369,73.44428009,88.10155317,38.14451039,3,17993,17993
Roberts,South Dakota,257.8732369,73.44428009,88.10155317,38.14451039,4,22965,7764.48
Marshall,South Dakota,297.0179558,112.5086517,127.2381645,77.37496276,4,22965,15200.3
Marshall,South Dakota,297.0179558,112.5086517,127.2381645,77.37496276,5,21318,376.37
Roberts,South Dakota,257.8732369,73.44428009,88.10155317,38.14451039,5,21318,20941.7
Marshall,South Dakota,297.0179558,112.5086517,127.2381645,77.37496276,6,18128,1143.15
Roberts,South Dakota,257.8732369,73.44428009,88.10155317,38.14451039,6,18128,16984.4
Roberts,South Dakota,257.8732369,73.44428009,88.10155317,38.14451039,7,16329,16328.7
Roberts,South Dakota,257.8732369,73.44428009,88.10155317,38.14451039,8,17186,17186.1
Roberts,South Dakota,257.8732369,73.44428009,88.10155317,38.14451039,9,16168,16167.7
Roberts,South Dakota,257.8732369,73.44428009,88.10155317,38.14451039,10,11617,11617.1
Roberts,South Dakota,257.8732369,73.44428009,88.10155317,38.14451039,11,15581,15581.1
Roberts,South Dakota,257.8732369,73.44428009,88.10155317,38.14451039,12,14362,14362.4
Roberts,South Dakota,257.8732369,73.44428009,88.10155317,38.14451039,13,13238,13237.7
Roberts,South Dakota,257.8732369,73.44428009,88.10155317,38.14451039,14,15011,15011.1
Roberts,South Dakota,257.8732369,73.44428009,88.10155317,38.14451039,15,9466,9465.61
Roberts,South Dakota,257.8732369,73.44428009,88.10155317,38.14451039,16,12176,12175.6
Roberts,South Dakota,257.8732369,73.44428009,88.10155317,38.14451039,17,22005,22004.5
Big Stone,Minnesota,231.9748276,47.26910078,62.24772744,12.28486201,18,14153,593.409
Traverse,Minnesota,234.6922637,50.2330625,64.98666567,15.08944262,18,14153,1125.6
Roberts,South Dakota,257.8732369,73.44428009,88.10155317,38.14451039,18,14153,12433.7
Traverse,Minnesota,234.6922637,50.2330625,64.98666567,15.08944262,19,21201,10201.2
Big Stone,Minnesota,231.9748276,47.26910078,62.24772744,12.28486201,19,21201,10999.5
Traverse,Minnesota,234.6922637,50.2330625,64.98666567,15.08944262,20,33136,11535.4
Big Stone,Minnesota,231.9748276,47.26910078,62.24772744,12.28486201,20,33136,21600.4
Big Stone,Minnesota,231.9748276,47.26910078,62.24772744,12.28486201,21,17865,17865
Big Stone,Minnesota,231.9748276,47.26910078,62.24772744,12.28486201,22,9545,0.358599
Roberts,South Dakota,257.8732369,73.44428009,88.10155317,38.14451039,22,9545,9544.46
Roberts,South Dakota,257.8732369,73.44428009,88.10155317,38.14451039,23,7129,7128.53
Big Stone,Minnesota,231.9748276,47.26910078,62.24772744,12.28486201,24,17073,17073.3
Big Stone,Minnesota,231.9748276,47.26910078,62.24772744,12.28486201,25,11670,11670.2
Traverse,Minnesota,234.6922637,50.2330625,64.98666567,15.08944262,26,72498,2841.65
Grant,South Dakota,236.8262788,52.14586221,67.11797534,17.2225039,26,72498,4462.86
Roberts,South Dakota,257.8732369,73.44428009,88.10155317,38.14451039,26,72498,25548.7
Big Stone,Minnesota,231.9748276,47.26910078,62.24772744,12.28486201,26,72498,39645.1
Roberts,South Dakota,257.8732369,73.44428009,88.10155317,38.14451039,27,16852,16851.6
Roberts,South Dakota,257.8732369,73.44428009,88.10155317,38.14451039,28,26372,26371.9
Roberts,South Dakota,257.8732369,73.44428009,88.10155317,38.14451039,29,19278,19278
Grant,South Dakota,236.8262788,52.14586221,67.11797534,17.2225039,30,23647,387.019
Roberts,South Dakota,257.8732369,73.44428009,88.10155317,38.14451039,30,23647,23260
Roberts,South Dakota,257.8732369,73.44428009,88.10155317,38.14451039,31,21938,5335.48
Grant,South Dakota,236.8262788,52.14586221,67.11797534,17.2225039,31,21938,16602.2
Roberts,South Dakota,257.8732369,73.44428009,88.10155317,38.14451039,32,16263,3004.46
Grant,South Dakota,236.8262788,52.14586221,67.11797534,17.2225039,32,16263,13258.7
Roberts,South Dakota,257.8732369,73.44428009,88.10155317,38.14451039,33,20129,8417.05
Grant,South Dakota,236.8262788,52.14586221,67.11797534,17.2225039,33,20129,11711.5
Roberts,South Dakota,257.8732369,73.44428009,88.10155317,38.14451039,34,19259,4480.59
Grant,South Dakota,236.8262788,52.14586221,67.11797534,17.2225039,34,19259,14778.6
Codington,South Dakota,290.8774373,106.3412636,121.1576576,71.1698939,35,23162,91.445
Grant,South Dakota,236.8262788,52.14586221,67.11797534,17.2225039,35,23162,23070.2
Codington,South Dakota,290.8774373,106.3412636,121.1576576,71.1698939,36,20753,430.815
Grant,South Dakota,236.8262788,52.14586221,67.11797534,17.2225039,36,20753,20322.1
Grant,South Dakota,236.8262788,52.14586221,67.11797534,17.2225039,37,14943,14943.1
Grant,South Dakota,236.8262788,52.14586221,67.11797534,17.2225039,38,19547,19546.9
Grant,South Dakota,236.8262788,52.14586221,67.11797534,17.2225039,39,10376,10375.8
Lac qui Parle,Minnesota,215.7504743,31.10794552,46.10084389,-3.950041518,40,15743,59.8753
Big Stone,Minnesota,231.9748276,47.26910078,62.24772744,12.28486201,40,15743,90.2556
Grant,South Dakota,236.8262788,52.14586221,67.11797534,17.2225039,40,15743,15593
Stevens,Minnesota,222.4095129,37.91125157,52.66306618,2.746698187,41,30274,2798.5
Big Stone,Minnesota,231.9748276,47.26910078,62.24772744,12.28486201,41,30274,27475.2
Big Stone,Minnesota,231.9748276,47.26910078,62.24772744,12.28486201,42,25190,25190.2
Big Stone,Minnesota,231.9748276,47.26910078,62.24772744,12.28486201,43,12526,12526.1
Big Stone,Minnesota,231.9748276,47.26910078,62.24772744,12.28486201,44,14423,14422.8
Grant,South Dakota,236.8262788,52.14586221,67.11797534,17.2225039,45,14922,3320.16
Codington,South Dakota,290.8774373,106.3412636,121.1576576,71.1698939,45,14922,11602.1
Codington,South Dakota,290.8774373,106.3412636,121.1576576,71.1698939,46,22924,160.474
Grant,South Dakota,236.8262788,52.14586221,67.11797534,17.2225039,46,22924,22763
Codington,South Dakota,290.8774373,106.3412636,121.1576576,71.1698939,47,17823,2441.13
Grant,South Dakota,236.8262788,52.14586221,67.11797534,17.2225039,47,17823,15382.3
Grant,South Dakota,236.8262788,52.14586221,67.11797534,17.2225039,48,14075,14074.6
Grant,South Dakota,236.8262788,52.14586221,67.11797534,17.2225039,49,17965,17964.6
Grant,South Dakota,236.8262788,52.14586221,67.11797534,17.2225039,50,21090,21090
Lac qui Parle,Minnesota,215.7504743,31.10794552,46.10084389,-3.950041518,51,26605,4951.09
Grant,South Dakota,236.8262788,52.14586221,67.11797534,17.2225039,51,26605,21654.1
Deuel,South Dakota,304.9638922,120.4408255,135.198025,85.29893394,52,16223,7565.13
Grant,South Dakota,236.8262788,52.14586221,67.11797534,17.2225039,52,16223,8658.04
Grant,South Dakota,236.8262788,52.14586221,67.11797534,17.2225039,53,25060,393.095
Deuel,South Dakota,304.9638922,120.4408255,135.198025,85.29893394,53,25060,24666.7
Deuel,South Dakota,304.9638922,120.4408255,135.198025,85.29893394,54,16807,4327.57
Grant,South Dakota,236.8262788,52.14586221,67.11797534,17.2225039,54,16807,12479.4
Lac qui Parle,Minnesota,215.7504743,31.10794552,46.10084389,-3.950041518,55,14911,3933.21
Grant,South Dakota,236.8262788,52.14586221,67.11797534,17.2225039,55,14911,10978
Lac qui Parle,Minnesota,215.7504743,31.10794552,46.10084389,-3.950041518,56,31420,1773.07
Grant,South Dakota,236.8262788,52.14586221,67.11797534,17.2225039,56,31420,29646.9
Lac qui Parle,Minnesota,215.7504743,31.10794552,46.10084389,-3.950041518,57,11014,451.173
Grant,South Dakota,236.8262788,52.14586221,67.11797534,17.2225039,57,11014,10563.1
Grant,South Dakota,236.8262788,52.14586221,67.11797534,17.2225039,58,21022,1739.37
Lac qui Parle,Minnesota,215.7504743,31.10794552,46.10084389,-3.950041518,58,21022,19282.3
Lac qui Parle,Minnesota,215.7504743,31.10794552,46.10084389,-3.950041518,59,13343,13342.6
Grant,South Dakota,236.8262788,52.14586221,67.11797534,17.2225039,60,9253,1310.08
Lac qui Parle,Minnesota,215.7504743,31.10794552,46.10084389,-3.950041518,60,9253,7943.36
Grant,South Dakota,236.8262788,52.14586221,67.11797534,17.2225039,61,27449,391
Big Stone,Minnesota,231.9748276,47.26910078,62.24772744,12.28486201,61,27449,12342.6
Lac qui Parle,Minnesota,215.7504743,31.10794552,46.10084389,-3.950041518,61,27449,14715.4
Lac qui Parle,Minnesota,215.7504743,31.10794552,46.10084389,-3.950041518,62,31307,31306.5
Swift,Minnesota,233.7713403,49.17832665,64.02132331,14.08271563,63,32282,597.843
Big Stone,Minnesota,231.9748276,47.26910078,62.24772744,12.28486201,63,32282,31684
Big Stone,Minnesota,231.9748276,47.26910078,62.24772744,12.28486201,64,24851,3055.64
Swift,Minnesota,233.7713403,49.17832665,64.02132331,14.08271563,64,24851,21795.4
Swift,Minnesota,233.7713403,49.17832665,64.02132331,14.08271563,65,39166,1950.07
Lac qui Parle,Minnesota,215.7504743,31.10794552,46.10084389,-3.950041518,65,39166,14198.3
Big Stone,Minnesota,231.9748276,47.26910078,62.24772744,12.28486201,65,39166,23017.6
Lac qui Parle,Minnesota,215.7504743,31.10794552,46.10084389,-3.950041518,66,23281,23280.9
Swift,Minnesota,233.7713403,49.17832665,64.02132331,14.08271563,67,12455,5414.18
Chippewa,Minnesota,245.3499519,60.7537017,75.58256866,25.66624544,67,12455,7040.75
Swift,Minnesota,233.7713403,49.17832665,64.02132331,14.08271563,68,39847,6888.27
Lac qui Parle,Minnesota,215.7504743,31.10794552,46.10084389,-3.950041518,68,39847,10160.6
Chippewa,Minnesota,245.3499519,60.7537017,75.58256866,25.66624544,68,39847,22798.4
Otter Tail,Minnesota,255.0010618,70.18700388,85.26984466,35.23543561,69,36698,36697.6
Otter Tail,Minnesota,255.0010618,70.18700388,85.26984466,35.23543561,70,16354,16354.1
Otter Tail,Minnesota,255.0010618,70.18700388,85.26984466,35.23543561,71,13939,13939
Grant,Minnesota,236.8262788,52.14586221,67.11797534,17.2225039,72,18465,4886.91
Otter Tail,Minnesota,255.0010618,70.18700388,85.26984466,35.23543561,72,18465,13578.4
Grant,Minnesota,236.8262788,52.14586221,67.11797534,17.2225039,73,38329,1169.13
Douglas,Minnesota,253.1559149,68.34691791,83.41991768,33.36805272,73,38329,15665.9
Otter Tail,Minnesota,255.0010618,70.18700388,85.26984466,35.23543561,73,38329,21493.5
Otter Tail,Minnesota,255.0010618,70.18700388,85.26984466,35.23543561,74,12830,29.8216
Douglas,Minnesota,253.1559149,68.34691791,83.41991768,33.36805272,74,12830,2873.83
Grant,Minnesota,236.8262788,52.14586221,67.11797534,17.2225039,74,12830,9926.53
Otter Tail,Minnesota,255.0010618,70.18700388,85.26984466,35.23543561,75,15955,15954.8
Grant,Minnesota,236.8262788,52.14586221,67.11797534,17.2225039,76,17799,5161.09
Otter Tail,Minnesota,255.0010618,70.18700388,85.26984466,35.23543561,76,17799,12637.6
Douglas,Minnesota,253.1559149,68.34691791,83.41991768,33.36805272,77,27158,22.3489
Grant,Minnesota,236.8262788,52.14586221,67.11797534,17.2225039,77,27158,27135.6
Grant,Minnesota,236.8262788,52.14586221,67.11797534,17.2225039,78,32800,32799.9
Stevens,Minnesota,222.4095129,37.91125157,52.66306618,2.746698187,79,35666,14381.3
Grant,Minnesota,236.8262788,52.14586221,67.11797534,17.2225039,79,35666,21285
Stevens,Minnesota,222.4095129,37.91125157,52.66306618,2.746698187,80,42154,42154.4
Big Stone,Minnesota,231.9748276,47.26910078,62.24772744,12.28486201,81,29818,712.818
Stevens,Minnesota,222.4095129,37.91125157,52.66306618,2.746698187,81,29818,29104.9
Stevens,Minnesota,222.4095129,37.91125157,52.66306618,2.746698187,82,14025,14025.4
Stevens,Minnesota,222.4095129,37.91125157,52.66306618,2.746698187,83,22590,22590.2
Stevens,Minnesota,222.4095129,37.91125157,52.66306618,2.746698187,84,25864,25864.1
Big Stone,Minnesota,231.9748276,47.26910078,62.24772744,12.28486201,85,13467,80.4364
Swift,Minnesota,233.7713403,49.17832665,64.02132331,14.08271563,85,13467,377.263
Stevens,Minnesota,222.4095129,37.91125157,52.66306618,2.746698187,85,13467,13009
Swift,Minnesota,233.7713403,49.17832665,64.02132331,14.08271563,86,24867,4699.91
Stevens,Minnesota,222.4095129,37.91125157,52.66306618,2.746698187,86,24867,5568.49
Big Stone,Minnesota,231.9748276,47.26910078,62.24772744,12.28486201,86,24867,14599
Swift,Minnesota,233.7713403,49.17832665,64.02132331,14.08271563,87,15194,2912.88
Stevens,Minnesota,222.4095129,37.91125157,52.66306618,2.746698187,87,15194,12281.5
Stevens,Minnesota,222.4095129,37.91125157,52.66306618,2.746698187,88,8210,3828.88
Swift,Minnesota,233.7713403,49.17832665,64.02132331,14.08271563,88,8210,4380.71
Stevens,Minnesota,222.4095129,37.91125157,52.66306618,2.746698187,89,28982,28982.5
Stevens,Minnesota,222.4095129,37.91125157,52.66306618,2.746698187,90,32022,10341.5
Swift,Minnesota,233.7713403,49.17832665,64.02132331,14.08271563,90,32022,21680.7
Swift,Minnesota,233.7713403,49.17832665,64.02132331,14.08271563,91,12847,12847.4
Swift,Minnesota,233.7713403,49.17832665,64.02132331,14.08271563,92,23931,23930.8
Deuel,South Dakota,304.9638922,120.4408255,135.198025,85.29893394,93,24898,3004.4
Lincoln,Minnesota,239.9594359,55.29384572,70.2707165,20.31938607,93,24898,6206.19
Brookings,South Dakota,284.0802463,99.61335766,114.324197,64.32667692,93,24898,15687.3
Yellow Medicine,Minnesota,249.3057614,64.54149024,79.63110527,29.54370587,94,24828,427.316
Brookings,South Dakota,284.0802463,99.61335766,114.324197,64.32667692,94,24828,650.495
Deuel,South Dakota,304.9638922,120.4408255,135.198025,85.29893394,94,24828,1103.44
Lincoln,Minnesota,239.9594359,55.29384572,70.2707165,20.31938607,94,24828,22646.4
Lincoln,Minnesota,239.9594359,55.29384572,70.2707165,20.31938607,95,12541,9.2623
Deuel,South Dakota,304.9638922,120.4408255,135.198025,85.29893394,95,12541,6138.66
Brookings,South Dakota,284.0802463,99.61335766,114.324197,64.32667692,95,12541,6392.94
Lincoln,Minnesota,239.9594359,55.29384572,70.2707165,20.31938607,96,18852,0.393089
Deuel,South Dakota,304.9638922,120.4408255,135.198025,85.29893394,96,18852,18852
Deuel,South Dakota,304.9638922,120.4408255,135.198025,85.29893394,97,17373,878.605
Yellow Medicine,Minnesota,249.3057614,64.54149024,79.63110527,29.54370587,97,17373,3199.75
Lincoln,Minnesota,239.9594359,55.29384572,70.2707165,20.31938607,97,17373,13294.9
Yellow Medicine,Minnesota,249.3057614,64.54149024,79.63110527,29.54370587,98,17223,17223
Lincoln,Minnesota,239.9594359,55.29384572,70.2707165,20.31938607,99,11505,24.9396
Yellow Medicine,Minnesota,249.3057614,64.54149024,79.63110527,29.54370587,99,11505,2790.21
Deuel,South Dakota,304.9638922,120.4408255,135.198025,85.29893394,99,11505,8690.02
Deuel,South Dakota,304.9638922,120.4408255,135.198025,85.29893394,100,20640,2497.51
Yellow Medicine,Minnesota,249.3057614,64.54149024,79.63110527,29.54370587,100,20640,18142.6
Deuel,South Dakota,304.9638922,120.4408255,135.198025,85.29893394,101,23186,180.185
Lincoln,Minnesota,239.9594359,55.29384572,70.2707165,20.31938607,101,23186,1292.58
Yellow Medicine,Minnesota,249.3057614,64.54149024,79.63110527,29.54370587,101,23186,21712.8
Lac qui Parle,Minnesota,215.7504743,31.10794552,46.10084389,-3.950041518,102,13965,1869.47
Yellow Medicine,Minnesota,249.3057614,64.54149024,79.63110527,29.54370587,102,13965,12095.1
Lac qui Parle,Minnesota,215.7504743,31.10794552,46.10084389,-3.950041518,103,16276,7281.91
Yellow Medicine,Minnesota,249.3057614,64.54149024,79.63110527,29.54370587,103,16276,8993.76
Yellow Medicine,Minnesota,249.3057614,64.54149024,79.63110527,29.54370587,104,11317,142.081
Lac qui Parle,Minnesota,215.7504743,31.10794552,46.10084389,-3.950041518,104,11317,536.873
Deuel,South Dakota,304.9638922,120.4408255,135.198025,85.29893394,104,11317,10637.7
Lac qui Parle,Minnesota,215.7504743,31.10794552,46.10084389,-3.950041518,105,25658,325.926
Deuel,South Dakota,304.9638922,120.4408255,135.198025,85.29893394,105,25658,25332.2
Lac qui Parle,Minnesota,215.7504743,31.10794552,46.10084389,-3.950041518,106,27097,6056.11
Deuel,South Dakota,304.9638922,120.4408255,135.198025,85.29893394,106,27097,21040.8
Lac qui Parle,Minnesota,215.7504743,31.10794552,46.10084389,-3.950041518,107,22301,3686.79
Deuel,South Dakota,304.9638922,120.4408255,135.198025,85.29893394,107,22301,18614.1
Deuel,South Dakota,304.9638922,120.4408255,135.198025,85.29893394,108,24948,6255.67
Lac qui Parle,Minnesota,215.7504743,31.10794552,46.10084389,-3.950041518,108,24948,8334.27
Grant,South Dakota,236.8262788,52.14586221,67.11797534,17.2225039,108,24948,10358.4
Deuel,South Dakota,304.9638922,120.4408255,135.198025,85.29893394,109,12889,948.213
Grant,South Dakota,236.8262788,52.14586221,67.11797534,17.2225039,109,12889,1078.26
Lac qui Parle,Minnesota,215.7504743,31.10794552,46.10084389,-3.950041518,109,12889,10863
Deuel,South Dakota,304.9638922,120.4408255,135.198025,85.29893394,110,16503,4897.82
Lac qui Parle,Minnesota,215.7504743,31.10794552,46.10084389,-3.950041518,110,16503,11605.4
Deuel,South Dakota,304.9638922,120.4408255,135.198025,85.29893394,111,27890,27890.3
Deuel,South Dakota,304.9638922,120.4408255,135.198025,85.29893394,112,11457,11457.1
Deuel,South Dakota,304.9638922,120.4408255,135.198025,85.29893394,113,17719,421.562
Yellow Medicine,Minnesota,249.3057614,64.54149024,79.63110527,29.54370587,113,17719,1816.41
Lac qui Parle,Minnesota,215.7504743,31.10794552,46.10084389,-3.950041518,113,17719,15480.8
Deuel,South Dakota,304.9638922,120.4408255,135.198025,85.29893394,114,38820,7074.76
Yellow Medicine,Minnesota,249.3057614,64.54149024,79.63110527,29.54370587,114,38820,12851.1
Lac qui Parle,Minnesota,215.7504743,31.10794552,46.10084389,-3.950041518,114,38820,18894.4
Lac qui Parle,Minnesota,215.7504743,31.10794552,46.10084389,-3.950041518,115,27637,27636.6
Lac qui Parle,Minnesota,215.7504743,31.10794552,46.10084389,-3.950041518,116,31884,31883.8
Lac qui Parle,Minnesota,215.7504743,31.10794552,46.10084389,-3.950041518,117,10514,10514.3
Lac qui Parle,Minnesota,215.7504743,31.10794552,46.10084389,-3.950041518,118,35381,15402.4
Yellow Medicine,Minnesota,249.3057614,64.54149024,79.63110527,29.54370587,118,35381,19978.8
Lac qui Parle,Minnesota,215.7504743,31.10794552,46.10084389,-3.950041518,119,15561,15561.2
Lac qui Parle,Minnesota,215.7504743,31.10794552,46.10084389,-3.950041518,120,26810,26810.3
Lac qui Parle,Minnesota,215.7504743,31.10794552,46.10084389,-3.950041518,121,20478,20477.6
Yellow Medicine,Minnesota,249.3057614,64.54149024,79.63110527,29.54370587,122,25143,286.341
Lac qui Parle,Minnesota,215.7504743,31.10794552,46.10084389,-3.950041518,122,25143,24856.5
Lac qui Parle,Minnesota,215.7504743,31.10794552,46.10084389,-3.950041518,123,10917,10917.1
Lac qui Parle,Minnesota,215.7504743,31.10794552,46.10084389,-3.950041518,124,34491,34491.1
Chippewa,Minnesota,245.3499519,60.7537017,75.58256866,25.66624544,125,25130,3.71825
Lac qui Parle,Minnesota,215.7504743,31.10794552,46.10084389,-3.950041518,125,25130,25126.3
Yellow Medicine,Minnesota,249.3057614,64.54149024,79.63110527,29.54370587,126,27869,27868.9
Yellow Medicine,Minnesota,249.3057614,64.54149024,79.63110527,29.54370587,127,22106,22105.8
Yellow Medicine,Minnesota,249.3057614,64.54149024,79.63110527,29.54370587,128,14596,4351.99
Lac qui Parle,Minnesota,215.7504743,31.10794552,46.10084389,-3.950041518,128,14596,10244.2
Yellow Medicine,Minnesota,249.3057614,64.54149024,79.63110527,29.54370587,129,26154,4770.11
Chippewa,Minnesota,245.3499519,60.7537017,75.58256866,25.66624544,129,26154,9450.6
Lac qui Parle,Minnesota,215.7504743,31.10794552,46.10084389,-3.950041518,129,26154,11933.3
Chippewa,Minnesota,245.3499519,60.7537017,75.58256866,25.66624544,130,34657,23.016
Lac qui Parle,Minnesota,215.7504743,31.10794552,46.10084389,-3.950041518,130,34657,5274.68
Yellow Medicine,Minnesota,249.3057614,64.54149024,79.63110527,29.54370587,130,34657,29359.1
Lac qui Parle,Minnesota,215.7504743,31.10794552,46.10084389,-3.950041518,131,26883,816.826
Yellow Medicine,Minnesota,249.3057614,64.54149024,79.63110527,29.54370587,131,26883,6410.81
Chippewa,Minnesota,245.3499519,60.7537017,75.58256866,25.66624544,131,26883,19655.6
Chippewa,Minnesota,245.3499519,60.7537017,75.58256866,25.66624544,132,21570,21569.6
Yellow Medicine,Minnesota,249.3057614,64.54149024,79.63110527,29.54370587,133,14751,14750.9
Renville,Minnesota,267.1064237,82.60749044,97.36010955,47.49372663,134,20932,3955.28
Chippewa,Minnesota,245.3499519,60.7537017,75.58256866,25.66624544,134,20932,8193.75
Yellow Medicine,Minnesota,249.3057614,64.54149024,79.63110527,29.54370587,134,20932,8782.93
Lincoln,Minnesota,239.9594359,55.29384572,70.2707165,20.31938607,135,15797,15797.5
Lincoln,Minnesota,239.9594359,55.29384572,70.2707165,20.31938607,136,29251,29251.4
Brookings,South Dakota,284.0802463,99.61335766,114.324197,64.32667692,137,27344,66.1741
Lincoln,Minnesota,239.9594359,55.29384572,70.2707165,20.31938607,137,27344,27277.9
Yellow Medicine,Minnesota,249.3057614,64.54149024,79.63110527,29.54370587,138,16687,1142.95
Lincoln,Minnesota,239.9594359,55.29384572,70.2707165,20.31938607,138,16687,15544.1
Lyon,Minnesota,229.14529,44.48585432,59.39409691,9.437279774,139,22511,8103.91
Lincoln,Minnesota,239.9594359,55.29384572,70.2707165,20.31938607,139,22511,14406.9
Lyon,Minnesota,229.14529,44.48585432,59.39409691,9.437279774,140,37434,195.793
Lincoln,Minnesota,239.9594359,55.29384572,70.2707165,20.31938607,140,37434,6963.9
Yellow Medicine,Minnesota,249.3057614,64.54149024,79.63110527,29.54370587,140,37434,30274.3
Lincoln,Minnesota,239.9594359,55.29384572,70.2707165,20.31938607,141,13906,890.708
Yellow Medicine,Minnesota,249.3057614,64.54149024,79.63110527,29.54370587,141,13906,2036.14
Lyon,Minnesota,229.14529,44.48585432,59.39409691,9.437279774,141,13906,10979.5
Lincoln,Minnesota,239.9594359,55.29384572,70.2707165,20.31938607,142,23748,23748.2
Lincoln,Minnesota,239.9594359,55.29384572,70.2707165,20.31938607,143,17938,17938.1
Lyon,Minnesota,229.14529,44.48585432,59.39409691,9.437279774,144,15009,3924.12
Lincoln,Minnesota,239.9594359,55.29384572,70.2707165,20.31938607,144,15009,11084.9
Lincoln,Minnesota,239.9594359,55.29384572,70.2707165,20.31938607,145,22752,4949.51
Lyon,Minnesota,229.14529,44.48585432,59.39409691,9.437279774,145,22752,17802.1
Yellow Medicine,Minnesota,249.3057614,64.54149024,79.63110527,29.54370587,146,11273,11272.9
Lyon,Minnesota,229.14529,44.48585432,59.39409691,9.437279774,147,10144,357.241
Yellow Medicine,Minnesota,249.3057614,64.54149024,79.63110527,29.54370587,147,10144,9787.06
Yellow Medicine,Minnesota,249.3057614,64.54149024,79.63110527,29.54370587,148,26514,26513.9
Lyon,Minnesota,229.14529,44.48585432,59.39409691,9.437279774,149,16496,908.928
Yellow Medicine,Minnesota,249.3057614,64.54149024,79.63110527,29.54370587,149,16496,15587.1
Yellow Medicine,Minnesota,249.3057614,64.54149024,79.63110527,29.54370587,150,18298,18298.2
Lyon,Minnesota,229.14529,44.48585432,59.39409691,9.437279774,151,18760,18760.2
Lyon,Minnesota,229.14529,44.48585432,59.39409691,9.437279774,152,29484,12766.9
Yellow Medicine,Minnesota,249.3057614,64.54149024,79.63110527,29.54370587,152,29484,16717
Yellow Medicine,Minnesota,249.3057614,64.54149024,79.63110527,29.54370587,153,25747,1676.65
Lyon,Minnesota,229.14529,44.48585432,59.39409691,9.437279774,153,25747,24069.9
Lyon,Minnesota,229.14529,44.48585432,59.39409691,9.437279774,154,14021,1111.92
Yellow Medicine,Minnesota,249.3057614,64.54149024,79.63110527,29.54370587,154,14021,12909
Renville,Minnesota,267.1064237,82.60749044,97.36010955,47.49372663,155,20508,1.07119
Yellow Medicine,Minnesota,249.3057614,64.54149024,79.63110527,29.54370587,155,20508,20506.5
Kandiyohi,Minnesota,230.169958,45.42902496,60.46463069,10.45861018,156,21375,21375.2
Kandiyohi,Minnesota,230.169958,45.42902496,60.46463069,10.45861018,157,27520,27520.5
Kandiyohi,Minnesota,230.169958,45.42902496,60.46463069,10.45861018,158,17526,17525.8
Chippewa,Minnesota,245.3499519,60.7537017,75.58256866,25.66624544,159,23635,8697.82
Kandiyohi,Minnesota,230.169958,45.42902496,60.46463069,10.45861018,159,23635,14936.8
Kandiyohi,Minnesota,230.169958,45.42902496,60.46463069,10.45861018,160,35017,15415.9
Chippewa,Minnesota,245.3499519,60.7537017,75.58256866,25.66624544,160,35017,19601.2
Kandiyohi,Minnesota,230.169958,45.42902496,60.46463069,10.45861018,161,23686,23686.3
Kandiyohi,Minnesota,230.169958,45.42902496,60.46463069,10.45861018,162,20226,20225.6
Chippewa,Minnesota,245.3499519,60.7537017,75.58256866,25.66624544,163,32106,213.738
Renville,Minnesota,267.1064237,82.60749044,97.36010955,47.49372663,163,32106,11643.1
Kandiyohi,Minnesota,230.169958,45.42902496,60.46463069,10.45861018,163,32106,20249.3
Renville,Minnesota,267.1064237,82.60749044,97.36010955,47.49372663,164,10265,3708.47
Chippewa,Minnesota,245.3499519,60.7537017,75.58256866,25.66624544,164,10265,6556.91
Kandiyohi,Minnesota,230.169958,45.42902496,60.46463069,10.45861018,165,15404,82.5005
Chippewa,Minnesota,245.3499519,60.7537017,75.58256866,25.66624544,165,15404,1519.25
Renville,Minnesota,267.1064237,82.60749044,97.36010955,47.49372663,165,15404,13802.4
Kandiyohi,Minnesota,230.169958,45.42902496,60.46463069,10.45861018,166,15866,2384.97
Chippewa,Minnesota,245.3499519,60.7537017,75.58256866,25.66624544,166,15866,13481.3
Chippewa,Minnesota,245.3499519,60.7537017,75.58256866,25.66624544,167,22174,22173.7
Chippewa,Minnesota,245.3499519,60.7537017,75.58256866,25.66624544,168,14917,14916.5
Renville,Minnesota,267.1064237,82.60749044,97.36010955,47.49372663,169,28033,6155.95
Chippewa,Minnesota,245.3499519,60.7537017,75.58256866,25.66624544,169,28033,21876.6
Yellow Medicine,Minnesota,249.3057614,64.54149024,79.63110527,29.54370587,170,17354,0.0792195
Chippewa,Minnesota,245.3499519,60.7537017,75.58256866,25.66624544,170,17354,875.183
Renville,Minnesota,267.1064237,82.60749044,97.36010955,47.49372663,170,17354,16478.4
Lyon,Minnesota,229.14529,44.48585432,59.39409691,9.437279774,171,12417,904.927
Redwood,Minnesota,224.3774624,39.61909289,54.63007856,4.677307475,171,12417,921.068
Yellow Medicine,Minnesota,249.3057614,64.54149024,79.63110527,29.54370587,171,12417,10591
Lyon,Minnesota,229.14529,44.48585432,59.39409691,9.437279774,172,22009,6692.95
Yellow Medicine,Minnesota,249.3057614,64.54149024,79.63110527,29.54370587,172,22009,15316.3
Lyon,Minnesota,229.14529,44.48585432,59.39409691,9.437279774,173,11535,7.19861
Yellow Medicine,Minnesota,249.3057614,64.54149024,79.63110527,29.54370587,173,11535,11527.8
Yellow Medicine,Minnesota,249.3057614,64.54149024,79.63110527,29.54370587,174,27195,8288.16
Renville,Minnesota,267.1064237,82.60749044,97.36010955,47.49372663,174,27195,18906.6
Redwood,Minnesota,224.3774624,39.61909289,54.63007856,4.677307475,175,10716,0.121964
Yellow Medicine,Minnesota,249.3057614,64.54149024,79.63110527,29.54370587,175,10716,0.335372
Renville,Minnesota,267.1064237,82.60749044,97.36010955,47.49372663,175,10716,10715.5
Redwood,Minnesota,224.3774624,39.61909289,54.63007856,4.677307475,176,23327,5091.93
Yellow Medicine,Minnesota,249.3057614,64.54149024,79.63110527,29.54370587,176,23327,18234.8
Redwood,Minnesota,224.3774624,39.61909289,54.63007856,4.677307475,177,15205,2938.11
Yellow Medicine,Minnesota,249.3057614,64.54149024,79.63110527,29.54370587,177,15205,5401.27
Renville,Minnesota,267.1064237,82.60749044,97.36010955,47.49372663,177,15205,6865.81
Kandiyohi,Minnesota,230.169958,45.42902496,60.46463069,10.45861018,178,26981,1336.36
Renville,Minnesota,267.1064237,82.60749044,97.36010955,47.49372663,178,26981,25644.3
Renville,Minnesota,267.1064237,82.60749044,97.36010955,47.49372663,179,10166,10165.7
Renville,Minnesota,267.1064237,82.60749044,97.36010955,47.49372663,180,26409,26409.5
Renville,Minnesota,267.1064237,82.60749044,97.36010955,47.49372663,181,14763,14762.8
Renville,Minnesota,267.1064237,82.60749044,97.36010955,47.49372663,182,32657,32657
Redwood,Minnesota,224.3774624,39.61909289,54.63007856,4.677307475,183,15846,3.5461
Renville,Minnesota,267.1064237,82.60749044,97.36010955,47.49372663,183,15846,15842.2
Renville,Minnesota,267.1064237,82.60749044,97.36010955,47.49372663,184,14023,14023
Renville,Minnesota,267.1064237,82.60749044,97.36010955,47.49372663,185,15026,15026.1
Redwood,Minnesota,224.3774624,39.61909289,54.63007856,4.677307475,186,15278,0.219669
Renville,Minnesota,267.1064237,82.60749044,97.36010955,47.49372663,186,15278,15277.9
Yellow Medicine,Minnesota,249.3057614,64.54149024,79.63110527,29.54370587,187,18407,1932.1
Renville,Minnesota,267.1064237,82.60749044,97.36010955,47.49372663,187,18407,5484.73
Redwood,Minnesota,224.3774624,39.61909289,54.63007856,4.677307475,187,18407,10990.2
Yellow Medicine,Minnesota,249.3057614,64.54149024,79.63110527,29.54370587,188,19663,59.7178
Redwood,Minnesota,224.3774624,39.61909289,54.63007856,4.677307475,188,19663,19603.5
Redwood,Minnesota,224.3774624,39.61909289,54.63007856,4.677307475,189,15818,3848.06
Renville,Minnesota,267.1064237,82.60749044,97.36010955,47.49372663,189,15818,11969.6
Redwood,Minnesota,224.3774624,39.61909289,54.63007856,4.677307475,190,16878,5567.23
Renville,Minnesota,267.1064237,82.60749044,97.36010955,47.49372663,190,16878,11311
Douglas,Minnesota,253.1559149,68.34691791,83.41991768,33.36805272,191,32347,13549.6
Otter Tail,Minnesota,255.0010618,70.18700388,85.26984466,35.23543561,191,32347,18797.8
Otter Tail,Minnesota,255.0010618,70.18700388,85.26984466,35.23543561,192,13895,1696.46
Douglas,Minnesota,253.1559149,68.34691791,83.41991768,33.36805272,192,13895,12198.3
Douglas,Minnesota,253.1559149,68.34691791,83.41991768,33.36805272,193,22968,22968.4
Douglas,Minnesota,253.1559149,68.34691791,83.41991768,33.36805272,194,26666,26665.5
Grant,Minnesota,236.8262788,52.14586221,67.11797534,17.2225039,195,23242,9428.2
Douglas,Minnesota,253.1559149,68.34691791,83.41991768,33.36805272,195,23242,13813.4
Grant,Minnesota,236.8262788,52.14586221,67.11797534,17.2225039,196,38186,508.604
Douglas,Minnesota,253.1559149,68.34691791,83.41991768,33.36805272,196,38186,37677.2
Pope,Minnesota,243.8139225,59.11259891,74.07683194,24.06796447,197,38460,1411.61
Stevens,Minnesota,222.4095129,37.91125157,52.66306618,2.746698187,197,38460,3175.45
Grant,Minnesota,236.8262788,52.14586221,67.11797534,17.2225039,197,38460,14371.3
Douglas,Minnesota,253.1559149,68.34691791,83.41991768,33.36805272,197,38460,19501.7
Stevens,Minnesota,222.4095129,37.91125157,52.66306618,2.746698187,198,14318,117.22
Pope,Minnesota,243.8139225,59.11259891,74.07683194,24.06796447,198,14318,2826.3
Douglas,Minnesota,253.1559149,68.34691791,83.41991768,33.36805272,198,14318,11374.1
Stevens,Minnesota,222.4095129,37.91125157,52.66306618,2.746698187,199,9098,179.731
Douglas,Minnesota,253.1559149,68.34691791,83.41991768,33.36805272,199,9098,888.712
Pope,Minnesota,243.8139225,59.11259891,74.07683194,24.06796447,199,9098,8029.4
Stevens,Minnesota,222.4095129,37.91125157,52.66306618,2.746698187,200,40026,16183.6
Pope,Minnesota,243.8139225,59.11259891,74.07683194,24.06796447,200,40026,23842.8
Douglas,Minnesota,253.1559149,68.34691791,83.41991768,33.36805272,201,39513,12607.7
Pope,Minnesota,243.8139225,59.11259891,74.07683194,24.06796447,201,39513,26905.6
Douglas,Minnesota,253.1559149,68.34691791,83.41991768,33.36805272,202,13903,6766.53
Pope,Minnesota,243.8139225,59.11259891,74.07683194,24.06796447,202,13903,7136.89
Pope,Minnesota,243.8139225,59.11259891,74.07683194,24.06796447,203,10430,10429.6
Pope,Minnesota,243.8139225,59.11259891,74.07683194,24.06796447,204,29604,29604.1
Pope,Minnesota,243.8139225,59.11259891,74.07683194,24.06796447,205,26399,26399.5
Pope,Minnesota,243.8139225,59.11259891,74.07683194,24.06796447,206,24731,24730.7
Pope,Minnesota,243.8139225,59.11259891,74.07683194,24.06796447,207,14468,14467.7
Stearns,Minnesota,247.6632706,62.95575483,77.93697148,27.92082094,208,32023,189.545
Kandiyohi,Minnesota,230.169958,45.42902496,60.46463069,10.45861018,208,32023,383.422
Swift,Minnesota,233.7713403,49.17832665,64.02132331,14.08271563,208,32023,644.192
Pope,Minnesota,243.8139225,59.11259891,74.07683194,24.06796447,208,32023,30805.3
Pope,Minnesota,243.8139225,59.11259891,74.07683194,24.06796447,209,26679,1298.12
Swift,Minnesota,233.7713403,49.17832665,64.02132331,14.08271563,209,26679,6154.78
Kandiyohi,Minnesota,230.169958,45.42902496,60.46463069,10.45861018,209,26679,19226.1
Kandiyohi,Minnesota,230.169958,45.42902496,60.46463069,10.45861018,210,24106,320.308
Pope,Minnesota,243.8139225,59.11259891,74.07683194,24.06796447,210,24106,1408.28
Swift,Minnesota,233.7713403,49.17832665,64.02132331,14.08271563,210,24106,22377.3
Kandiyohi,Minnesota,230.169958,45.42902496,60.46463069,10.45861018,211,37899,4665.32
Swift,Minnesota,233.7713403,49.17832665,64.02132331,14.08271563,211,37899,33233.9
Swift,Minnesota,233.7713403,49.17832665,64.02132331,14.08271563,212,11719,11719.5
Swift,Minnesota,233.7713403,49.17832665,64.02132331,14.08271563,213,7094,7093.63
Douglas,Minnesota,253.1559149,68.34691791,83.41991768,33.36805272,214,30752,7164.74
Pope,Minnesota,243.8139225,59.11259891,74.07683194,24.06796447,214,30752,23587.2
Pope,Minnesota,243.8139225,59.11259891,74.07683194,24.06796447,215,23784,23784
Pope,Minnesota,243.8139225,59.11259891,74.07683194,24.06796447,216,26338,26338.2
Pope,Minnesota,243.8139225,59.11259891,74.07683194,24.06796447,217,43160,43160.1
Pope,Minnesota,243.8139225,59.11259891,74.07683194,24.06796447,218,37743,5856.99
Swift,Minnesota,233.7713403,49.17832665,64.02132331,14.08271563,218,37743,31886.2
Swift,Minnesota,233.7713403,49.17832665,64.02132331,14.08271563,219,28867,11254.9
Pope,Minnesota,243.8139225,59.11259891,74.07683194,24.06796447,219,28867,17612
Pope,Minnesota,243.8139225,59.11259891,74.07683194,24.06796447,220,16781,6922.9
Stevens,Minnesota,222.4095129,37.91125157,52.66306618,2.746698187,220,16781,9857.99
Pope,Minnesota,243.8139225,59.11259891,74.07683194,24.06796447,221,12512,12511.8
Stevens,Minnesota,222.4095129,37.91125157,52.66306618,2.746698187,222,34113,1959.73
Swift,Minnesota,233.7713403,49.17832665,64.02132331,14.08271563,222,34113,9509.78
Pope,Minnesota,243.8139225,59.11259891,74.07683194,24.06796447,222,34113,22643.8
Pope,Minnesota,243.8139225,59.11259891,74.07683194,24.06796447,223,35284,2940.16
Swift,Minnesota,233.7713403,49.17832665,64.02132331,14.08271563,223,35284,7912.42
Stevens,Minnesota,222.4095129,37.91125157,52.66306618,2.746698187,223,35284,24431.6
Pope,Minnesota,243.8139225,59.11259891,74.07683194,24.06796447,224,24234,191.69
Swift,Minnesota,233.7713403,49.17832665,64.02132331,14.08271563,224,24234,24042.3
Swift,Minnesota,233.7713403,49.17832665,64.02132331,14.08271563,225,15897,15896.9
Swift,Minnesota,233.7713403,49.17832665,64.02132331,14.08271563,226,30433,799.559
Kandiyohi,Minnesota,230.169958,45.42902496,60.46463069,10.45861018,226,30433,29633.3
Kandiyohi,Minnesota,230.169958,45.42902496,60.46463069,10.45861018,227,15065,15064.7
Chippewa,Minnesota,245.3499519,60.7537017,75.58256866,25.66624544,228,34612,237.193
Swift,Minnesota,233.7713403,49.17832665,64.02132331,14.08271563,228,34612,6435.3
Kandiyohi,Minnesota,230.169958,45.42902496,60.46463069,10.45861018,228,34612,27939.5
Chippewa,Minnesota,245.3499519,60.7537017,75.58256866,25.66624544,229,26865,26864.7
Swift,Minnesota,233.7713403,49.17832665,64.02132331,14.08271563,230,17174,8282.11
Chippewa,Minnesota,245.3499519,60.7537017,75.58256866,25.66624544,230,17174,8892.32
Chippewa,Minnesota,245.3499519,60.7537017,75.58256866,25.66624544,231,40793,14893.4
Swift,Minnesota,233.7713403,49.17832665,64.02132331,14.08271563,231,40793,25899.1
Swift,Minnesota,233.7713403,49.17832665,64.02132331,14.08271563,232,38965,38965.3
Swift,Minnesota,233.7713403,49.17832665,64.02132331,14.08271563,233,29691,29691.2
Swift,Minnesota,233.7713403,49.17832665,64.02132331,14.08271563,234,11404,11403.7
Swift,Minnesota,233.7713403,49.17832665,64.02132331,14.08271563,235,21817,21817.2
Chippewa,Minnesota,245.3499519,60.7537017,75.58256866,25.66624544,236,16411,717.382
Swift,Minnesota,233.7713403,49.17832665,64.02132331,14.08271563,236,16411,15693.6
Chippewa,Minnesota,245.3499519,60.7537017,75.58256866,25.66624544,237,18283,18282.8
Swift,Minnesota,233.7713403,49.17832665,64.02132331,14.08271563,238,16031,1588.11
Chippewa,Minnesota,245.3499519,60.7537017,75.58256866,25.66624544,238,16031,14442.9
Chippewa,Minnesota,245.3499519,60.7537017,75.58256866,25.66624544,239,32663,32662.9
Chippewa,Minnesota,245.3499519,60.7537017,75.58256866,25.66624544,240,23901,5816.95
Swift,Minnesota,233.7713403,49.17832665,64.02132331,14.08271563,240,23901,18084.4
Swift,Minnesota,233.7713403,49.17832665,64.02132331,14.08271563,241,25165,94.5052
Chippewa,Minnesota,245.3499519,60.7537017,75.58256866,25.66624544,241,25165,25070.9
Swift,Minnesota,233.7713403,49.17832665,64.02132331,14.08271563,242,19401,7341.64
Chippewa,Minnesota,245.3499519,60.7537017,75.58256866,25.66624544,242,19401,12059.6
Chippewa,Minnesota,245.3499519,60.7537017,75.58256866,25.66624544,243,11037,11036.9
Chippewa,Minnesota,245.3499519,60.7537017,75.58256866,25.66624544,244,12968,12967.8
Lincoln,Minnesota,239.9594359,55.29384572,70.2707165,20.31938607,245,36106,3443.51
Lyon,Minnesota,229.14529,44.48585432,59.39409691,9.437279774,245,36106,8632.65
Murray,Minnesota,228.3531314,43.68914101,58.65487607,8.76346475,245,36106,10045
Pipestone,Minnesota,267.8004805,83.15411974,98.08475516,48.14708642,245,36106,13985
Pipestone,Minnesota,267.8004805,83.15411974,98.08475516,48.14708642,246,32167,2743.4
Lyon,Minnesota,229.14529,44.48585432,59.39409691,9.437279774,246,32167,3885.29
Lincoln,Minnesota,239.9594359,55.29384572,70.2707165,20.31938607,246,32167,25537.9
Lincoln,Minnesota,239.9594359,55.29384572,70.2707165,20.31938607,247,15299,1784.04
Lyon,Minnesota,229.14529,44.48585432,59.39409691,9.437279774,247,15299,13514.9
Lincoln,Minnesota,239.9594359,55.29384572,70.2707165,20.31938607,248,14783,14782.6
Lincoln,Minnesota,239.9594359,55.29384572,70.2707165,20.31938607,249,13198,13197.6
Lincoln,Minnesota,239.9594359,55.29384572,70.2707165,20.31938607,250,17475,17475.3
Lincoln,Minnesota,239.9594359,55.29384572,70.2707165,20.31938607,251,16633,5472.2
Lyon,Minnesota,229.14529,44.48585432,59.39409691,9.437279774,251,16633,11161
Lyon,Minnesota,229.14529,44.48585432,59.39409691,9.437279774,252,27071,27071.4
Lyon,Minnesota,229.14529,44.48585432,59.39409691,9.437279774,253,11960,11959.9
Lyon,Minnesota,229.14529,44.48585432,59.39409691,9.437279774,254,12996,12996
Lincoln,Minnesota,239.9594359,55.29384572,70.2707165,20.31938607,255,28182,2791.05
Lyon,Minnesota,229.14529,44.48585432,59.39409691,9.437279774,255,28182,25390.9
Lyon,Minnesota,229.14529,44.48585432,59.39409691,9.437279774,256,10868,10867.7
Lyon,Minnesota,229.14529,44.48585432,59.39409691,9.437279774,257,15656,15656.5
Lyon,Minnesota,229.14529,44.48585432,59.39409691,9.437279774,258,20339,20338.7
Redwood,Minnesota,224.3774624,39.61909289,54.63007856,4.677307475,259,14507,3120.16
Lyon,Minnesota,229.14529,44.48585432,59.39409691,9.437279774,259,14507,11387
Lyon,Minnesota,229.14529,44.48585432,59.39409691,9.437279774,260,11468,3619.54
Redwood,Minnesota,224.3774624,39.61909289,54.63007856,4.677307475,260,11468,7848.02
Lyon,Minnesota,229.14529,44.48585432,59.39409691,9.437279774,261,27248,188.634
Redwood,Minnesota,224.3774624,39.61909289,54.63007856,4.677307475,261,27248,27059.8
Redwood,Minnesota,224.3774624,39.61909289,54.63007856,4.677307475,262,14636,6124.45
Yellow Medicine,Minnesota,249.3057614,64.54149024,79.63110527,29.54370587,262,14636,8511.45
Yellow Medicine,Minnesota,249.3057614,64.54149024,79.63110527,29.54370587,263,13943,3684.6
Redwood,Minnesota,224.3774624,39.61909289,54.63007856,4.677307475,263,13943,10257.9
Redwood,Minnesota,224.3774624,39.61909289,54.63007856,4.677307475,264,14049,14049.1
Yellow Medicine,Minnesota,249.3057614,64.54149024,79.63110527,29.54370587,265,23193,875.367
Redwood,Minnesota,224.3774624,39.61909289,54.63007856,4.677307475,265,23193,3512.83
Lyon,Minnesota,229.14529,44.48585432,59.39409691,9.437279774,265,23193,18805.1
Yellow Medicine,Minnesota,249.3057614,64.54149024,79.63110527,29.54370587,266,18405,223.721
Redwood,Minnesota,224.3774624,39.61909289,54.63007856,4.677307475,266,18405,18181.2
Redwood,Minnesota,224.3774624,39.61909289,54.63007856,4.677307475,267,15027,15026.8
Redwood,Minnesota,224.3774624,39.61909289,54.63007856,4.677307475,268,22130,22130.5
Renville,Minnesota,267.1064237,82.60749044,97.36010955,47.49372663,269,18969,18968.9
Renville,Minnesota,267.1064237,82.60749044,97.36010955,47.49372663,270,16824,16823.6
Redwood,Minnesota,224.3774624,39.61909289,54.63007856,4.677307475,271,7935,52.1835
Renville,Minnesota,267.1064237,82.60749044,97.36010955,47.49372663,271,7935,7882.39
Redwood,Minnesota,224.3774624,39.61909289,54.63007856,4.677307475,272,17905,17904.9
Redwood,Minnesota,224.3774624,39.61909289,54.63007856,4.677307475,273,14364,14364.1
Redwood,Minnesota,224.3774624,39.61909289,54.63007856,4.677307475,274,13745,13744.8
Renville,Minnesota,267.1064237,82.60749044,97.36010955,47.49372663,275,17229,17229.4
Renville,Minnesota,267.1064237,82.60749044,97.36010955,47.49372663,276,13046,13046.2
Nicollet,Minnesota,247.8033607,63.06422888,78.07351703,28.04202823,277,14300,328.798
Renville,Minnesota,267.1064237,82.60749044,97.36010955,47.49372663,277,14300,13971.5
Redwood,Minnesota,224.3774624,39.61909289,54.63007856,4.677307475,278,21573,21572.8
Redwood,Minnesota,224.3774624,39.61909289,54.63007856,4.677307475,279,12927,80.4043
Renville,Minnesota,267.1064237,82.60749044,97.36010955,47.49372663,279,12927,12846.3
Renville,Minnesota,267.1064237,82.60749044,97.36010955,47.49372663,280,14883,7382.83
Redwood,Minnesota,224.3774624,39.61909289,54.63007856,4.677307475,280,14883,7500.66
Renville,Minnesota,267.1064237,82.60749044,97.36010955,47.49372663,281,12726,7.78285
Redwood,Minnesota,224.3774624,39.61909289,54.63007856,4.677307475,281,12726,6157.15
Brown,Minnesota,236.2611352,51.59050599,66.51367963,16.54197999,281,12726,6561.42
Nicollet,Minnesota,247.8033607,63.06422888,78.07351703,28.04202823,282,21303,1114.27
Redwood,Minnesota,224.3774624,39.61909289,54.63007856,4.677307475,282,21303,2820.9
Brown,Minnesota,236.2611352,51.59050599,66.51367963,16.54197999,282,21303,5269.6
Renville,Minnesota,267.1064237,82.60749044,97.36010955,47.49372663,282,21303,12097.9
Redwood,Minnesota,224.3774624,39.61909289,54.63007856,4.677307475,283,28506,6974.59
Brown,Minnesota,236.2611352,51.59050599,66.51367963,16.54197999,283,28506,21530.9
Renville,Minnesota,267.1064237,82.60749044,97.36010955,47.49372663,284,26963,137.698
Nicollet,Minnesota,247.8033607,63.06422888,78.07351703,28.04202823,284,26963,5530.62
Brown,Minnesota,236.2611352,51.59050599,66.51367963,16.54197999,284,26963,21294.8
Renville,Minnesota,267.1064237,82.60749044,97.36010955,47.49372663,285,14510,14509.9
Sibley,Minnesota,262.7539977,78.01929828,93.03441559,43.10819449,286,14758,4503.47
Renville,Minnesota,267.1064237,82.60749044,97.36010955,47.49372663,286,14758,10254.7
Renville,Minnesota,267.1064237,82.60749044,97.36010955,47.49372663,287,10727,1945
Nicollet,Minnesota,247.8033607,63.06422888,78.07351703,28.04202823,287,10727,3752.21
Sibley,Minnesota,262.7539977,78.01929828,93.03441559,43.10819449,287,10727,5029.34
Brown,Minnesota,236.2611352,51.59050599,66.51367963,16.54197999,288,14152,52.1931
Nicollet,Minnesota,247.8033607,63.06422888,78.07351703,28.04202823,288,14152,4883.72
Renville,Minnesota,267.1064237,82.60749044,97.36010955,47.49372663,288,14152,9215.67
Renville,Minnesota,267.1064237,82.60749044,97.36010955,47.49372663,289,23631,385.433
Nicollet,Minnesota,247.8033607,63.06422888,78.07351703,28.04202823,289,23631,8427.65
Sibley,Minnesota,262.7539977,78.01929828,93.03441559,43.10819449,289,23631,14817.4
Brown,Minnesota,236.2611352,51.59050599,66.51367963,16.54197999,290,30728,12417.6
Nicollet,Minnesota,247.8033607,63.06422888,78.07351703,28.04202823,290,30728,18310.8
Brown,Minnesota,236.2611352,51.59050599,66.51367963,16.54197999,291,12945,0.809959
Nicollet,Minnesota,247.8033607,63.06422888,78.07351703,28.04202823,291,12945,12944.5
Brown,Minnesota,236.2611352,51.59050599,66.51367963,16.54197999,292,15578,1858.54
Nicollet,Minnesota,247.8033607,63.06422888,78.07351703,28.04202823,292,15578,13719.8
Brown,Minnesota,236.2611352,51.59050599,66.51367963,16.54197999,293,34933,17425.5
Cottonwood,Minnesota,207.7670709,23.00413877,38.06653536,-11.97742078,293,34933,17507.9
Cottonwood,Minnesota,207.7670709,23.00413877,38.06653536,-11.97742078,294,16781,7110.63
Brown,Minnesota,236.2611352,51.59050599,66.51367963,16.54197999,294,16781,9670.79
Brown,Minnesota,236.2611352,51.59050599,66.51367963,16.54197999,295,21297,21296.5
Blue Earth,Minnesota,239.4442679,54.76895783,69.75173792,19.76263974,296,35285,1932.21
Brown,Minnesota,236.2611352,51.59050599,66.51367963,16.54197999,296,35285,33352.9
Nicollet,Minnesota,247.8033607,63.06422888,78.07351703,28.04202823,297,26890,26890.4
Nicollet,Minnesota,247.8033607,63.06422888,78.07351703,28.04202823,298,17472,17472.2
Blue Earth,Minnesota,239.4442679,54.76895783,69.75173792,19.76263974,299,6174,15.6326
Nicollet,Minnesota,247.8033607,63.06422888,78.07351703,28.04202823,299,6174,6158.39
Watonwan,Minnesota,235.5558567,51.04232258,65.83097886,15.96629764,300,30351,124.874
Brown,Minnesota,236.2611352,51.59050599,66.51367963,16.54197999,300,30351,4010.54
Blue Earth,Minnesota,239.4442679,54.76895783,69.75173792,19.76263974,300,30351,26215.3
Blue Earth,Minnesota,239.4442679,54.76895783,69.75173792,19.76263974,301,13929,13929.1
Blue Earth,Minnesota,239.4442679,54.76895783,69.75173792,19.76263974,302,10284,10284.1
Blue Earth,Minnesota,239.4442679,54.76895783,69.75173792,19.76263974,303,37783,9976.07
Brown,Minnesota,236.2611352,51.59050599,66.51367963,16.54197999,303,37783,27807.3
Brown,Minnesota,236.2611352,51.59050599,66.51367963,16.54197999,304,31038,2612.32
Nicollet,Minnesota,247.8033607,63.06422888,78.07351703,28.04202823,304,31038,13577.8
Blue Earth,Minnesota,239.4442679,54.76895783,69.75173792,19.76263974,304,31038,14847.4
Blue Earth,Minnesota,239.4442679,54.76895783,69.75173792,19.76263974,305,23536,9205.51
Nicollet,Minnesota,247.8033607,63.06422888,78.07351703,28.04202823,305,23536,14330.6
Nicollet,Minnesota,247.8033607,63.06422888,78.07351703,28.04202823,306,11402,0.00651599
Le Sueur,Minnesota,254.7438439,70.01571656,85.03506075,35.1184777,306,11402,1718.3
Blue Earth,Minnesota,239.4442679,54.76895783,69.75173792,19.76263974,306,11402,9683.71
Le Sueur,Minnesota,254.7438439,70.01571656,85.03506075,35.1184777,307,25356,553.506
Nicollet,Minnesota,247.8033607,63.06422888,78.07351703,28.04202823,307,25356,8627.88
Blue Earth,Minnesota,239.4442679,54.76895783,69.75173792,19.76263974,307,25356,16174.9
Nicollet,Minnesota,247.8033607,63.06422888,78.07351703,28.04202823,308,23244,23244
Blue Earth,Minnesota,239.4442679,54.76895783,69.75173792,19.76263974,309,26753,7143.72
Le Sueur,Minnesota,254.7438439,70.01571656,85.03506075,35.1184777,309,26753,19609.7
Nicollet,Minnesota,247.8033607,63.06422888,78.07351703,28.04202823,310,17225,17225.1
Nicollet,Minnesota,247.8033607,63.06422888,78.07351703,28.04202823,311,21337,7.07576
Le Sueur,Minnesota,254.7438439,70.01571656,85.03506075,35.1184777,311,21337,21330
Nicollet,Minnesota,247.8033607,63.06422888,78.07351703,28.04202823,312,20946,8922.33
Le Sueur,Minnesota,254.7438439,70.01571656,85.03506075,35.1184777,312,20946,12023.2
Murray,Minnesota,228.3531314,43.68914101,58.65487607,8.76346475,313,28188,71.2015
Lyon,Minnesota,229.14529,44.48585432,59.39409691,9.437279774,313,28188,28117
Redwood,Minnesota,224.3774624,39.61909289,54.63007856,4.677307475,314,36060,292.72
Lyon,Minnesota,229.14529,44.48585432,59.39409691,9.437279774,314,36060,35767.1
Lyon,Minnesota,229.14529,44.48585432,59.39409691,9.437279774,315,17370,17370.3
Lyon,Minnesota,229.14529,44.48585432,59.39409691,9.437279774,316,20537,20537.3
Lyon,Minnesota,229.14529,44.48585432,59.39409691,9.437279774,317,15517,15516.5
Redwood,Minnesota,224.3774624,39.61909289,54.63007856,4.677307475,318,9530,12.8171
Lyon,Minnesota,229.14529,44.48585432,59.39409691,9.437279774,318,9530,9516.75
Lyon,Minnesota,229.14529,44.48585432,59.39409691,9.437279774,319,18473,4216.4
Murray,Minnesota,228.3531314,43.68914101,58.65487607,8.76346475,319,18473,14256.5
Murray,Minnesota,228.3531314,43.68914101,58.65487607,8.76346475,320,8929,8928.51
Murray,Minnesota,228.3531314,43.68914101,58.65487607,8.76346475,321,30281,13502.4
Redwood,Minnesota,224.3774624,39.61909289,54.63007856,4.677307475,321,30281,16778.2
Redwood,Minnesota,224.3774624,39.61909289,54.63007856,4.677307475,322,9087,3461.17
Lyon,Minnesota,229.14529,44.48585432,59.39409691,9.437279774,322,9087,5625.43
Lyon,Minnesota,229.14529,44.48585432,59.39409691,9.437279774,323,10278,3137.3
Redwood,Minnesota,224.3774624,39.61909289,54.63007856,4.677307475,323,10278,7140.8
Murray,Minnesota,228.3531314,43.68914101,58.65487607,8.76346475,324,17882,57.1981
Lyon,Minnesota,229.14529,44.48585432,59.39409691,9.437279774,324,17882,4745.47
Redwood,Minnesota,224.3774624,39.61909289,54.63007856,4.677307475,324,17882,13079
Lyon,Minnesota,229.14529,44.48585432,59.39409691,9.437279774,325,19358,1473.28
Redwood,Minnesota,224.3774624,39.61909289,54.63007856,4.677307475,325,19358,17884.6
Murray,Minnesota,228.3531314,43.68914101,58.65487607,8.76346475,326,33168,3215.03
Cottonwood,Minnesota,207.7670709,23.00413877,38.06653536,-11.97742078,326,33168,12733.5
Redwood,Minnesota,224.3774624,39.61909289,54.63007856,4.677307475,326,33168,17219.1
Redwood,Minnesota,224.3774624,39.61909289,54.63007856,4.677307475,327,11260,11259.7
Cottonwood,Minnesota,207.7670709,23.00413877,38.06653536,-11.97742078,328,23587,6237.14
Murray,Minnesota,228.3531314,43.68914101,58.65487607,8.76346475,328,23587,17349.7
Murray,Minnesota,228.3531314,43.68914101,58.65487607,8.76346475,329,29142,3871.42
Cottonwood,Minnesota,207.7670709,23.00413877,38.06653536,-11.97742078,329,29142,25270.3
Murray,Minnesota,228.3531314,43.68914101,58.65487607,8.76346475,330,29109,270.556
Cottonwood,Minnesota,207.7670709,23.00413877,38.06653536,-11.97742078,330,29109,28838
Cottonwood,Minnesota,207.7670709,23.00413877,38.06653536,-11.97742078,331,22306,22306.1
Redwood,Minnesota,224.3774624,39.61909289,54.63007856,4.677307475,332,17992,594.139
Cottonwood,Minnesota,207.7670709,23.00413877,38.06653536,-11.97742078,332,17992,17397.4
Cottonwood,Minnesota,207.7670709,23.00413877,38.06653536,-11.97742078,333,11841,4893.98
Redwood,Minnesota,224.3774624,39.61909289,54.63007856,4.677307475,333,11841,6946.89
Redwood,Minnesota,224.3774624,39.61909289,54.63007856,4.677307475,334,26274,291.261
Cottonwood,Minnesota,207.7670709,23.00413877,38.06653536,-11.97742078,334,26274,25982.3
Cottonwood,Minnesota,207.7670709,23.00413877,38.06653536,-11.97742078,335,35290,16019.9
Brown,Minnesota,236.2611352,51.59050599,66.51367963,16.54197999,335,35290,19270.1
Cottonwood,Minnesota,207.7670709,23.00413877,38.06653536,-11.97742078,336,16582,1948.53
Brown,Minnesota,236.2611352,51.59050599,66.51367963,16.54197999,336,16582,6293.42
Redwood,Minnesota,224.3774624,39.61909289,54.63007856,4.677307475,336,16582,8340.48
Brown,Minnesota,236.2611352,51.59050599,66.51367963,16.54197999,337,29984,7597.93
Redwood,Minnesota,224.3774624,39.61909289,54.63007856,4.677307475,337,29984,22386.2
Brown,Minnesota,236.2611352,51.59050599,66.51367963,16.54197999,338,38897,38897.4
Redwood,Minnesota,224.3774624,39.61909289,54.63007856,4.677307475,339,37574,37574.1
Redwood,Minnesota,224.3774624,39.61909289,54.63007856,4.677307475,340,30679,30678.5
Redwood,Minnesota,224.3774624,39.61909289,54.63007856,4.677307475,341,24103,24103.1
Redwood,Minnesota,224.3774624,39.61909289,54.63007856,4.677307475,342,17425,17425.1
Redwood,Minnesota,224.3774624,39.61909289,54.63007856,4.677307475,343,29615,29614.7
Brown,Minnesota,236.2611352,51.59050599,66.51367963,16.54197999,344,11986,3824.78
Redwood,Minnesota,224.3774624,39.61909289,54.63007856,4.677307475,344,11986,8161.45
Redwood,Minnesota,224.3774624,39.61909289,54.63007856,4.677307475,345,23285,9437.35
Brown,Minnesota,236.2611352,51.59050599,66.51367963,16.54197999,345,23285,13848
Redwood,Minnesota,224.3774624,39.61909289,54.63007856,4.677307475,346,37526,14064.5
Brown,Minnesota,236.2611352,51.59050599,66.51367963,16.54197999,346,37526,23461.2
Brown,Minnesota,236.2611352,51.59050599,66.51367963,16.54197999,347,31692,31691.8
Nicollet,Minnesota,247.8033607,63.06422888,78.07351703,28.04202823,348,29948,41.1378
Brown,Minnesota,236.2611352,51.59050599,66.51367963,16.54197999,348,29948,29906.6
Kossuth,Iowa,312.4837276,128.1571953,142.6865142,92.87616799,349,17841,17841.2
Kossuth,Iowa,312.4837276,128.1571953,142.6865142,92.87616799,350,25133,25132.9
Winnebago,Iowa,314.5875403,130.1985566,144.772145,94.91196498,351,15343,149.666
Kossuth,Iowa,312.4837276,128.1571953,142.6865142,92.87616799,351,15343,15193.5
Faribault,Minnesota,233.4853054,48.75917288,63.73888813,13.7697838,352,15356,4.11415
Kossuth,Iowa,312.4837276,128.1571953,142.6865142,92.87616799,352,15356,15351.7
Martin,Minnesota,249.2349133,64.64948977,79.50543648,29.58845986,353,16255,792.648
Kossuth,Iowa,312.4837276,128.1571953,142.6865142,92.87616799,353,16255,15462.8
Kossuth,Iowa,312.4837276,128.1571953,142.6865142,92.87616799,354,19756,3065.72
Martin,Minnesota,249.2349133,64.64948977,79.50543648,29.58845986,354,19756,4699.61
Faribault,Minnesota,233.4853054,48.75917288,63.73888813,13.7697838,354,19756,11990.7
Faribault,Minnesota,233.4853054,48.75917288,63.73888813,13.7697838,355,29273,5560.92
Kossuth,Iowa,312.4837276,128.1571953,142.6865142,92.87616799,355,29273,23712.2
Kossuth,Iowa,312.4837276,128.1571953,142.6865142,92.87616799,356,12440,5671.73
Winnebago,Iowa,314.5875403,130.1985566,144.772145,94.91196498,356,12440,6768.76
Kossuth,Iowa,312.4837276,128.1571953,142.6865142,92.87616799,357,26538,3018.25
Winnebago,Iowa,314.5875403,130.1985566,144.772145,94.91196498,357,26538,23520.1
Faribault,Minnesota,233.4853054,48.75917288,63.73888813,13.7697838,358,31737,8632.74
Kossuth,Iowa,312.4837276,128.1571953,142.6865142,92.87616799,358,31737,23104
Faribault,Minnesota,233.4853054,48.75917288,63.73888813,13.7697838,359,17827,229.321
Kossuth,Iowa,312.4837276,128.1571953,142.6865142,92.87616799,359,17827,2695.24
Winnebago,Iowa,314.5875403,130.1985566,144.772145,94.91196498,359,17827,14902.7
Winnebago,Iowa,314.5875403,130.1985566,144.772145,94.91196498,360,13211,6014.98
Faribault,Minnesota,233.4853054,48.75917288,63.73888813,13.7697838,360,13211,7196.49
Winnebago,Iowa,314.5875403,130.1985566,144.772145,94.91196498,361,19664,1454.29
Faribault,Minnesota,233.4853054,48.75917288,63.73888813,13.7697838,361,19664,18209.5
Winnebago,Iowa,314.5875403,130.1985566,144.772145,94.91196498,362,13007,0.0221849
Kossuth,Iowa,312.4837276,128.1571953,142.6865142,92.87616799,362,13007,260.607
Faribault,Minnesota,233.4853054,48.75917288,63.73888813,13.7697838,362,13007,12746.5
Freeborn,Minnesota,228.5530317,43.90104446,58.79821579,8.858981006,363,10880,2530.02
Faribault,Minnesota,233.4853054,48.75917288,63.73888813,13.7697838,363,10880,8350.47
Faribault,Minnesota,233.4853054,48.75917288,63.73888813,13.7697838,364,33475,13247.8
Freeborn,Minnesota,228.5530317,43.90104446,58.79821579,8.858981006,364,33475,20226.8
Freeborn,Minnesota,228.5530317,43.90104446,58.79821579,8.858981006,365,39022,10867
Faribault,Minnesota,233.4853054,48.75917288,63.73888813,13.7697838,365,39022,28154.7
Freeborn,Minnesota,228.5530317,43.90104446,58.79821579,8.858981006,366,30399,535.463
Winnebago,Iowa,314.5875403,130.1985566,144.772145,94.91196498,366,30399,4319.53
Faribault,Minnesota,233.4853054,48.75917288,63.73888813,13.7697838,366,30399,25544.4
Faribault,Minnesota,233.4853054,48.75917288,63.73888813,13.7697838,367,30598,30598.4
Faribault,Minnesota,233.4853054,48.75917288,63.73888813,13.7697838,368,17366,17365.6
Faribault,Minnesota,233.4853054,48.75917288,63.73888813,13.7697838,369,27087,27087
Kossuth,Iowa,312.4837276,128.1571953,142.6865142,92.87616799,370,9778,93.14
Emmet,Iowa,339.1546671,154.8939954,169.4069645,119.6569703,370,9778,3197.55
Martin,Minnesota,249.2349133,64.64948977,79.50543648,29.58845986,370,9778,6487.34
Emmet,Iowa,339.1546671,154.8939954,169.4069645,119.6569703,371,24985,2474.72
Kossuth,Iowa,312.4837276,128.1571953,142.6865142,92.87616799,371,24985,10281.4
Martin,Minnesota,249.2349133,64.64948977,79.50543648,29.58845986,371,24985,12228.8
Martin,Minnesota,249.2349133,64.64948977,79.50543648,29.58845986,372,18018,18017.9
Faribault,Minnesota,233.4853054,48.75917288,63.73888813,13.7697838,373,19074,5030.08
Martin,Minnesota,249.2349133,64.64948977,79.50543648,29.58845986,373,19074,14043.8
Martin,Minnesota,249.2349133,64.64948977,79.50543648,29.58845986,374,11082,11081.8
Martin,Minnesota,249.2349133,64.64948977,79.50543648,29.58845986,375,19984,19984.1
Martin,Minnesota,249.2349133,64.64948977,79.50543648,29.58845986,376,25250,25250.2
Faribault,Minnesota,233.4853054,48.75917288,63.73888813,13.7697838,377,31212,3632.43
Martin,Minnesota,249.2349133,64.64948977,79.50543648,29.58845986,377,31212,27579.5
Faribault,Minnesota,233.4853054,48.75917288,63.73888813,13.7697838,378,19207,9189.35
Martin,Minnesota,249.2349133,64.64948977,79.50543648,29.58845986,378,19207,10017.3
Martin,Minnesota,249.2349133,64.64948977,79.50543648,29.58845986,379,31085,14751.8
Faribault,Minnesota,233.4853054,48.75917288,63.73888813,13.7697838,379,31085,16333.1
Martin,Minnesota,249.2349133,64.64948977,79.50543648,29.58845986,380,34088,54.5535
Faribault,Minnesota,233.4853054,48.75917288,63.73888813,13.7697838,380,34088,34033.1
Martin,Minnesota,249.2349133,64.64948977,79.50543648,29.58845986,381,29128,306.794
Jackson,Minnesota,234.2801241,49.52963273,64.50670703,14.5382293,381,29128,28820.9
Martin,Minnesota,249.2349133,64.64948977,79.50543648,29.58845986,382,18781,481.73
Jackson,Minnesota,234.2801241,49.52963273,64.50670703,14.5382293,382,18781,18299.1
Jackson,Minnesota,234.2801241,49.52963273,64.50670703,14.5382293,383,37849,859.712
Martin,Minnesota,249.2349133,64.64948977,79.50543648,29.58845986,383,37849,36989.4
Cottonwood,Minnesota,207.7670709,23.00413877,38.06653536,-11.97742078,384,34076,566.194
Watonwan,Minnesota,235.5558567,51.04232258,65.83097886,15.96629764,384,34076,1172.58
Jackson,Minnesota,234.2801241,49.52963273,64.50670703,14.5382293,384,34076,4477.9
Martin,Minnesota,249.2349133,64.64948977,79.50543648,29.58845986,384,34076,27859.3
Martin,Minnesota,249.2349133,64.64948977,79.50543648,29.58845986,385,25039,25038.9
Martin,Minnesota,249.2349133,64.64948977,79.50543648,29.58845986,386,14257,14256.9
Faribault,Minnesota,233.4853054,48.75917288,63.73888813,13.7697838,387,20919,2671.77
Martin,Minnesota,249.2349133,64.64948977,79.50543648,29.58845986,387,20919,18247
Faribault,Minnesota,233.4853054,48.75917288,63.73888813,13.7697838,388,15295,3601.37
Martin,Minnesota,249.2349133,64.64948977,79.50543648,29.58845986,388,15295,4414.83
Blue Earth,Minnesota,239.4442679,54.76895783,69.75173792,19.76263974,388,15295,7278.63
Blue Earth,Minnesota,239.4442679,54.76895783,69.75173792,19.76263974,389,13591,4371.94
Martin,Minnesota,249.2349133,64.64948977,79.50543648,29.58845986,389,13591,9218.81
Watonwan,Minnesota,235.5558567,51.04232258,65.83097886,15.96629764,390,10335,82.4891
Blue Earth,Minnesota,239.4442679,54.76895783,69.75173792,19.76263974,390,10335,4677.78
Martin,Minnesota,249.2349133,64.64948977,79.50543648,29.58845986,390,10335,5574.56
Blue Earth,Minnesota,239.4442679,54.76895783,69.75173792,19.76263974,391,14824,14824.2
Martin,Minnesota,249.2349133,64.64948977,79.50543648,29.58845986,392,20246,46.0979
Blue Earth,Minnesota,239.4442679,54.76895783,69.75173792,19.76263974,392,20246,7797.89
Faribault,Minnesota,233.4853054,48.75917288,63.73888813,13.7697838,392,20246,12401.9
Blue Earth,Minnesota,239.4442679,54.76895783,69.75173792,19.76263974,393,29148,29148
Blue Earth,Minnesota,239.4442679,54.76895783,69.75173792,19.76263974,394,12892,12892
Cottonwood,Minnesota,207.7670709,23.00413877,38.06653536,-11.97742078,395,29883,29882.8
Cottonwood,Minnesota,207.7670709,23.00413877,38.06653536,-11.97742078,396,7847,7846.76
Watonwan,Minnesota,235.5558567,51.04232258,65.83097886,15.96629764,397,15466,943.703
Cottonwood,Minnesota,207.7670709,23.00413877,38.06653536,-11.97742078,397,15466,14522.3
Watonwan,Minnesota,235.5558567,51.04232258,65.83097886,15.96629764,398,11443,11443
Cottonwood,Minnesota,207.7670709,23.00413877,38.06653536,-11.97742078,399,13241,503.069
Watonwan,Minnesota,235.5558567,51.04232258,65.83097886,15.96629764,399,13241,12737.6
Cottonwood,Minnesota,207.7670709,23.00413877,38.06653536,-11.97742078,400,19390,19389.7
Watonwan,Minnesota,235.5558567,51.04232258,65.83097886,15.96629764,401,13154,5376.77
Cottonwood,Minnesota,207.7670709,23.00413877,38.06653536,-11.97742078,401,13154,7776.89
Cottonwood,Minnesota,207.7670709,23.00413877,38.06653536,-11.97742078,402,15970,556.86
Brown,Minnesota,236.2611352,51.59050599,66.51367963,16.54197999,402,15970,4860.79
Watonwan,Minnesota,235.5558567,51.04232258,65.83097886,15.96629764,402,15970,10552.7
Cottonwood,Minnesota,207.7670709,23.00413877,38.06653536,-11.97742078,403,16284,4334.29
Watonwan,Minnesota,235.5558567,51.04232258,65.83097886,15.96629764,403,16284,11950
Watonwan,Minnesota,235.5558567,51.04232258,65.83097886,15.96629764,404,23668,23668.3
Watonwan,Minnesota,235.5558567,51.04232258,65.83097886,15.96629764,405,22353,22353.5
Watonwan,Minnesota,235.5558567,51.04232258,65.83097886,15.96629764,406,17091,17091.1
Watonwan,Minnesota,235.5558567,51.04232258,65.83097886,15.96629764,407,33431,6932.4
Cottonwood,Minnesota,207.7670709,23.00413877,38.06653536,-11.97742078,407,33431,26498.8
Martin,Minnesota,249.2349133,64.64948977,79.50543648,29.58845986,408,26971,1079.06
Jackson,Minnesota,234.2801241,49.52963273,64.50670703,14.5382293,408,26971,5857.44
Watonwan,Minnesota,235.5558567,51.04232258,65.83097886,15.96629764,408,26971,7002.2
Cottonwood,Minnesota,207.7670709,23.00413877,38.06653536,-11.97742078,408,26971,13031.8
Watonwan,Minnesota,235.5558567,51.04232258,65.83097886,15.96629764,409,19916,7069.98
Martin,Minnesota,249.2349133,64.64948977,79.50543648,29.58845986,409,19916,12846.1
Martin,Minnesota,249.2349133,64.64948977,79.50543648,29.58845986,410,27786,1732.28
Watonwan,Minnesota,235.5558567,51.04232258,65.83097886,15.96629764,410,27786,26053.9
Watonwan,Minnesota,235.5558567,51.04232258,65.83097886,15.96629764,411,8785,8784.94
Watonwan,Minnesota,235.5558567,51.04232258,65.83097886,15.96629764,412,20427,20426.8
Martin,Minnesota,249.2349133,64.64948977,79.50543648,29.58845986,413,11275,11274.9
Watonwan,Minnesota,235.5558567,51.04232258,65.83097886,15.96629764,414,12253,3079.91
Martin,Minnesota,249.2349133,64.64948977,79.50543648,29.58845986,414,12253,9173.22
Martin,Minnesota,249.2349133,64.64948977,79.50543648,29.58845986,415,10706,5298.28
Watonwan,Minnesota,235.5558567,51.04232258,65.83097886,15.96629764,415,10706,5407.6
Blue Earth,Minnesota,239.4442679,54.76895783,69.75173792,19.76263974,416,13089,349.782
Watonwan,Minnesota,235.5558567,51.04232258,65.83097886,15.96629764,416,13089,3587.59
Martin,Minnesota,249.2349133,64.64948977,79.50543648,29.58845986,416,13089,9151.86
Blue Earth,Minnesota,239.4442679,54.76895783,69.75173792,19.76263974,417,10260,578.657
Watonwan,Minnesota,235.5558567,51.04232258,65.83097886,15.96629764,417,10260,9681.32
Blue Earth,Minnesota,239.4442679,54.76895783,69.75173792,19.76263974,418,25809,777.355
Watonwan,Minnesota,235.5558567,51.04232258,65.83097886,15.96629764,418,25809,25031.2
Watonwan,Minnesota,235.5558567,51.04232258,65.83097886,15.96629764,419,12459,702.428
Blue Earth,Minnesota,239.4442679,54.76895783,69.75173792,19.76263974,419,12459,11756.9
Watonwan,Minnesota,235.5558567,51.04232258,65.83097886,15.96629764,420,33192,8985.79
Brown,Minnesota,236.2611352,51.59050599,66.51367963,16.54197999,420,33192,24206.6
Watonwan,Minnesota,235.5558567,51.04232258,65.83097886,15.96629764,421,11699,11699.4
Brown,Minnesota,236.2611352,51.59050599,66.51367963,16.54197999,422,18400,6999.96
Watonwan,Minnesota,235.5558567,51.04232258,65.83097886,15.96629764,422,18400,11399.9
Brown,Minnesota,236.2611352,51.59050599,66.51367963,16.54197999,423,27978,9.1321
Watonwan,Minnesota,235.5558567,51.04232258,65.83097886,15.96629764,423,27978,10975.9
Blue Earth,Minnesota,239.4442679,54.76895783,69.75173792,19.76263974,423,27978,16993.5
Blue Earth,Minnesota,239.4442679,54.76895783,69.75173792,19.76263974,424,12054,12054
Blue Earth,Minnesota,239.4442679,54.76895783,69.75173792,19.76263974,425,16881,16881.3
Waseca,Minnesota,250.5525746,65.88204253,80.85381573,30.87873544,426,33156,8317.63
Steele,Minnesota,241.969325,57.30831039,72.25652334,22.32610421,426,33156,8428.04
Freeborn,Minnesota,228.5530317,43.90104446,58.79821579,8.858981006,426,33156,16410.6
Freeborn,Minnesota,228.5530317,43.90104446,58.79821579,8.858981006,427,32027,15492.7
Waseca,Minnesota,250.5525746,65.88204253,80.85381573,30.87873544,427,32027,16534.4
Steele,Minnesota,241.969325,57.30831039,72.25652334,22.32610421,428,33261,12390.5
Waseca,Minnesota,250.5525746,65.88204253,80.85381573,30.87873544,428,33261,20870.4
Steele,Minnesota,241.969325,57.30831039,72.25652334,22.32610421,429,15509,4154.42
Waseca,Minnesota,250.5525746,65.88204253,80.85381573,30.87873544,429,15509,11354.1
Waseca,Minnesota,250.5525746,65.88204253,80.85381573,30.87873544,430,14073,14073.2
Blue Earth,Minnesota,239.4442679,54.76895783,69.75173792,19.76263974,431,34783,2326.04
Waseca,Minnesota,250.5525746,65.88204253,80.85381573,30.87873544,431,34783,32456.7
Waseca,Minnesota,250.5525746,65.88204253,80.85381573,30.87873544,432,10435,509.933
Blue Earth,Minnesota,239.4442679,54.76895783,69.75173792,19.76263974,432,10435,9925.1
Freeborn,Minnesota,228.5530317,43.90104446,58.79821579,8.858981006,433,30427,704.838
Blue Earth,Minnesota,239.4442679,54.76895783,69.75173792,19.76263974,433,30427,2791.65
Waseca,Minnesota,250.5525746,65.88204253,80.85381573,30.87873544,433,30427,26930.5
Blue Earth,Minnesota,239.4442679,54.76895783,69.75173792,19.76263974,434,27092,719.502
Waseca,Minnesota,250.5525746,65.88204253,80.85381573,30.87873544,434,27092,26372.8
Waseca,Minnesota,250.5525746,65.88204253,80.85381573,30.87873544,435,15666,951.359
Blue Earth,Minnesota,239.4442679,54.76895783,69.75173792,19.76263974,435,15666,14714.9
Faribault,Minnesota,233.4853054,48.75917288,63.73888813,13.7697838,436,20011,960.937
Freeborn,Minnesota,228.5530317,43.90104446,58.79821579,8.858981006,436,20011,19050.2
Waseca,Minnesota,250.5525746,65.88204253,80.85381573,30.87873544,437,25186,4187.25
Faribault,Minnesota,233.4853054,48.75917288,63.73888813,13.7697838,437,25186,4675.95
Freeborn,Minnesota,228.5530317,43.90104446,58.79821579,8.858981006,437,25186,16322.5
Faribault,Minnesota,233.4853054,48.75917288,63.73888813,13.7697838,438,26673,5726.16
Blue Earth,Minnesota,239.4442679,54.76895783,69.75173792,19.76263974,438,26673,8293.58
Waseca,Minnesota,250.5525746,65.88204253,80.85381573,30.87873544,438,26673,12653.1
Blue Earth,Minnesota,239.4442679,54.76895783,69.75173792,19.76263974,439,20978,20977.9
Blue Earth,Minnesota,239.4442679,54.76895783,69.75173792,19.76263974,440,21971,21971.2
Faribault,Minnesota,233.4853054,48.75917288,63.73888813,13.7697838,441,13332,13331.8
Faribault,Minnesota,233.4853054,48.75917288,63.73888813,13.7697838,442,15274,15274.1
Blue Earth,Minnesota,239.4442679,54.76895783,69.75173792,19.76263974,443,23684,8257.35
Faribault,Minnesota,233.4853054,48.75917288,63.73888813,13.7697838,443,23684,15427
Freeborn,Minnesota,228.5530317,43.90104446,58.79821579,8.858981006,444,14581,1159.77
Faribault,Minnesota,233.4853054,48.75917288,63.73888813,13.7697838,444,14581,13420.7
Freeborn,Minnesota,228.5530317,43.90104446,58.79821579,8.858981006,445,11587,172.648
Faribault,Minnesota,233.4853054,48.75917288,63.73888813,13.7697838,445,11587,11414.3
Faribault,Minnesota,233.4853054,48.75917288,63.73888813,13.7697838,446,13365,13365.1
Faribault,Minnesota,233.4853054,48.75917288,63.73888813,13.7697838,447,22639,22639.5
Blue Earth,Minnesota,239.4442679,54.76895783,69.75173792,19.76263974,448,20758,1669.67
Faribault,Minnesota,233.4853054,48.75917288,63.73888813,13.7697838,448,20758,19088.6
Blue Earth,Minnesota,239.4442679,54.76895783,69.75173792,19.76263974,449,16447,1373.51
Faribault,Minnesota,233.4853054,48.75917288,63.73888813,13.7697838,449,16447,15073.9
Faribault,Minnesota,233.4853054,48.75917288,63.73888813,13.7697838,450,26299,93.3148
Blue Earth,Minnesota,239.4442679,54.76895783,69.75173792,19.76263974,450,26299,26205.9
Faribault,Minnesota,233.4853054,48.75917288,63.73888813,13.7697838,451,17373,5849.88
Blue Earth,Minnesota,239.4442679,54.76895783,69.75173792,19.76263974,451,17373,11523.2
Blue Earth,Minnesota,239.4442679,54.76895783,69.75173792,19.76263974,452,23644,23644.5
Waseca,Minnesota,250.5525746,65.88204253,80.85381573,30.87873544,453,13624,13624.2
Le Sueur,Minnesota,254.7438439,70.01571656,85.03506075,35.1184777,454,15495,427.763
Waseca,Minnesota,250.5525746,65.88204253,80.85381573,30.87873544,454,15495,15067.6
Blue Earth,Minnesota,239.4442679,54.76895783,69.75173792,19.76263974,455,25423,1393.68
Waseca,Minnesota,250.5525746,65.88204253,80.85381573,30.87873544,455,25423,24029.1
Waseca,Minnesota,250.5525746,65.88204253,80.85381573,30.87873544,456,22373,302.016
Blue Earth,Minnesota,239.4442679,54.76895783,69.75173792,19.76263974,456,22373,22070.8
Le Sueur,Minnesota,254.7438439,70.01571656,85.03506075,35.1184777,457,12530,971.196
Waseca,Minnesota,250.5525746,65.88204253,80.85381573,30.87873544,457,12530,1799.74
Blue Earth,Minnesota,239.4442679,54.76895783,69.75173792,19.76263974,457,12530,9758.59
Blue Earth,Minnesota,239.4442679,54.76895783,69.75173792,19.76263974,458,14315,14314.8
Blue Earth,Minnesota,239.4442679,54.76895783,69.75173792,19.76263974,459,27622,27621.9
Le Sueur,Minnesota,254.7438439,70.01571656,85.03506075,35.1184777,460,35229,35228.7
Le Sueur,Minnesota,254.7438439,70.01571656,85.03506075,35.1184777,461,10470,10469.6
Scott,Minnesota,284.7261699,99.79503782,115.0180809,65.11961047,462,34815,296.272
Le Sueur,Minnesota,254.7438439,70.01571656,85.03506075,35.1184777,462,34815,34518.3
Le Sueur,Minnesota,254.7438439,70.01571656,85.03506075,35.1184777,463,15358,15358.5
Sibley,Minnesota,262.7539977,78.01929828,93.03441559,43.10819449,464,11427,11427.1
McLeod,Minnesota,246.4654281,61.74713187,76.74532655,26.83755684,465,20403,3962.76
Sibley,Minnesota,262.7539977,78.01929828,93.03441559,43.10819449,465,20403,16440.7
Sibley,Minnesota,262.7539977,78.01929828,93.03441559,43.10819449,466,13014,13014.4
Sibley,Minnesota,262.7539977,78.01929828,93.03441559,43.10819449,467,18540,18539.6
Nicollet,Minnesota,247.8033607,63.06422888,78.07351703,28.04202823,468,24650,4367.94
Sibley,Minnesota,262.7539977,78.01929828,93.03441559,43.10819449,468,24650,20282.4
Nicollet,Minnesota,247.8033607,63.06422888,78.07351703,28.04202823,469,19012,3371.27
Sibley,Minnesota,262.7539977,78.01929828,93.03441559,43.10819449,469,19012,15641.2
Nicollet,Minnesota,247.8033607,63.06422888,78.07351703,28.04202823,470,10755,3216.12
Sibley,Minnesota,262.7539977,78.01929828,93.03441559,43.10819449,470,10755,7538.96
Nicollet,Minnesota,247.8033607,63.06422888,78.07351703,28.04202823,471,19790,19790.1
Sibley,Minnesota,262.7539977,78.01929828,93.03441559,43.10819449,472,29507,557.884
Nicollet,Minnesota,247.8033607,63.06422888,78.07351703,28.04202823,472,29507,28949.6
Nicollet,Minnesota,247.8033607,63.06422888,78.07351703,28.04202823,473,14285,4268.93
Sibley,Minnesota,262.7539977,78.01929828,93.03441559,43.10819449,473,14285,10016.1
Sibley,Minnesota,262.7539977,78.01929828,93.03441559,43.10819449,474,28845,28844.8
Sibley,Minnesota,262.7539977,78.01929828,93.03441559,43.10819449,475,26900,26899.5
Le Sueur,Minnesota,254.7438439,70.01571656,85.03506075,35.1184777,476,20768,197.19
Sibley,Minnesota,262.7539977,78.01929828,93.03441559,43.10819449,476,20768,20570.6
Le Sueur,Minnesota,254.7438439,70.01571656,85.03506075,35.1184777,477,21782,74.3992
Nicollet,Minnesota,247.8033607,63.06422888,78.07351703,28.04202823,477,21782,21707.3
Sibley,Minnesota,262.7539977,78.01929828,93.03441559,43.10819449,478,20645,3887.25
Nicollet,Minnesota,247.8033607,63.06422888,78.07351703,28.04202823,478,20645,4186.61
Le Sueur,Minnesota,254.7438439,70.01571656,85.03506075,35.1184777,478,20645,12570.9
Sibley,Minnesota,262.7539977,78.01929828,93.03441559,43.10819449,479,19402,4001.75
Le Sueur,Minnesota,254.7438439,70.01571656,85.03506075,35.1184777,479,19402,5874.53
Scott,Minnesota,284.7261699,99.79503782,115.0180809,65.11961047,479,19402,9525.8
McLeod,Minnesota,246.4654281,61.74713187,76.74532655,26.83755684,480,38835,2219.8
Renville,Minnesota,267.1064237,82.60749044,97.36010955,47.49372663,480,38835,16073.7
Sibley,Minnesota,262.7539977,78.01929828,93.03441559,43.10819449,480,38835,20541.3
McLeod,Minnesota,246.4654281,61.74713187,76.74532655,26.83755684,481,11032,1655.49
Sibley,Minnesota,262.7539977,78.01929828,93.03441559,43.10819449,481,11032,9376.33
Sibley,Minnesota,262.7539977,78.01929828,93.03441559,43.10819449,482,20859,353.318
McLeod,Minnesota,246.4654281,61.74713187,76.74532655,26.83755684,482,20859,20505.7
Sibley,Minnesota,262.7539977,78.01929828,93.03441559,43.10819449,483,13664,2715.66
McLeod,Minnesota,246.4654281,61.74713187,76.74532655,26.83755684,483,13664,10948.5
McLeod,Minnesota,246.4654281,61.74713187,76.74532655,26.83755684,484,8290,860.016
Sibley,Minnesota,262.7539977,78.01929828,93.03441559,43.10819449,484,8290,7429.92
Sibley,Minnesota,262.7539977,78.01929828,93.03441559,43.10819449,485,13304,13303.6
Sibley,Minnesota,262.7539977,78.01929828,93.03441559,43.10819449,486,10951,10951.1
Sibley,Minnesota,262.7539977,78.01929828,93.03441559,43.10819449,487,17803,17803.1
Scott,Minnesota,284.7261699,99.79503782,115.0180809,65.11961047,488,19545,0.977839
Sibley,Minnesota,262.7539977,78.01929828,93.03441559,43.10819449,488,19545,19544.3
McLeod,Minnesota,246.4654281,61.74713187,76.74532655,26.83755684,489,28458,25.6112
Carver,Minnesota,308.5818775,123.8209267,138.9053074,89.1430145,489,28458,4279.47
Sibley,Minnesota,262.7539977,78.01929828,93.03441559,43.10819449,489,28458,24152.8
McLeod,Minnesota,246.4654281,61.74713187,76.74532655,26.83755684,490,12391,48.7485
Carver,Minnesota,308.5818775,123.8209267,138.9053074,89.1430145,490,12391,12342.7
Sibley,Minnesota,262.7539977,78.01929828,93.03441559,43.10819449,491,25361,8784.7
Carver,Minnesota,308.5818775,123.8209267,138.9053074,89.1430145,491,25361,16576.6
Scott,Minnesota,284.7261699,99.79503782,115.0180809,65.11961047,492,19209,116.35
Carver,Minnesota,308.5818775,123.8209267,138.9053074,89.1430145,492,19209,19092.5
Le Sueur,Minnesota,254.7438439,70.01571656,85.03506075,35.1184777,493,22643,4758.39
Rice,Minnesota,279.3739798,94.64681523,109.6881903,59.76007894,493,22643,17884.1
Rice,Minnesota,279.3739798,94.64681523,109.6881903,59.76007894,494,37489,8023.85
Le Sueur,Minnesota,254.7438439,70.01571656,85.03506075,35.1184777,494,37489,14719.5
Scott,Minnesota,284.7261699,99.79503782,115.0180809,65.11961047,494,37489,14746.1
Scott,Minnesota,284.7261699,99.79503782,115.0180809,65.11961047,495,14735,3753.93
Le Sueur,Minnesota,254.7438439,70.01571656,85.03506075,35.1184777,495,14735,10981.5
Le Sueur,Minnesota,254.7438439,70.01571656,85.03506075,35.1184777,496,28079,7429.57
Scott,Minnesota,284.7261699,99.79503782,115.0180809,65.11961047,496,28079,20649.4
Scott,Minnesota,284.7261699,99.79503782,115.0180809,65.11961047,497,13439,13439
Rice,Minnesota,279.3739798,94.64681523,109.6881903,59.76007894,498,27901,8041.33
Scott,Minnesota,284.7261699,99.79503782,115.0180809,65.11961047,498,27901,19860
Scott,Minnesota,284.7261699,99.79503782,115.0180809,65.11961047,499,31094,31093.5
Scott,Minnesota,284.7261699,99.79503782,115.0180809,65.11961047,500,29418,14079.4
Sibley,Minnesota,262.7539977,78.01929828,93.03441559,43.10819449,500,29418,15338.2
Sibley,Minnesota,262.7539977,78.01929828,93.03441559,43.10819449,501,26655,932.273
Carver,Minnesota,308.5818775,123.8209267,138.9053074,89.1430145,501,26655,5650.34
Scott,Minnesota,284.7261699,99.79503782,115.0180809,65.11961047,501,26655,20072
Carver,Minnesota,308.5818775,123.8209267,138.9053074,89.1430145,502,20240,20239.6
Hennepin,Minnesota,316.0608639,130.9146465,146.4298378,96.4046469,503,10763,121.453
Carver,Minnesota,308.5818775,123.8209267,138.9053074,89.1430145,503,10763,10641.4
Carver,Minnesota,308.5818775,123.8209267,138.9053074,89.1430145,504,9892,9891.93
Carver,Minnesota,308.5818775,123.8209267,138.9053074,89.1430145,505,12209,12208.6
Scott,Minnesota,284.7261699,99.79503782,115.0180809,65.11961047,506,10276,82.403
Carver,Minnesota,308.5818775,123.8209267,138.9053074,89.1430145,506,10276,10193.4
Hennepin,Minnesota,316.0608639,130.9146465,146.4298378,96.4046469,507,32966,1250.86
Carver,Minnesota,308.5818775,123.8209267,138.9053074,89.1430145,507,32966,15261.1
Scott,Minnesota,284.7261699,99.79503782,115.0180809,65.11961047,507,32966,16454.1
Scott,Minnesota,284.7261699,99.79503782,115.0180809,65.11961047,508,8393,254.752
Carver,Minnesota,308.5818775,123.8209267,138.9053074,89.1430145,508,8393,3882.65
Hennepin,Minnesota,316.0608639,130.9146465,146.4298378,96.4046469,508,8393,4255.65
Scott,Minnesota,284.7261699,99.79503782,115.0180809,65.11961047,509,20607,173.21
Carver,Minnesota,308.5818775,123.8209267,138.9053074,89.1430145,509,20607,1287.63
Hennepin,Minnesota,316.0608639,130.9146465,146.4298378,96.4046469,509,20607,19145.7
Scott,Minnesota,284.7261699,99.79503782,115.0180809,65.11961047,510,29867,29866.7
Hennepin,Minnesota,316.0608639,130.9146465,146.4298378,96.4046469,511,10775,1652.67
Scott,Minnesota,284.7261699,99.79503782,115.0180809,65.11961047,511,10775,9122.4
Dakota,Minnesota,329.3001736,144.5313955,159.6314604,109.8281529,512,30259,4116.1
Scott,Minnesota,284.7261699,99.79503782,115.0180809,65.11961047,512,30259,26143.3
Scott,Minnesota,284.7261699,99.79503782,115.0180809,65.11961047,513,31580,22.8168
Dakota,Minnesota,329.3001736,144.5313955,159.6314604,109.8281529,513,31580,34.0383
Hennepin,Minnesota,316.0608639,130.9146465,146.4298378,96.4046469,513,31580,31522.9
Scott,Minnesota,284.7261699,99.79503782,115.0180809,65.11961047,514,19746,905.368
Hennepin,Minnesota,316.0608639,130.9146465,146.4298378,96.4046469,514,19746,1044.07
Dakota,Minnesota,329.3001736,144.5313955,159.6314604,109.8281529,514,19746,17796.5
Hennepin,Minnesota,316.0608639,130.9146465,146.4298378,96.4046469,515,40812,12290.4
Dakota,Minnesota,329.3001736,144.5313955,159.6314604,109.8281529,515,40812,28521.1
