SB574,NEAR_FID,DISTANCE
1,0,34198.22007260000
1,4,24641.70318100000
1,1,24023.32568140000
1,2,14556.74707070000
1,3,16813.54816010000
2,0,32997.48969400000
2,4,23033.58362320000
2,1,22378.20300180000
2,2,12740.10058070000
2,3,16308.16581940000
3,0,38252.71846560000
3,4,26639.27164170000
3,1,25761.61955020000
3,2,15243.47356960000
3,3,23344.48312220000
4,0,38074.00662690000
4,4,26074.53819400000
4,1,25150.54478680000
4,2,14641.89406920000
4,3,23986.29149640000
5,0,45592.44790880000
5,4,32352.69606390000
5,1,31266.21063320000
5,2,21893.60315400000
5,3,34458.65542750000
6,0,41888.87951570000
6,4,29060.72563390000
6,1,28027.26281660000
6,2,18000.51993650000
6,3,29498.02992170000
7,0,43177.56499850000
7,4,30177.82195280000
7,1,29122.02464570000
7,2,19315.92315740000
7,3,31247.71573940000
8,0,39576.11724270000
8,4,27161.07298190000
8,1,26182.17947910000
8,2,15817.10370240000
8,3,26270.83679750000
9,0,35858.92980480000
9,4,24383.95784710000
9,1,23532.20265070000
9,2,13047.43897470000
9,3,21054.52993170000
10,0,31794.32844490000
10,4,22468.56337340000
10,1,21895.54482260000
10,2,12831.72051520000
10,3,14516.93348140000
11,0,32184.70045540000
11,4,21861.28740670000
11,1,21170.28835360000
11,2,11361.05239880000
11,3,16157.33795320000
12,0,30855.40506610000
12,4,21039.67201400000
12,1,20419.75265910000
12,2,11108.58879870000
12,3,14392.48631950000
13,0,30509.93302320000
13,4,21424.49441290000
13,1,20890.84584760000
13,2,12189.19878190000
13,3,13191.91679640000
14,0,43757.23971590000
14,4,30574.39032440000
14,1,29495.72807770000
14,2,20010.88720680000
14,3,32537.53604180000
15,0,37672.93545800000
15,4,25176.24453590000
15,1,24191.06747880000
15,2,13862.66635220000
15,3,24871.49882570000
16,0,39724.20094750000
16,4,26883.76947690000
16,1,25851.42510390000
16,2,15836.57017840000
16,3,27659.04497710000
17,0,41070.97103750000
17,4,28044.72257370000
17,1,26987.45629910000
17,2,17228.42843920000
17,3,29500.78326400000
18,0,42073.46530360000
18,4,28774.48026830000
18,1,27682.20643260000
18,2,18501.17584860000
18,3,31647.33914780000
19,0,38631.67277510000
19,4,25703.04683930000
19,1,24660.85691840000
19,2,14760.93713120000
19,3,27036.28105560000
20,0,43824.39393930000
20,4,30480.98842620000
20,1,29382.48857970000
20,2,20309.97457910000
20,3,33457.15166240000
21,0,43740.50453340000
21,4,30286.73080190000
21,1,29174.53401750000
21,2,20530.99108840000
21,3,34176.83311680000
22,0,32427.03263180000
22,4,21307.41510410000
22,1,20517.84488700000
22,2,10230.23206050000
22,3,17642.35571430000
23,0,39973.45616230000
23,4,26741.56373620000
23,1,25658.97199840000
23,2,16326.86621870000
23,3,29464.31885820000
24,0,30387.36207440000
24,4,20002.51665880000
24,1,19319.47970030000
24,2,9639.69307013000
24,3,14873.80675650000
25,0,29249.82789090000
25,4,18067.26041490000
25,1,17293.91319170000
25,2,7159.89549114000
25,3,15445.65236080000
26,0,32858.63671750000
26,4,21170.68801540000
26,1,20306.38028020000
26,2,9808.70216353000
26,3,19068.08989680000
27,0,37873.15198690000
27,4,24822.54316470000
27,1,23765.38253700000
27,2,14065.82493060000
27,3,26864.39737260000
28,0,38436.59745080000
28,4,25152.15687410000
28,1,24063.66710530000
28,2,14904.86522980000
28,3,28429.62077950000
29,0,30016.38287040000
29,4,18597.56170700000
29,1,17786.62152070000
29,2,7459.12588784000
29,3,16428.76742790000
30,0,30548.75021470000
30,4,18935.88687000000
30,1,18095.26425130000
30,2,7660.27054293000
30,3,17196.76804059990
31,0,35797.74449840000
31,4,23025.98484170000
31,1,22008.91213280000
31,2,11909.37054880000
31,3,24144.98449430000
32,0,37495.15119700000
32,4,24349.81411350000
32,1,23280.52249150000
32,2,13776.89405690000
32,3,26951.75250030000
33,0,31310.80494480000
33,4,19313.03998530000
33,1,18415.90958120000
33,2,7891.40298218000
33,3,18585.93090790000
34,0,28789.74321320000
34,4,17947.21124910000
34,1,17222.53270590000
34,2,7388.59117259000
34,3,14515.87312580000
35,0,28650.45592070000
35,4,18612.90763950000
35,1,17990.05164230000
35,2,8841.58892418000
35,3,13098.33426430000
36,0,45426.25602420000
36,4,31882.38528940000
36,1,30758.82842390000
36,2,22664.27902440000
36,3,36701.66382380000
37,0,29453.39511570000
37,4,17473.20669720000
37,1,16589.67522780000
37,2,6074.71255800000
37,3,17241.79524100000
38,0,42368.26489330000
38,4,28923.89051040000
38,1,27813.14493560000
38,2,19156.96132620000
38,3,32882.92777410000
39,0,41216.50831010000
39,4,27699.52754780000
39,1,26579.67826880000
39,2,18390.91896630000
39,3,32586.43483020000
40,0,34603.44185689990
40,4,21699.41000080000
40,1,20666.75893440000
40,2,10742.93786380000
40,3,23635.51837350000
41,0,43645.67281630000
41,4,30097.34506440000
41,1,28973.31489090000
41,2,20980.20894970000
41,3,35180.88729100000
42,0,28151.07181190000
42,4,17034.29880460000
42,1,16280.27507190000
42,2,6312.60568357000
42,3,14602.79047090000
43,0,33412.46910870000
43,4,21168.91775450000
43,1,20229.10932010000
43,2,9749.94083848000
43,3,20757.85432280000
44,0,32259.93710220000
44,4,19460.84677200000
44,1,18448.22908080000
44,2,8380.50955069000
44,3,21464.79496860000
45,0,26273.68201700000
45,4,16786.17561440000
45,1,16261.87919390000
45,2,8204.16787825000
45,3,10755.68900650000
46,0,27353.29257000000
46,4,15941.24632000000
46,1,15155.39521390000
46,2,5054.89323443000
46,3,14689.51404590000
47,0,27448.71027630000
47,4,15712.57226720000
47,1,14879.88460840000
47,2,4530.87868987000
47,3,15421.39222700000
48,0,36999.63912100000
48,4,23736.60460730000
48,1,22651.95470530000
48,2,13462.38347250000
48,3,27110.39899470000
49,0,26207.11338010000
49,4,17793.19063540000
49,1,17391.24910350000
49,2,10256.42989030000
49,3,9228.89062505000
50,0,32704.20494470000
50,4,19601.91116820000
50,1,18544.69699510000
50,2,9036.37639856000
50,3,22923.38695850000
51,0,25990.86041770000
51,4,15470.64207200000
51,1,14822.75414980000
51,2,5891.66277888000
51,3,12266.82311310000
52,0,36815.88266330000
52,4,23398.81600130000
52,1,22293.29899050000
52,2,13691.05275760000
52,3,27906.51042860000
53,0,23864.96713880000
53,4,14528.09067910000
53,1,14067.50647850000
53,2,7197.45667171000
53,3,9348.58148939000
54,0,23691.57852970000
54,4,16162.18008910000
54,1,15902.80501230000
54,2,10452.25152160000
54,3,6672.60070089000
55,0,23345.60872960000
55,4,14900.15879390000
55,1,14553.05560910000
55,2,8651.16808706000
55,3,7807.63232502000
56,0,20920.30659060000
56,4,17743.30788480000
56,1,17922.97761090000
56,2,16111.78524960000
56,3,1392.81660347000
57,0,20323.13538100000
57,4,17419.82946260000
57,1,17634.03390290000
57,2,16203.70843140000
57,3,1057.44561793000
58,0,19722.74401440000
58,4,15360.15676780000
58,1,15486.43702280000
58,2,13762.13788250000
58,3,1520.55112198000
59,0,30520.17310190000
59,4,17641.18092640000
59,1,16621.89032330000
59,2,6691.38003282000
59,3,20462.94321600000
60,0,19935.28479370000
60,4,16982.24898100000
60,1,17203.24086700000
60,2,15927.90074320000
60,3,669.69958749800
61,0,18147.60486130000
61,4,16127.64114800000
61,1,16460.82497860000
61,2,16385.18082440000
61,3,1966.21836270000
62,0,34409.43435590000
62,4,21231.91823619990
62,1,20161.53522920000
62,2,10798.39677990000
62,3,24583.77456520000
63,0,34989.56288560000
63,4,21633.60177060000
63,1,20537.52677280000
63,2,11746.55885080000
63,3,25997.03483260000
64,0,40796.27419000000
64,4,27245.82271290000
64,1,26121.66003070000
64,2,18265.85853040000
64,3,32704.07513580000
65,0,18646.64265890000
65,4,17256.76729040000
65,1,17614.22976130000
65,2,17520.11582210000
65,3,2587.52506639000
66,0,18843.61696000000
66,4,15684.95953520000
66,1,15923.79746140000
66,2,15112.44587670000
66,3,864.87851954200
67,0,21869.63025770000
67,4,13244.63776690000
67,1,12917.75733050000
67,2,7848.63244129000
67,3,7696.38497637000
68,0,21688.03646850000
68,4,12110.39362090000
68,1,11678.01202420000
68,2,6192.09945908000
68,3,9160.40476197000
69,0,33465.73853180000
69,4,20062.20979810000
69,1,18960.24656380000
69,2,10482.93426860000
69,3,25096.75378490000
70,0,25370.06913670000
70,4,13745.84653240000
70,1,12953.01780500000
70,2,3035.53593245000
70,3,14052.21192020000
71,0,23402.43097960000
71,4,12615.98794560000
71,1,11978.88614110000
71,2,4101.32165560000
71,3,11616.20194270000
72,0,16601.54276750000
72,4,14262.89366920000
72,1,14630.14123420000
72,2,15315.36976380000
72,3,3098.45255216000
73,0,20345.13717820000
73,4,11975.57301770000
73,1,11728.10236050000
73,2,8028.02427183000
73,3,7252.09415858000
74,0,37012.67749210000
74,4,23447.80332350000
74,1,22321.87286060000
74,2,14907.24954540000
74,3,29756.42171490000
75,0,32827.71802170000
75,4,19350.09479630000
75,1,18237.47835840000
75,2,10278.07785960000
75,3,25181.42205480000
76,0,20301.74221980000
76,4,13049.00730700000
76,1,12914.72337940000
76,2,9689.90179261000
76,3,5601.38242379000
77,0,23679.13922920000
77,4,11807.77513220000
77,1,11001.34692360000
77,2,1617.48838120000
77,3,13835.58254620000
78,0,19412.81497510000
78,4,11305.88202900000
78,1,11123.86194990000
78,2,8377.15885587000
78,3,7021.38108671000
79,0,18071.22846720000
79,4,13972.82744750000
79,1,14175.25462670000
79,2,13527.56720710000
79,3,2413.29821855000
80,0,27030.43780790000
80,4,14592.67873730000
80,1,13658.07758400000
80,2,3187.34355815000
80,3,16850.53840590000
81,0,19491.02314140000
81,4,13484.53981020000
81,1,13490.24489110000
81,2,11314.99437370000
81,3,3977.39458624000
82,0,28468.31554080000
82,4,15440.83631640000
82,1,14404.89799180000
82,2,4900.58629270000
82,3,19593.42996970000
83,0,18398.12409040000
83,4,11297.17639920000
83,1,11256.74715530000
83,2,9684.82904683000
83,3,5986.25995375000
84,0,23984.86576000000
84,4,11539.43204810000
84,1,10631.65226960000
84,2,107.16263409100
84,3,15296.48340020000
85,0,41304.20887510000
85,4,27741.14250190000
85,1,26615.23990820000
85,2,20022.52748030000
85,3,34989.00234680000
86,0,44562.43847140000
86,4,30998.96737120000
86,1,29872.93321840000
86,2,23083.42259140000
86,3,37890.56013630000
87,0,25700.57323320000
87,4,12755.48635020000
87,1,11745.11408860000
87,2,2380.44408601000
87,3,17606.98477050000
88,0,31935.36739590000
88,4,18427.91111930000
88,1,17311.07331520000
88,2,9711.03256869000
88,3,24783.09902950000
89,0,35372.84336500000
89,4,21793.28253320000
89,1,20665.28979350000
89,2,14013.64662690000
89,3,29144.12857960000
90,0,17335.11841270000
90,4,12435.80774610000
90,1,12615.01926720000
90,2,12311.68290420000
90,3,3974.57313032000
91,0,18677.07464870000
91,4,9991.56706413000
91,1,9785.18426156000
91,2,7728.05843237000
91,3,8063.08218495000
92,0,20653.72500920000
92,4,10457.55077800000
92,1,9980.57990153000
92,2,5288.86441107000
92,3,10072.43554540000
93,0,17546.28392230000
93,4,11611.41401140000
93,1,11707.04319980000
93,2,11075.46500760000
93,3,5008.45761843000
94,0,24346.43406270000
94,4,11411.15700400000
94,1,10411.05495200000
94,2,1681.47065954000
94,3,16861.36981210000
95,0,31388.56953520000
95,4,17947.02267910000
95,1,16840.58215540000
95,2,8791.65824621000
95,3,23775.55407600000
96,0,29453.81874540000
96,4,15874.24893290000
96,1,14746.25909170000
96,2,9135.00769449000
96,3,24388.52504250000
97,0,43527.35042800000
97,4,30043.42954890000
97,1,28927.31787110000
97,2,23008.90722910000
97,3,38102.29768990000
98,0,45879.51625440000
98,4,32388.78153390000
98,1,31271.54199840000
98,2,25161.67422440000
98,3,40165.25544700000
99,0,15756.66784450000
99,4,11973.05470790000
99,1,12298.09365250000
99,2,13353.69421540000
99,3,4632.01519052000
100,0,26130.26143740000
100,4,12856.16925020000
100,1,11785.10423030000
100,2,3890.23700736000
100,3,19164.68924190000
101,0,28888.26653650000
101,4,15449.11115780000
101,1,14344.81294800000
101,2,6707.15176193000
101,3,21937.32549450000
102,0,32088.61821630000
102,4,18514.88999960000
102,1,17387.81867790000
102,2,10773.39296530000
102,3,26005.26751320000
103,0,19094.52537660000
103,4,8836.85282171000
103,1,8419.65521899000
103,2,5845.46406591000
103,3,10256.89241520000
104,0,14453.10860440000
104,4,12859.24986570000
104,1,13354.72448060000
104,2,15518.42850210000
104,3,5253.07823105000
105,0,43481.08533170000
105,4,30071.80033610000
105,1,28964.97120240000
105,2,23527.94932240000
105,3,38711.74261440000
106,0,45714.46954050000
106,4,32329.11978600000
106,1,31224.67989280000
106,2,25768.10366500000
106,3,40922.61940660000
107,0,21482.41771100000
107,4,10236.44336040000
107,1,9578.84982593000
107,2,3428.82039066000
107,3,11960.55749840000
108,0,22168.86942240000
108,4,10008.77678290000
108,1,9179.94866121000
108,2,1791.53236033000
108,3,13945.30965440000
109,0,17398.65937990000
109,4,7211.38763358000
109,1,6912.10200877000
109,2,6973.49506207000
109,3,10588.32941340000
110,0,43380.44599820000
110,4,29991.42378440000
110,1,28887.13593610000
110,2,23569.16231040000
110,3,38771.22981230000
111,0,16138.50943910000
111,4,10074.24963190000
111,1,10241.51342470000
111,2,10932.95396180000
111,3,6346.85258067000
112,0,31746.18872650000
112,4,18187.36219630000
112,1,17062.53035610000
112,2,11722.77374090000
112,3,26996.56015840000
113,0,30623.56323490000
113,4,17059.45756080000
113,1,15933.89388860000
113,2,10749.76564920000
113,3,26001.17013080000
114,0,33192.03256360000
114,4,19627.86058930000
114,1,18502.12393590000
114,2,12772.13610970000
114,3,28045.88511960000
115,0,26011.83743190000
115,4,12542.80649490000
115,1,11435.88626150000
115,2,5114.51879791000
115,3,20250.93138870000
116,0,38247.58399870000
116,4,24715.29982400000
116,1,23593.61371640000
116,2,17671.88240800000
116,3,32858.31091560000
117,0,39268.30687330000
117,4,25823.11118300000
117,1,24712.78187310000
117,2,19415.92167360000
117,3,34661.54948100000
118,0,27524.05912560000
118,4,13953.72023320000
118,1,12827.40883980000
118,2,7335.00081363000
118,3,22498.28879940000
119,0,18416.31428500000
119,4,6915.34568538000
119,1,6341.83047180000
119,2,5531.16379315000
119,3,12277.83576900000
120,0,15769.69415660000
120,4,7527.95073098000
120,1,7570.97041563000
120,2,9186.26607102000
120,3,9086.89967268000
121,0,45212.62712320000
121,4,31929.72543770000
121,1,30837.84719690000
121,2,25895.48345880000
121,3,41127.09472390000
122,0,24503.64650210000
122,4,11024.55188610000
122,1,9917.36852398000
122,2,4724.86087804000
122,3,19418.67346790000
123,0,20001.07622080000
123,4,7837.18737018000
123,1,7063.31304182000
123,2,3887.52359280000
123,3,13484.53110740000
124,0,20910.78424370000
124,4,7792.18693965000
124,1,6784.87524671000
124,2,3984.31801065000
124,3,16031.71787520000
125,0,22989.81372090000
125,4,9700.27154482000
125,1,8637.26879188000
125,2,3444.80038233000
125,3,17531.84906780000
126,0,32783.89996629990
126,4,19309.25869960000
126,1,18196.89742930000
126,2,13620.61780570000
126,3,28867.84166930000
127,0,22084.55049700000
127,4,8566.50122444000
127,1,7453.79569328000
127,2,5273.68744157000
127,3,18435.29423300000
128,0,35121.56345840000
128,4,21633.86668510000
128,1,20518.86375110000
128,2,15417.32750940000
128,3,30696.56401600000
129,0,42285.33409950000
129,4,28942.74276430000
129,1,27844.60197360000
129,2,22851.14658920000
129,3,38098.43128720000
130,0,40838.08169620000
130,4,27442.18885350000
130,1,26337.79095710000
130,2,21191.15998010000
130,3,36436.17928410000
131,0,36841.62710880000
131,4,23422.05915930000
131,1,22315.94480720000
131,2,17467.85190800000
131,3,32747.09036730000
132,0,47413.60238850000
132,4,34212.03220720000
132,1,33129.01380090000
132,2,28369.44992840000
132,3,43606.02576980000
133,0,48476.89699120000
133,4,35429.99131680000
133,1,34364.61214900000
133,2,30073.79630890000
133,3,45341.51154080000
134,0,35409.98470710000
134,4,22099.42834710000
134,1,21009.11609460000
134,2,16982.06748810000
134,3,32222.86768350000
135,0,13429.77311060000
135,4,6543.99977754000
135,1,6928.00739790000
135,2,11136.03352870000
135,3,9919.63899531000
136,0,36125.85391680000
136,4,22858.35157140000
136,1,21773.42644790000
136,2,17839.44196430000
136,3,33080.86776710000
137,0,38471.60959100000
137,4,25214.82090250000
137,1,24129.62464180000
137,2,19922.38044530000
137,3,35195.74885320000
138,0,18359.63045550000
138,4,5325.18933328000
138,1,4393.99559026000
138,2,6130.72556012000
138,3,15179.26093900000
139,0,37216.14124100000
139,4,23938.77308030000
139,1,22851.69925900000
139,2,18714.13614180000
139,3,33978.26839830000
140,0,37181.30069830000
140,4,23985.65927610000
140,1,22909.56476660000
140,2,19131.86369420000
140,3,34371.48596380000
141,0,12140.54399830000
141,4,7664.48883167000
141,1,8244.94498370000
141,2,12938.23977480000
141,3,9473.61635162000
142,0,13201.61485540000
142,4,8806.55452880000
142,1,9280.12628970000
142,2,12750.64490040000
142,3,8060.80595587000
143,0,41135.86930990000
143,4,27981.47549650000
143,1,26907.61957170000
143,2,22820.83714470000
143,3,38097.98667010000
144,0,33811.21334410000
144,4,20489.65338990000
144,1,19399.03448420000
144,2,15600.27331550000
144,3,30794.22980600000
145,0,45363.69972200000
145,4,32272.97462470000
145,1,31204.19067210000
145,2,26979.29193300000
145,3,42256.13014410000
146,0,21495.05700920000
146,4,17821.24995530000
146,1,17950.22459500000
146,2,15661.42765180000
146,3,1799.38460230000
147,0,19823.76015570000
147,4,18405.00125040000
147,1,18731.00273540000
147,2,18132.86069540000
147,3,2869.05249014000
148,0,18435.35342860000
148,4,17972.22202670000
148,1,18390.50641610000
148,2,18721.95484330000
148,3,3842.98363549000
149,0,15348.02225840000
149,4,14465.33199650000
149,1,14955.46858380000
149,2,16657.25434430000
149,3,4540.08288844000
150,0,12531.50372810000
150,4,13012.58721710000
150,1,13673.01778140000
150,2,17201.18960420000
150,3,7262.54435566000
151,0,9797.22102243000
151,4,11790.17236170000
151,1,12616.73593300000
151,2,17873.95530740000
151,3,9921.74310250000
152,0,28981.34259640000
152,4,15517.97090300000
152,1,14409.32799360000
152,2,10960.14531130000
152,3,25918.58729890000
153,0,16346.27496270000
153,4,4848.35344812000
153,1,4456.37799246000
153,2,7543.49648834000
153,3,12728.82676860000
154,0,42741.14925590000
154,4,29671.11779310000
154,1,28606.60593610000
154,2,24667.50306650000
154,3,39944.20134250000
155,0,14476.18760450000
155,4,5256.80877197000
155,1,5396.17852001000
155,2,9580.55493232000
155,3,11191.58484420000
156,0,14157.68646060000
156,4,3749.57293047000
156,1,3895.14210858000
156,2,9731.63807144000
156,3,12701.22543460000
157,0,39074.33340580000
157,4,25994.53260060000
157,1,24931.89575320000
157,2,21345.26994440000
157,3,36586.00431110000
158,0,15635.61874180000
158,4,2922.74101739000
158,1,2353.20148749000
158,2,8641.45919167000
158,3,14627.49769950000
159,0,32730.44764360000
159,4,19648.51964100000
159,1,18593.76874600000
159,2,16060.12112540000
159,3,31023.19651530000
160,0,13117.92152230000
160,4,3476.17490438000
160,1,3922.73022010000
160,2,10774.41907910000
160,3,12937.71457040000
161,0,44171.28512040000
161,4,31280.57905130000
161,1,30236.71223990000
161,2,26733.11687620000
161,3,41996.28769550000
162,0,45964.56052170000
162,4,33002.16818580000
162,1,31948.29413380000
162,2,28089.41740460000
162,3,43368.40298790000
163,0,11613.80688050000
163,4,6421.67029813000
163,1,7075.03542647000
163,2,12790.72048900000
163,3,10769.08220880000
164,0,23301.65710790000
164,4,9741.33162162000
164,1,8617.61036901000
164,2,7303.65124498000
164,3,20872.41383030000
165,0,11386.01311310000
165,4,5105.46017277000
165,1,5835.86319563000
165,2,12605.35213200000
165,3,12076.25959640000
166,0,19684.77621930000
166,4,6109.09316998000
166,1,4982.41366303000
166,2,7054.47914583000
166,3,18065.26683890000
167,0,11082.45430560000
167,4,10993.00569880000
167,1,11716.77451680000
167,2,16276.13801540000
167,3,8668.17742854000
168,0,9217.46108510000
168,4,7383.88914013000
168,1,8281.85745298000
168,2,15180.62628280000
168,3,11939.42664560000
169,0,39152.08592380000
169,4,26278.08098980000
169,1,25241.73564250000
169,2,22308.25269290000
169,3,37478.41162320000
170,0,35950.90740920000
170,4,23003.37378770000
170,1,21962.01004870000
170,2,19264.75861520000
170,3,34346.64107300000
171,0,8937.84288806000
171,4,6003.34571940000
171,1,6999.42527478000
171,2,14987.42995810000
171,3,13460.28768270000
172,0,25078.57507250000
172,4,11671.51446270000
172,1,10577.51413030000
172,2,9411.31797049000
172,3,23383.41487540000
173,0,7793.63115056999
173,4,10594.21509570000
173,1,11537.43687900000
173,2,18099.76365540000
173,3,11942.00164580000
174,0,8605.48826060000
174,4,9176.92377479000
174,1,10082.51240080000
174,2,16590.12255460000
174,3,11513.45985250000
175,0,11700.17926060000
175,4,4014.65152737000
175,1,4762.25784044000
175,2,12188.76099050000
175,3,12949.95862240000
176,0,44655.50605980000
176,4,31941.88091490000
176,1,30918.70127270000
176,2,27858.47017130000
176,3,43090.21223740000
177,0,25038.97506760000
177,4,11812.89558890000
177,1,10753.75719420000
177,2,10524.55611020000
177,3,24230.14805390000
178,0,27426.04577200000
178,4,14236.72906840000
178,1,13176.64939520000
178,2,11888.32958170000
178,3,26215.03398250000
179,0,7545.28411331000
179,4,11185.42133030000
179,1,12139.80589260000
179,2,18711.13611600000
179,3,12154.67085500000
180,0,46341.40585400000
180,4,33540.42625190000
180,1,32505.29864280000
180,2,29079.13390660000
180,3,44345.09876710000
181,0,45648.84468720000
181,4,33027.28142490000
181,1,32013.88361780000
181,2,29102.86131080000
181,3,44325.35124930000
182,0,42285.44315840000
182,4,29609.67427820000
182,1,28593.84236160000
182,2,25851.48818490000
182,3,41029.18596080000
183,0,51494.40136490000
183,4,38806.00316930000
183,1,37779.66324690000
183,2,34309.42898060000
183,3,49586.33862410000
184,0,46921.11663870000
184,4,34471.50468630000
184,1,33476.62609870000
184,2,30868.55494390000
184,3,46063.56070650000
185,0,47815.61153180000
185,4,35253.16895170000
185,1,34244.33420570000
185,2,31310.84961380000
185,3,46546.44649360000
186,0,20705.24612530000
186,4,7333.91229133000
186,1,6263.44811207000
186,2,8961.01490941000
186,3,20617.34550650000
187,0,44428.94746020000
187,4,31863.10763810000
187,1,30857.70187070000
187,2,28184.84026060000
187,3,43371.20094650000
188,0,12680.53926400000
188,4,1664.54032254000
188,1,2497.19417767000
188,2,11584.59577810000
188,3,14925.39029730000
189,0,24718.14172130000
189,4,11727.39669770000
189,1,10713.92614310000
189,2,11487.62513630000
189,3,24828.25900440000
190,0,30595.58639290000
190,4,17665.63907590000
190,1,16637.97468380000
190,2,15170.01808370000
190,3,29785.06993570000
191,0,34196.06587450000
191,4,21342.07303670000
191,1,20316.60132810000
191,2,18225.07727410000
191,3,33143.02059650000
192,0,49918.25877390000
192,4,37449.74402470000
192,1,36449.49061720000
192,2,33589.95670950000
192,3,48827.33424520000
193,0,22793.78710450000
193,4,9722.83464805000
193,1,8707.12321629000
193,2,10515.01503620000
193,3,23132.14385510000
194,0,54894.15425080000
194,4,42456.86225050000
194,1,41455.72939900000
194,2,38386.62015200000
194,3,53652.71803870000
195,0,32449.63503520000
195,4,19768.11867280000
195,1,18771.03325750000
195,2,17537.73766950000
195,3,32178.25599190000
196,0,27532.73703519990
196,4,14643.12679700000
196,1,13632.56077460000
196,2,13336.62154200000
196,3,27379.92776570000
197,0,24013.94611630000
197,4,11192.29512450000
197,1,10215.43648380000
197,2,11852.93414850000
197,3,24780.23215500000
198,0,16680.39770490000
198,4,3100.81557137000
198,1,1972.83225346000
198,2,9047.09723271000
198,3,17103.58651020000
199,0,13772.63538000000
199,4,822.71434013700
199,1,1251.35500265000
199,2,11775.43324790000
199,3,17205.79168990000
200,0,24813.85040400000
200,4,12122.90836590000
200,1,11162.86833420000
200,2,12650.95353320000
200,3,25758.02950370000
201,0,15599.01603690000
201,4,2611.69782124000
201,1,1939.90628687000
201,2,11156.06522790000
201,3,18489.97376040000
202,0,41167.08448740000
202,4,28763.82023330000
202,1,27782.76230600000
202,2,25812.35289050000
202,3,40846.95392850000
203,0,51915.35048980000
203,4,39667.88800830000
203,1,38690.26091599990
203,2,36179.78250650000
203,3,51388.28640720000
204,0,12864.74376190000
204,4,714.91297053700
204,1,1842.87633793000
204,2,12023.28578230000
204,3,16286.79188000000
205,0,6472.38838313000
205,4,13110.37861510000
205,1,14116.56096900000
205,2,20987.55797320000
205,3,13623.22134100000
206,0,6171.09552809000
206,4,10370.32350660000
206,1,11397.76229710000
206,2,18862.89281250000
206,3,13631.16336750000
207,0,6668.48763639000
207,4,8697.57320881000
207,1,9738.17723140000
207,2,17593.99130410000
207,3,13819.63198260000
208,0,14085.13701100000
208,4,2154.90303791000
208,1,2266.58318339000
208,2,12510.82419800000
208,3,18539.26485240000
209,0,45979.23801359990
209,4,33728.62179280000
209,1,32757.87671690000
209,2,30653.84817470000
209,3,45765.68900090000
210,0,26269.16447600000
210,4,13832.42242620000
210,1,12903.07385250000
210,2,14236.51886110000
210,3,27578.85796490000
211,0,27797.34930650000
211,4,15756.30860280000
211,1,14875.40289940000
211,2,16360.37480190000
211,3,29775.44463090000
212,0,18710.12122580000
212,4,5794.90367133000
212,1,4886.50995940000
212,2,10663.80962860000
212,3,20673.43330520000
213,0,49232.53343200000
213,4,37041.77318280000
213,1,36073.48364099990
213,2,33847.63694310000
213,3,49003.16803220000
214,0,4735.20861763000
214,4,15127.48874140000
214,1,16204.41135330000
214,2,23869.14240300000
214,3,16655.53767970000
215,0,29935.88018269990
215,4,17493.99110110000
215,1,16540.87088710000
215,2,16550.66615060000
215,3,30674.19082580000
216,0,37515.67049200000
216,4,25086.21133620000
216,1,24109.31958250000
216,2,22551.14721510000
216,3,37430.24659490000
217,0,33253.97383300000
217,4,20862.58269600000
217,1,19902.82529570000
217,2,19191.25744920000
217,3,33711.36377390000
218,0,34173.39070380000
218,4,21812.57633200000
218,1,20853.79965940000
218,2,20021.64985730000
218,3,34611.36196130000
219,0,22434.67351480000
219,4,9805.65862736000
219,1,8883.31457035000
219,2,11930.51005670000
219,3,24040.56833180000
220,0,11504.90099760000
220,4,2413.27989264000
220,1,3449.87495610000
220,2,13833.08274700000
220,3,17345.17991550000
221,0,38487.58668840000
221,4,26349.86088440000
221,1,25407.03092190000
221,2,24335.03516920000
221,3,39108.09862160000
222,0,3506.68617688000
222,4,14339.90367600000
222,1,15436.53855060000
222,2,23509.90690370000
222,3,17162.76649200000
223,0,9447.55506239000
223,4,4176.74228918000
223,1,5298.19477465000
223,2,14817.92489220000
223,3,15800.33357500000
224,0,5300.64935421000
224,4,11893.50809180000
224,1,12940.92033820000
224,2,20459.45636440000
224,3,14427.49902230000
225,0,34744.71449360000
225,4,22587.88204020000
225,1,21653.91995580000
225,2,21142.48625820000
225,3,35651.57093020000
226,0,35470.25543340000
226,4,23318.69293930000
226,1,22382.93847100000
226,2,21751.47061360000
226,3,36320.52350340000
227,0,33832.46448670000
227,4,21690.92823420000
227,1,20762.32495100000
227,2,20457.50943670000
227,3,34868.48154770000
228,0,12415.85309460000
228,4,2976.80155492000
228,1,3657.80445085000
228,2,14160.52771470000
228,3,18839.00819230000
229,0,33188.91418750000
229,4,21066.46296290000
229,1,20142.95800390000
229,2,20008.50137030000
229,3,34338.07666840000
230,0,37714.58194890000
230,4,25725.74383920000
230,1,24803.40193990000
230,2,24132.20665320000
230,3,38771.48675650000
231,0,12810.53452560000
231,4,4506.07965506000
231,1,4994.44335174000
231,2,15309.22541920000
231,3,20480.28914480000
232,0,58322.02776050000
232,4,46213.65759110000
232,1,45245.14435670000
232,2,42684.61079140000
232,3,57919.69188650000
233,0,5965.04533440000
233,4,7761.17732090000
233,1,8881.16453134000
233,2,17969.89182370000
233,3,16119.04561490000
234,0,22535.67202000000
234,4,10908.17253260000
234,1,10162.04809140000
234,2,14511.59024840000
234,3,26062.79541590000
235,0,24172.23604390000
235,4,12022.95760940000
235,1,11162.65416180000
235,2,13989.48050590000
235,3,26472.76877620000
236,0,3210.66673700000
236,4,10910.27326190000
236,1,12027.36259880000
236,2,20787.71057470000
236,3,16861.22814490000
237,0,31830.31894400000
237,4,19978.78603650000
237,1,19097.73660140000
237,2,19767.23121290000
237,3,33744.69800890000
238,0,34608.59152760000
238,4,22808.15051080000
238,1,21920.41650730000
238,2,22103.48497150000
238,3,36369.87458900000
239,0,37066.25555630000
239,4,25281.84806670000
239,1,24386.72684660000
239,2,24186.56816440000
239,3,38657.83578110000
240,0,17000.66733020000
240,4,5616.33384339000
240,1,5171.04139167000
240,2,13254.10821190000
240,3,21740.70737350000
241,0,13937.05942580000
241,4,3747.20278301000
241,1,3957.10506401000
241,2,14010.98433640000
241,3,20078.28713340000
242,0,23469.62328910000
242,4,11817.67054280000
242,1,11049.14477880000
242,2,14896.51370280000
242,3,26815.61739850000
243,0,25445.34977770000
243,4,13701.96269870000
243,1,12889.36252780000
243,2,15730.84172010000
243,3,28344.59865260000
244,0,53330.91814290000
244,4,41211.17924520000
244,1,40246.08359930000
244,2,37908.59987440000
244,3,53101.31503610000
245,0,55072.85699760000
245,4,42934.03809710000
245,1,41965.14424530000
245,2,39498.55468110000
245,3,54713.99412540000
246,0,2972.31302482000
246,4,12619.28812140000
246,1,13723.47744770000
246,2,22066.27549180000
246,3,16777.85736250000
247,0,2105.81820836000
247,4,14549.89176380000
247,1,15668.70616330000
247,2,24263.36457010000
247,3,18675.83258350000
248,0,55939.53214390000
248,4,43963.11399160000
248,1,43010.82827280000
248,2,40807.78970150000
248,3,55992.81752340000
249,0,15334.05895110000
249,4,5414.33165121000
249,1,5366.76704754000
249,2,14655.38936580000
249,3,21798.88639810000
250,0,20197.36849110000
250,4,8542.62095842000
250,1,7857.17490511000
250,2,13557.95279160000
250,3,24054.02497210000
251,0,47223.70709090000
251,4,35232.41261150000
251,1,34289.33339670000
251,2,32598.38844670000
251,3,47641.90182350000
252,0,52784.38267590000
252,4,40853.88043090000
252,1,39909.97464130000
252,2,37959.50585480000
252,3,53090.73215350000
253,0,23869.70884380000
253,4,12897.36066850000
253,1,12223.31529560000
253,2,16615.25254490000
253,3,28276.83926800000
254,0,38900.39473480000
254,4,27435.31344550000
254,1,26572.36236950000
254,2,26650.34049270000
254,3,41065.50339610000
255,0,1487.34674945000
255,4,12887.12980350000
255,1,14010.04542580000
255,2,22835.46789700000
255,3,18216.64893280000
256,0,42433.91092620000
256,4,30396.06281540000
256,1,29456.16739900000
256,2,28107.84448220000
256,3,43020.25312360000
257,0,25600.77518490000
257,4,14810.29577460000
257,1,14131.51948010000
257,2,18049.80750210000
257,3,30109.31153720000
258,0,29644.12214230000
258,4,17942.29533080000
258,1,17095.23845290000
258,2,18571.40605510000
258,3,32107.59762090000
259,0,51742.52212830000
259,4,40090.05525800000
259,1,39177.64615670000
259,2,37778.49305440000
259,3,52794.08529690000
260,0,46528.94146050000
260,4,34877.88898530000
260,1,33974.20606440000
260,2,32948.45865320000
260,3,47827.46732500000
261,0,10442.42168680000
261,4,4887.28673837000
261,1,5779.10004170000
261,2,16294.89386570000
261,3,19496.72091830000
262,0,11083.01442610000
262,4,6445.20852024000
262,1,7167.41920488000
262,2,17645.35194780000
262,3,21464.83976770000
263,0,44276.84440370000
263,4,32371.71684190000
263,1,31443.56821840000
263,2,30164.16354700000
263,3,45083.18525680000
264,0,45152.64927350000
264,4,33418.95888530000
264,1,32508.64985940000
264,2,31457.44230120000
264,3,46327.99681140000
265,0,48775.83325450000
265,4,37093.61571000000
265,1,36182.50178730000
265,2,34930.78094100000
265,3,49888.88578690000
266,0,16133.45201620000
266,4,6731.06092962000
266,1,6635.64054274000
266,2,15525.70507810000
266,3,23114.46443570000
267,0,44295.78301220000
267,4,32763.65032330000
267,1,31877.98065190000
267,2,31247.11533060000
267,3,45987.54490000000
268,0,28504.72635130000
268,4,17351.18789350000
268,1,16587.77726080000
268,2,19169.29545770000
268,3,32124.01749490000
269,0,34690.44143970000
269,4,23297.34152010000
269,1,22460.17641840000
269,2,23297.22016940000
269,3,37311.29066710000
270,0,42957.54060910000
270,4,31327.16343490000
270,1,30433.42276060000
270,2,29768.28746200000
270,3,44500.76972970000
271,0,57399.24470220000
271,4,45722.00469300000
271,1,44799.94499060000
271,2,43053.29849790000
271,3,58171.10709260000
272,0,17554.74005960000
272,4,7831.48343566000
272,1,7576.90825549000
272,2,15685.87619610000
272,3,24155.00008530000
273,0,55776.41083970000
273,4,44162.67965530000
273,1,43249.16175800000
273,2,41688.59735060000
273,3,56762.87406650000
274,0,54185.50083400000
274,4,43590.58112960000
274,1,42786.00387290000
274,2,42828.49774320000
274,3,57445.19857040000
275,0,55861.46006130000
275,4,45554.37560430000
275,1,44776.36735290000
275,2,45104.99417890000
275,3,59628.42405210000
276,0,25589.90910820000
276,4,18814.33655730000
276,1,18589.12898540000
276,2,25337.42630920000
276,3,35168.10340890000
277,0,5738.09518051000
277,4,16317.89724390000
277,1,17385.06361630000
277,2,27517.34511110000
277,3,25258.23421390000
278,0,12310.56541210000
278,4,14381.35784680000
278,1,15099.37421990000
278,2,25516.99336870000
278,3,28307.69020790000
279,0,55235.00245560000
279,4,45142.28015840000
279,1,44387.19661950000
279,2,45017.57175900000
279,3,59417.27772290000
280,0,21685.99238830000
280,4,16010.19095060000
280,1,15972.61978130000
280,2,23959.77624560000
280,3,32370.07628390000
281,0,23488.61479050000
281,4,17675.08735220000
281,1,17581.22368809990
281,2,25163.30218500000
281,3,34055.43522770000
282,0,10861.42716160000
282,4,23735.42843060000
282,1,24838.51637760000
282,2,34586.26489890000
282,3,29754.36190290000
283,0,27594.63970370000
283,4,20268.70150090000
283,1,19956.46576080000
283,2,26026.30219380000
283,3,36536.32888360000
284,0,29460.70334260000
284,4,21608.64784380000
284,1,21217.68601280000
284,2,26617.20229939990
284,3,37742.87219630000
285,0,44202.08368370000
285,4,34655.82697500000
285,1,33986.04748800000
285,2,36010.71079840000
285,3,49647.22992730000
286,0,8965.39372914000
286,4,21303.62565450000
286,1,22393.07640700000
286,2,32318.43465670000
286,3,28416.36420880000
287,0,6989.85282623000
287,4,18628.20320200000
287,1,19706.83656230000
287,2,29745.06114660000
287,3,26686.05663450000
288,0,48897.28170360000
288,4,39221.28312910000
288,1,38523.20804970000
288,2,40035.31773020000
288,3,53984.83496130000
289,0,44339.35948640000
289,4,35141.33618760000
289,1,34507.13523380000
289,2,36892.82612890000
289,3,50331.52068680000
290,0,26718.12248000000
290,4,15415.10933360000
290,1,14650.72725130000
290,2,17599.22583860000
290,3,30260.05275580000
291,0,28481.29493210000
291,4,17920.33881380000
291,1,17233.85774460000
291,2,20524.58274670000
291,3,33096.88136180000
292,0,14320.21294820000
292,4,6714.10560328000
292,1,6954.97368225000
292,2,16707.69925050000
292,3,22911.93675700000
293,0,27193.19582820000
293,4,16676.02167400000
293,1,16010.59109670000
293,2,19705.39907730000
293,3,31983.48235210000
294,0,21298.12426490000
294,4,10939.95397980000
294,1,10417.45546210000
294,2,16419.84180890000
294,3,26849.33825680000
295,0,23745.11436370000
295,4,13419.03336610000
295,1,12836.26591860000
295,2,17849.16315070000
295,3,29115.74397720000
296,0,53887.57154450000
296,4,42294.60573790000
296,1,41385.65740000000
296,2,39960.36921120000
296,3,54995.59944660000
297,0,1667.97585430000
297,4,15231.08494600000
297,1,16358.95102620000
297,2,25417.62627720000
297,3,20488.26125260000
298,0,45239.90499820000
298,4,33741.47745300000
298,1,32857.50150990000
298,2,32196.29533790000
298,3,46957.68317810000
299,0,7544.16019282000
299,4,13789.68838500000
299,1,14758.80102960000
299,2,21120.01753900000
299,3,12883.67987710000
300,0,4134.86103698000
300,4,16436.90363480000
300,1,17543.87778260000
300,2,25719.57841370000
300,3,18860.65289300000
301,0,6161.02570672000
301,4,15073.17112990000
301,1,16109.54867440000
301,2,23168.89585590000
301,3,15178.13221970000
302,0,3330.17716307000
302,4,16904.18953090000
302,1,18032.10702350000
302,2,27050.72870160000
302,3,21601.18003810000
303,0,19158.36582520000
303,4,9122.23279944000
303,1,8730.33795242000
303,2,15924.46632730000
303,3,25298.52676090000
304,0,38316.34389460000
304,4,27114.15063550000
304,1,26284.23915390000
304,2,26847.91575180000
304,3,41066.10617690000
305,0,31644.68920760000
305,4,20475.47717250000
305,1,19684.05621910000
305,2,21454.25657610000
305,3,34949.77580750000
306,0,8390.58004500000
306,4,8044.60216873000
306,1,8990.42753120000
306,2,19477.48695710000
306,3,21255.71914630000
307,0,45630.44863850000
307,4,34481.37099880000
307,1,33635.33664540000
307,2,33486.99159030000
307,3,48088.98596070000
308,0,50435.68387680000
308,4,38988.45830680000
308,1,38100.26862780000
308,2,37123.78973330000
308,3,52026.02375020000
309,0,23477.81501360000
309,4,13897.04259000000
309,1,13414.87386380000
309,2,19073.43486700000
309,3,29867.94897730000
310,0,45414.28617730000
310,4,34583.02962010000
310,1,33772.37524740000
310,2,34102.66506770000
310,3,48528.76752130000
311,0,34134.77308800000
311,4,23587.00834060000
311,1,22854.81124680000
311,2,24949.97595930000
311,3,38368.09678900000
312,0,43685.36670000000
312,4,32428.04804560000
312,1,31574.82784820000
312,2,31439.67250220000
312,3,46011.72597110000
313,0,52086.82396940000
313,4,40841.16400430000
313,1,39971.90336220000
313,2,39206.24042020000
313,3,54063.95587850000
314,0,47766.71098220000
314,4,36609.28023600000
314,1,35757.53435740000
314,2,35422.85758810000
314,3,50111.02154810000
315,0,20614.13922460000
315,4,11842.89820720000
315,1,11540.48978580000
315,2,18645.82473640000
315,3,28127.02185950000
316,0,5300.58077545000
316,4,8852.32283782000
316,1,9956.24829014000
316,2,19916.62781050000
316,3,19183.04952400000
317,0,920.50348368900
317,4,13014.87068760000
317,1,14141.28417750000
317,2,23534.75206040000
317,3,19972.94688520000
318,0,5362.33410483000
318,4,11136.35374440000
318,1,12186.73316890000
318,2,22440.86243310000
318,3,21927.91628950000
319,0,2556.96498149000
319,4,14359.75577280000
319,1,15471.74505890000
319,2,25207.72451670000
319,3,22092.44913330000
320,0,16066.95503910000
320,4,9006.26326164000
320,1,9109.69402926000
320,2,18272.38933290000
320,3,25300.65975140000
321,0,26421.13262970000
321,4,16537.44470950000
321,1,15962.19048670000
321,2,20477.41126470000
321,3,32205.09091040000
322,0,35502.42853630000
322,4,24706.31479530000
322,1,23936.92234410000
322,2,25487.61431810000
322,3,39209.50430410000
323,0,18674.39796190000
323,4,11047.14673580000
323,1,10944.67304140000
323,2,19118.91882330000
323,3,27431.62990290000
324,0,26402.57358900000
324,4,17182.36487930000
324,1,16686.05542060000
324,2,21743.46060250000
324,3,33087.07581460000
325,0,30441.20535890000
325,4,19946.22632240000
325,1,19248.30108500000
325,2,22134.74654330000
325,3,35013.36144060000
326,0,32387.97091010000
326,4,22170.58578510000
326,1,21489.51752050000
326,2,24287.19817450000
326,3,37278.95325790000
327,0,28736.88306290000
327,4,19048.31798150000
327,1,18464.89161120000
327,2,22562.43682680000
327,3,34649.56925140000
328,0,7200.99954318000
328,4,10581.68874290000
328,1,11556.34921200000
328,2,22007.60096750000
328,3,22753.76646810000
329,0,38106.52106380000
329,4,27460.64574460000
329,1,26695.91084930000
329,2,28064.20953980000
329,3,41931.63991890000
330,0,4390.93188475000
330,4,17947.54355230000
330,1,19075.08467950000
330,2,28233.27967670000
330,3,22841.17083390000
331,0,4361.35976546000
331,4,13294.24302050000
331,1,14367.41306620000
331,2,24488.65322190000
331,3,22866.26844070000
332,0,13760.60024940000
332,4,9471.66593468000
332,1,9900.24898580000
332,2,19882.89441240000
332,3,25163.52555340000
333,0,57265.39000790000
333,4,46029.62829980000
333,1,45153.91734990000
333,2,44120.46944890000
333,3,59083.27997470000
334,0,6010.48289805000
334,4,19560.92806640000
334,1,20688.20135310000
334,2,29839.69613700000
334,3,24100.74312780000
335,0,7673.07837865000
335,4,21246.28797910000
335,1,22374.09137140000
335,2,31415.59550410000
335,3,25124.24328890000
336,0,41024.49562570000
336,4,30200.56778630000
336,1,29404.09333290000
336,2,30177.12839730000
336,3,44361.77058560000
337,0,57125.93453340000
337,4,46127.17300580000
337,1,45276.21827930000
337,2,44601.34470010000
337,3,59467.25949070000
338,0,5003.31600051000
338,4,18275.94744800000
338,1,19397.50675100000
338,2,28853.69921420000
338,3,24095.97500289990
339,0,3760.30443973000
339,4,16627.74115710000
339,1,17744.30867270000
339,2,27355.04327480000
339,3,23350.79458830000
340,0,55763.83792610000
340,4,44732.30589920000
340,1,43879.89841170000
340,2,43226.25034970000
340,3,58077.71731870000
341,0,50430.14662240000
341,4,39368.75593440000
341,1,38522.05614040000
341,2,38139.48330439990
341,3,52868.63115670000
342,0,54522.85575720000
342,4,43330.56819670000
342,1,42463.17623830000
342,2,41637.16290360000
342,3,56528.99657650000
343,0,55239.34364860000
343,4,44178.92933150000
343,1,43324.28686030000
343,2,42655.98011180000
343,3,57508.28677140000
344,0,34407.63575560000
344,4,24391.32189260000
344,1,23718.80984020000
344,2,26387.04544090000
344,3,39504.81122530000
345,0,31223.05214960000
345,4,21638.17339690000
345,1,21040.24820510000
345,2,24712.46332950000
345,3,37146.87823670000
346,0,32725.24899460000
346,4,22922.13826860000
346,1,22286.27835570000
346,2,25465.68553200000
346,3,38244.48081180000
347,0,43095.48634730000
347,4,32357.42738980000
347,1,31563.65818520000
347,2,32237.03644320000
347,3,46495.62956760000
348,0,56298.92955540000
348,4,45527.00914150000
348,1,44700.67241009990
348,2,44388.64621840000
348,3,59139.60699110000
349,0,41743.21775040000
349,4,31664.36817410000
349,1,30947.30733740000
349,2,32596.36080910000
349,3,46393.30339570000
350,0,36492.14778080000
350,4,26321.60943120000
350,1,25618.86450710000
350,2,27796.23793290000
350,3,41228.91549260000
351,0,38443.56904560000
351,4,28107.71675320000
351,1,27376.45773690000
351,2,29093.08174280000
351,3,42800.72951880000
352,0,33030.98028220000
352,4,23792.94531070000
352,1,23217.78006490000
352,2,26899.11735940000
352,3,39369.16868260000
353,0,51266.49890090000
353,4,40550.92368790000
353,1,39739.24391270000
353,2,39793.06931700000
353,3,54382.38357290000
354,0,6807.72547699000
354,4,20163.83922480000
354,1,21285.93630220000
354,2,30692.07054250000
354,3,25448.65145470000
355,0,52227.61940110000
355,4,41485.92639460000
355,1,40669.65170500000
355,2,40627.26409480000
355,3,55258.54587020000
356,0,53491.38559340000
356,4,42549.10231440000
356,1,41709.57156300000
356,2,41309.77342600000
356,3,56069.13633240000
357,0,28654.89660470000
357,4,19818.52998750000
357,1,19332.96286640000
357,2,24165.84800540000
357,3,35732.64063540000
358,0,6842.58139383000
358,4,19233.16440490000
358,1,20330.69428550000
358,2,30189.79200240000
358,3,26398.89824370000
359,0,8976.84295087000
359,4,22374.87408620000
359,1,23497.10765390000
359,2,32864.38989370000
359,3,27158.56795170000
360,0,7850.00925095000
360,4,12877.41063240000
360,1,13822.62030830000
360,2,24310.42372350000
360,3,24887.74919170000
361,0,43817.46512760000
361,4,33384.25121110000
361,1,32621.50726900000
361,2,33628.70270770000
361,3,47755.41197490000
362,0,9459.64377621000
362,4,11504.22259280000
362,1,12348.60491230000
362,2,22871.01282800000
362,3,24836.06123220000
363,0,17697.36013300000
363,4,12030.10602040000
363,1,12136.91399170000
363,2,21037.39302380000
363,3,28283.07796940000
364,0,21033.89407450000
364,4,13717.23626660000
364,1,13550.49538920000
364,2,21107.19231220000
364,3,30095.03187110000
365,0,43734.43857840000
365,4,33542.90786300000
365,1,32806.49367660000
365,2,34124.59718860000
365,3,48109.00320050000
366,0,45053.68888750000
366,4,34753.58731260000
366,1,34001.31040850000
366,2,35066.16462580000
366,3,49183.43446010000
367,0,46730.70702230000
367,4,36586.89693740000
367,1,35846.26244830000
367,2,36966.09987670000
367,3,51078.44374230000
368,0,21393.44343580000
368,4,14783.30683540000
368,1,14671.56372240000
368,2,22396.35556040000
368,3,31167.52247740000
369,0,22236.37810520000
369,4,15411.30370000000
369,1,15255.70213540000
369,2,22696.61593020000
369,3,31792.71863170000
370,0,23984.06836480000
370,4,15479.07523260000
370,1,15109.42667240000
370,2,21287.57894740000
370,3,31667.87309900000
371,0,25653.28583600000
371,4,17942.74370570000
371,1,17623.53806330000
371,2,23854.17349670000
371,3,34202.77632130000
372,0,42863.38520440000
372,4,33011.20480550000
372,1,32314.15534420000
372,2,34117.22267510000
372,3,47852.60665370000
373,0,11003.50767400000
373,4,9859.23216633000
373,1,10573.64616870000
373,2,21015.60186210000
373,3,24357.54600240000
374,0,39187.86382730000
374,4,29466.29440770000
374,1,28799.02837830000
374,2,31137.05298750000
374,3,44533.36085060000
375,0,8159.46921309000
375,4,21226.46310950000
375,1,22339.30412660000
375,2,31955.62206480000
375,3,27095.46717890000
376,0,12338.44343020000
376,4,13071.51061980000
376,1,13747.31857230000
376,2,24115.35813570000
376,3,27409.78655040000
377,0,12836.51926590000
377,4,12241.07650450000
377,1,12852.27333270000
377,2,23125.50141100000
377,3,27017.72688339990
378,0,50739.83356070000
378,4,40444.40111960000
378,1,39677.74839830000
378,2,40319.85082220000
378,3,54678.81669820000
379,0,48041.32008290000
379,4,37499.11618440000
379,1,36712.86350780000
379,2,37224.15363810000
379,3,51609.75982470000
380,0,10639.32381810000
380,4,14122.32911460000
380,1,14939.28141700000
380,2,25449.39564250000
380,3,27290.60782930000
381,0,11963.60472760000
381,4,13417.04420690000
381,1,14130.05572830000
381,2,24546.57455340000
381,3,27480.73390410000
382,0,17909.09422700000
382,4,14086.39056200000
382,1,14312.23141880000
382,2,23510.25435880000
382,3,30109.81992060000
383,0,8456.01344335000
383,4,21077.25041590000
383,1,22176.49832270000
383,2,31997.71041900000
383,3,27780.04322690000
384,0,31777.60682860000
384,4,22977.36442570000
384,1,22461.05948820000
384,2,26739.22413890000
384,3,38775.17156310000
385,0,46130.57407340000
385,4,36294.27791370000
385,1,35587.70774360000
385,2,37122.58259570000
385,3,51032.42873300000
386,0,44089.51861850000
386,4,34159.61327220000
386,1,33449.88765380000
386,2,35049.09757700000
386,3,48902.95272870000
387,0,14097.00197770000
387,4,14005.28065740000
387,1,14577.68721160000
387,2,24751.76639770000
387,3,28835.46213680000
388,0,16396.51305210000
388,4,15183.98844950000
388,1,15618.75908240000
388,2,25435.41121640000
388,3,30556.14971060000
389,0,44549.57800300000
389,4,34809.96440910000
389,1,34118.71585330000
389,2,35896.89764020000
389,3,49666.46798680000
390,0,8584.58531659000
390,4,18853.55818660000
390,1,19885.72259230000
390,2,30174.37103750000
390,3,28194.49079560000
391,0,11032.05620650000
391,4,22388.45522820000
391,1,23438.20128700000
391,2,33636.97745060000
391,3,30693.13880950000
392,0,8899.49271519000
392,4,16519.90236140000
392,1,17480.75498550000
392,2,27948.63709250000
392,3,27627.25174650000
393,0,31547.00135110000
393,4,23443.79792310000
393,1,23003.51533900000
393,2,27876.55286170000
393,3,39459.99763550000
394,0,50596.87658190000
394,4,40708.22194750000
394,1,39983.91381070000
394,2,41134.08281750000
394,3,55271.09757450000
395,0,33634.20022330000
395,4,25716.55503300000
395,1,25275.85521360000
395,2,29985.42647070000
395,3,41723.22853760000
396,0,29930.11928780000
396,4,22855.86059799990
396,1,22537.42690260000
396,2,28371.80886410000
396,3,39113.19004470000
397,0,37233.69922270000
397,4,28583.26853500000
397,1,28040.51195020000
397,2,31677.47225120000
397,3,44246.83959590000
398,0,38240.78713569990
398,4,29011.37618610000
398,1,28401.79894120000
398,2,31367.40761080000
398,3,44383.94793240000
399,0,26351.37058240000
399,4,20468.28029540000
399,1,20313.44886930000
399,2,27365.99169710000
399,3,36851.28896850000
400,0,12905.97393270000
400,4,16042.37811290000
400,1,16777.20904490000
400,2,27208.75456670000
400,3,29676.52190220000
401,0,11379.58954870000
401,4,17805.00538940000
401,1,18686.12387790000
401,2,29210.44165670000
401,3,29817.14121470000
402,0,12399.70857040000
402,4,16549.37261980000
402,1,17333.07962050000
402,2,27815.77083270000
402,3,29723.09404220000
403,0,23439.91037760000
403,4,18930.38907230000
403,1,18948.75920820000
403,2,27025.12096330000
403,3,35237.16153820000
404,0,32695.47011820000
404,4,25283.45523780000
404,1,24902.16770250000
404,2,30112.43348860000
404,3,41429.26737890000
405,0,53151.75541500000
405,4,42937.12541130000
405,1,42173.67695830000
405,2,42768.70356130000
405,3,57167.23146220000
406,0,10960.02333810000
406,4,22975.90571860000
406,1,24048.80848390000
406,2,34102.99403250000
406,3,30450.21759240000
407,0,13325.93003610000
407,4,25232.56768330000
407,1,26294.44035620000
407,2,36413.89949140000
407,3,32762.99838260000
408,0,36406.87933310000
408,4,28306.91763090000
408,1,27826.24098030000
408,2,32038.21436290000
408,3,44188.56251950000
409,0,46618.32151530000
409,4,37269.48646780000
409,1,36611.80049640000
409,2,38653.64106270000
409,3,52307.45811600000
410,0,29356.53791160000
410,4,23030.63748390000
410,1,22791.35019730000
410,2,29156.28411860000
410,3,39375.43551590000
411,0,11224.81024260000
411,4,21522.67689810000
411,1,22534.77449120000
411,2,32886.68451930000
411,3,30902.27796160000
412,0,14671.40278580000
412,4,16554.40740950000
412,1,17190.28032690000
412,2,27461.70714190000
412,3,30841.33852080000
413,0,16498.05403560000
413,4,17429.90793970000
413,1,17972.17788570000
413,2,28029.74749630000
413,3,32204.49368270000
414,0,16971.52755640000
414,4,19277.88327990000
414,1,19878.41583190000
414,2,30052.97995750000
414,3,33614.32193380000
415,0,32407.24416330000
415,4,25617.91295360000
415,1,25300.47680709990
415,2,30970.15808280000
415,3,41874.87217610000
416,0,13726.77809970000
416,4,25047.38442990000
416,1,26084.68440670000
416,2,36335.52541790000
416,3,33339.17625550000
417,0,59022.14788120000
417,4,49081.13117670000
417,1,48334.62909220000
417,2,48963.41701260000
417,3,63388.40127090000
418,0,48939.27546890000
418,4,39822.38452900000
418,1,39181.03975650000
418,2,41302.30943160000
418,3,54934.59709720000
419,0,54933.33597330000
419,4,45392.90477090000
419,1,44694.03109000000
419,2,45992.32545590000
419,3,60094.48810510000
420,0,56846.94500629990
420,4,47041.54234600000
420,1,46312.38936160000
420,2,47206.22395840000
420,3,61505.55149140000
421,0,51232.85768210000
421,4,41954.90294690000
421,1,41290.98473970000
421,2,43092.04027390000
421,3,56915.56768180000
422,0,12099.33328120000
422,4,20432.85581870000
422,1,21368.13623090000
422,2,31865.86731640000
422,3,31373.85795350000
423,0,32672.87919260000
423,4,26228.39925550000
423,1,25941.42959440000
423,2,31797.75718360000
423,3,42525.82835250000
424,0,18045.07720810000
424,4,18722.89689280000
424,1,19214.22503400000
424,2,29119.70028750000
424,3,33695.98100060000
425,0,20436.63009910000
425,4,18158.79401290000
425,1,18412.16133950000
425,2,27543.59691800000
425,3,34037.94776010000
426,0,19305.62474320000
426,4,19050.61524840000
426,1,19459.74867470000
426,2,29113.43869280000
426,3,34381.61404290000
427,0,28084.52105550000
427,4,22778.56749880000
427,1,22649.68878570000
427,2,29722.58291610000
427,3,39162.85617300000
428,0,47668.71485200000
428,4,38658.19030910000
428,1,38031.49428660000
428,2,40351.94358820000
428,3,53861.17364040000
429,0,57858.48633790000
429,4,48422.79655760000
429,1,47728.50509560000
429,2,48998.15762190000
429,3,63133.11311840000
430,0,13226.53503810000
430,4,25546.52370680000
430,1,26624.88954560000
430,2,36623.68142290000
430,3,32440.94666740000
431,0,14574.13440020000
431,4,18478.03114310000
431,1,19202.30106340000
431,2,29610.61828550000
431,3,31979.58104290000
432,0,27142.97402810000
432,4,22586.45671390000
432,1,22536.38715330000
432,2,30072.48053910000
432,3,38942.68304300000
433,0,50830.16917880000
433,4,42061.28331389990
433,1,41449.21880440000
433,2,43806.58813670000
433,3,57320.74471170000
434,0,41010.44944820000
434,4,32798.60898150000
434,1,32279.36094730000
434,2,35910.89857700000
434,3,48527.25781010000
435,0,40244.91185450000
435,4,32555.84646250000
435,1,32092.67742440000
435,2,36241.50385590000
435,3,48475.68071200000
436,0,31239.37610440000
436,4,25756.40350780000
436,1,25573.29135340000
436,2,32160.36592860000
436,3,42133.69393580000
437,0,37566.91660330000
437,4,30104.80007730000
437,1,29680.12085500000
437,2,34273.56041240000
437,3,46140.08692570000
438,0,44580.50159140000
438,4,35949.87206150000
438,1,35372.49522630000
438,2,38306.37060390000
438,3,51419.16129630000
439,0,55890.95315720000
439,4,46504.47374740000
439,1,45818.93454100000
439,2,47239.84358200000
439,3,61289.53623860000
440,0,19378.87319900000
440,4,20201.97341730000
440,1,20673.49811610000
440,2,30499.49626860000
440,3,35213.96179510000
441,0,13765.27986690000
441,4,23012.56642780000
441,1,23966.71283790000
441,2,34442.36436140000
441,3,33341.42960390000
442,0,49360.99690710000
442,4,40705.03981630000
442,1,40108.48129690000
442,2,42671.20711480000
442,3,56053.14881020000
443,0,23025.18772840000
443,4,21050.87642940000
443,1,21271.48325210000
443,2,30179.46236060000
443,3,36972.80389110000
444,0,26049.07389590000
444,4,22259.08919960000
444,1,22289.50280190000
444,2,30269.75080200000
444,3,38539.97608900000
445,0,17737.07197330000
445,4,20659.57151000000
445,1,21276.93255400000
445,2,31478.01122020000
445,3,34809.80929280000
446,0,28496.70570080000
446,4,24090.36109390000
446,1,24034.53348660000
446,2,31470.84186170000
446,3,40448.43369570000
447,0,14681.81685430000
447,4,22982.44929560000
447,1,23890.07299130000
447,2,34407.64076770000
447,3,34059.60678830000
448,0,15143.09496720000
448,4,20786.12759570000
448,1,21574.90138450000
448,2,32055.37948680000
448,3,33510.83589950000
449,0,42720.46415760000
449,4,34913.16699780000
449,1,34425.78517620000
449,2,38258.20314190000
449,3,50746.75902100000
450,0,24734.94963200000
450,4,23159.63824470000
450,1,23380.84876190000
450,2,32231.80401820000
450,3,39053.48735550000
451,0,22339.65565440000
451,4,21818.56402690000
451,1,22151.81721120000
451,2,31485.13362660000
451,3,37373.48511530000
452,0,15265.07927250000
452,4,22573.77078100000
452,1,23433.29152800000
452,2,33956.06794340000
452,3,34345.17821450000
453,0,25682.98427790000
453,4,23187.30551370000
453,1,23325.57001940000
453,2,31801.98045070000
453,3,39283.19782520000
454,0,15425.05602160000
454,4,23948.93503230000
454,1,24859.65644510000
454,2,35375.77440880000
454,3,34886.19369250000
455,0,15009.12859110000
455,4,24436.76034880000
455,1,25389.36202440000
455,2,35866.90499480000
455,3,34640.93937960000
456,0,47339.83936330000
456,4,38901.99091780000
456,1,38333.64261830000
456,2,41244.28144700000
456,3,54395.97579090000
457,0,49992.04414830000
457,4,41791.86578990000
457,1,41238.18011060000
457,2,44198.85289710000
457,3,57338.34681210000
458,0,15789.82885900000
458,4,26829.99648610000
458,1,27847.96871240000
458,2,38172.39905460000
458,3,35420.15365430000
459,0,57202.47355530000
459,4,48156.03312370000
459,1,47501.31627290000
459,2,49226.30729470000
459,3,63131.21253840000
460,0,48694.25847810000
460,4,40789.64835130000
460,1,40268.93029780000
460,2,43581.33172290000
460,3,56479.11794020000
461,0,44088.23412450000
461,4,36989.88196470000
461,1,36564.93153200000
461,2,40872.89604340000
461,3,53009.38893240000
462,0,41830.96493760000
462,4,34712.50799370000
462,1,34296.49263130000
462,2,38763.38259960000
462,3,50760.13817820000
463,0,29450.59429060000
463,4,25721.19484650000
463,1,25710.84270630000
463,2,33338.91487540000
463,3,42039.00519480000
464,0,26266.60079360000
464,4,23923.10174790000
464,1,24064.61970460000
464,2,32533.62642410000
464,3,40006.51088790000
465,0,36370.26913600000
465,4,29750.77455940000
465,1,29416.11244760000
465,2,34746.81642700000
465,3,45977.76997940000
466,0,40216.72840420000
466,4,33416.87141110000
466,1,33040.10736410000
466,2,37883.39947320000
466,3,49559.54237250000
467,0,16630.80932100000
467,4,26376.63417780000
467,1,27333.42324560000
467,2,37804.71073180000
467,3,36315.64253510000
468,0,34128.85473150000
468,4,28649.93515260000
468,1,28439.47401620000
468,2,34716.87479770000
468,3,45015.45075870000
469,0,18467.34811480000
469,4,27810.19513380000
469,1,28738.33887910000
469,2,39242.75774360000
469,3,38130.99662630000
470,0,44620.74956000000
470,4,37042.92532400000
470,1,36569.44405110000
470,2,40446.70342610000
470,3,52916.22835280000
471,0,20841.23858440000
471,4,22819.88335130000
471,1,23334.27318220000
471,2,33252.65863410000
471,3,37511.48163490000
472,0,23344.60604480000
472,4,24440.55315540000
472,1,24864.69777800000
472,2,34477.87304100000
472,3,39553.16570730000
473,0,17091.30144930000
473,4,27478.45046340000
473,1,28462.15304250000
473,2,38883.40864340000
473,3,36784.21220110000
474,0,17793.70439220000
474,4,28116.91879600000
474,1,29094.71504910000
474,2,39528.39454620000
474,3,37486.88793650000
475,0,22132.43317630000
475,4,22597.19624370000
475,1,22998.35600630000
475,2,32560.41542730000
475,3,37861.50522180000
476,0,33594.20320080000
476,4,28760.86923100000
476,1,28613.08619220000
476,2,35302.50131490000
476,3,45145.32989320000
477,0,17040.52446350000
477,4,24847.73686170000
477,1,25712.74834760000
477,2,36236.36663440000
477,3,36353.98268290000
478,0,18950.35272550000
478,4,24950.81813630000
478,1,25709.77352100000
478,2,36149.75518300000
478,3,37675.39850370000
479,0,53361.97371260000
479,4,44346.09040860000
479,1,43702.94656350000
479,2,45658.35224420000
479,3,59415.97321000000
480,0,51878.69650130000
480,4,43579.43550520000
480,1,43010.51987300000
480,2,45765.91037040000
480,3,59048.11564380000
481,0,47683.32465310000
481,4,40103.38217880000
481,1,39617.60271230000
481,2,43279.77248030000
481,3,55925.91423200000
482,0,26674.15012440000
482,4,25667.15659070000
482,1,25903.36473880000
482,2,34759.14682090000
482,3,41488.24684130000
483,0,39358.25325390000
483,4,32966.17850410000
483,1,32633.10568010000
483,2,37842.37422630000
483,3,49193.59447230000
484,0,19008.01125400000
484,4,23328.40518890000
484,1,23999.48025350000
484,2,34298.04117650000
484,3,36937.77024970000
485,0,28737.26391750000
485,4,25914.08590860000
485,1,25986.19521080000
485,2,34050.79105460000
485,3,42119.74495450000
486,0,54908.51106480000
486,4,46515.22522950000
486,1,45929.25553590000
486,2,48430.88871770000
486,3,61887.31376280000
487,0,52043.06294580000
487,4,44295.31765290000
487,1,43779.18750180000
487,2,47033.86993250000
487,3,59991.30192480000
488,0,29125.99981840000
488,4,27011.72188500000
488,1,27135.42876950000
488,2,35431.23073730000
488,3,43113.20659080000
489,0,32468.17590380000
489,4,28841.53592200000
489,1,28808.33036110000
489,2,36200.75438410000
489,3,45176.31908060000
490,0,37208.58478550000
490,4,32108.43323680000
490,1,31908.26653540000
490,2,38127.19696170000
490,3,48479.91184960000
491,0,41445.39283440000
491,4,35685.81458210000
491,1,35399.49850450000
491,2,40875.14150900000
491,3,51982.20501660000
492,0,18954.45691550000
492,4,28738.77750560000
492,1,29685.86172690000
492,2,40170.20853850000
492,3,38651.59493390000
493,0,20394.84552710000
493,4,29305.05494360000
493,1,30201.63753010000
493,2,40723.86566990000
493,3,40023.86598190000
494,0,26382.22974760000
494,4,26182.31541040000
494,1,26480.18265120000
494,2,35588.14999750000
494,3,41790.99838780000
495,0,45949.59308750000
495,4,38928.36839519990
495,1,38502.75101540000
495,2,42741.28604450000
495,3,54942.44526110000
496,0,48685.25486220000
496,4,41594.41028790000
496,1,41151.71673530000
496,2,45160.32454230000
496,3,57554.07044280000
497,0,20298.23969600000
497,4,31051.38741060000
497,1,32041.01609030000
497,2,42446.27982830000
497,3,39918.94477220000
498,0,21850.31806130000
498,4,31202.72744260000
498,1,32115.30291280000
498,2,42630.92662300000
498,3,41536.65595560000
499,0,23651.88223770000
499,4,26232.89544850000
499,1,26747.36041060000
499,2,36632.72084010000
499,3,40810.96151170000
500,0,25031.34981520000
500,4,27178.83742370000
500,1,27650.72314450000
500,2,37392.36419720000
500,3,41976.00863970000
501,0,33347.30854720000
501,4,30335.14655030000
501,1,30345.35645620000
501,2,37945.47508280000
501,3,46619.80715120000
502,0,25145.50888360000
502,4,26855.59992490000
502,1,27297.80016050000
502,2,36942.80520200000
502,3,41819.70419080000
503,0,27168.06551000000
503,4,28686.13123410000
503,1,29094.58262820000
503,2,38598.28429860000
503,3,43781.26612680000
504,0,20419.74234060000
504,4,27137.87556480000
504,1,27920.77492530000
504,2,38387.39427050000
504,3,39477.71977320000
505,0,21629.80099690000
505,4,26933.35728040000
505,1,27629.04179250000
505,2,37962.35212890000
505,3,40150.01330040000
506,0,23190.36101069990
506,4,28847.54838610000
506,1,29549.90634410000
506,2,39890.66688610000
506,3,41914.56396150000
507,0,26558.99436130000
507,4,27182.21873220000
507,1,27535.68094360000
507,2,36850.34147020000
507,3,42556.42221230000
508,0,29855.62260510000
508,4,29043.60762510000
508,1,29259.42212640000
508,2,37953.60958940000
508,3,44892.91646640000
509,0,21244.17796740000
509,4,31181.76678120000
509,1,32127.05780180000
509,2,42613.49924470000
509,3,40942.37954360000
510,0,19133.35930460000
510,4,27309.93385610000
510,1,28177.02908140000
510,2,38700.81572980000
510,3,38600.75298940000
511,0,26023.19302180000
511,4,28985.95613000000
511,1,29500.54496360000
511,2,39363.63651470000
511,3,43484.68885750000
512,0,32872.79887700000
512,4,30819.72054080000
512,1,30911.90486990000
512,2,38952.33665360000
512,3,46968.22070140000
513,0,28338.13079320000
513,4,28895.57155140000
513,1,29226.02662490000
513,2,38423.65129619990
513,3,44338.79253760000
514,0,22799.22363040000
514,4,30232.71144420000
514,1,31037.49940190000
514,2,41524.60610480000
514,3,42145.97466470000
515,0,30150.33613040000
515,4,30013.28357480000
515,1,30276.50636660000
515,2,39169.48846710000
515,3,45698.50717840000
516,0,33356.32035950000
516,4,31790.93689650000
516,1,31917.77472580000
516,2,40119.70636120000
516,3,47860.21771980000
517,0,22512.98933320000
517,4,26420.38600330000
517,1,27027.42866710000
517,2,37167.70934430000
517,3,40377.64474700000
518,0,23232.94004280000
518,4,30006.10383710000
518,1,30771.45541400000
518,2,41212.87042990000
518,3,42383.49140880000
519,0,26277.81875530000
519,4,31078.50802900000
519,1,31706.53302570000
519,2,41877.45615050000
519,3,44705.35667810000
520,0,24031.26610940000
520,4,31809.72477110000
520,1,32626.70441500000
520,2,43123.93560520000
520,3,43489.57962620000
521,0,50717.48604260000
521,4,43858.06048830000
521,1,43430.21061940000
521,2,47510.09786380000
521,3,59857.59665700000
522,0,48282.83680450000
522,4,41776.38511530000
522,1,41390.04136490000
522,2,45883.96494120000
522,3,57887.62022810000
523,0,26119.81684790000
523,4,30385.20350690000
523,1,30981.27204610000
523,2,41072.71319090000
523,3,44284.39744920000
524,0,23154.52954090000
524,4,31627.79507980000
524,1,32487.53841130000
524,2,43009.31634970000
524,3,42745.19213520000
525,0,24826.07684010000
525,4,32110.75703970000
525,1,32895.52133720000
525,2,43359.67874420000
525,3,44167.40165180000
526,0,50270.33804670000
526,4,44224.59267680000
526,1,43873.67384060000
526,2,48604.15085510000
526,3,60411.62412510000
527,0,45322.38701500000
527,4,39305.98705540000
527,1,38977.06820060000
527,2,44012.29596850000
527,3,55536.97788160000
528,0,31066.56410370000
528,4,31646.41433400000
528,1,31954.17284460000
528,2,41018.18336190000
528,3,47145.88434660000
529,0,48287.90516750000
529,4,43032.99070990000
529,1,42761.15231140000
529,2,48152.88346030000
529,3,59346.41231120000
530,0,27439.69366990000
530,4,30239.34041180000
530,1,30730.89727590000
530,2,40510.22191970000
530,3,44847.55552270000
531,0,33569.30729760000
531,4,34120.71828840000
531,1,34407.46676760000
531,2,43346.81429000000
531,3,49676.97735580000
532,0,28907.17151710000
532,4,32236.49905890000
532,1,32751.43282860000
532,2,42592.63715190000
532,3,46651.94233020000
533,0,30029.82053150000
533,4,32372.87667550000
533,1,32813.13961300000
533,2,42396.62163780000
533,3,47232.35345180000
534,0,26205.29951500000
534,4,31910.50934070000
534,1,32594.18745000000
534,2,42890.09785680000
534,3,45025.98139780000
535,0,34384.64819810000
535,4,33330.63001700000
535,1,33489.58429560000
535,2,41827.78879950000
535,3,49311.86025050000
536,0,26268.28936660000
536,4,32874.90057940000
536,1,33612.13151200000
536,2,44007.15117510000
536,3,45425.02127600000
537,0,34147.96369410000
537,4,33987.63128180000
537,1,34216.97340860000
537,2,42892.08251240000
537,3,49753.33255260000
538,0,50657.84013160000
538,4,45268.96073210000
538,1,44976.39775890000
538,2,50157.31712520000
538,3,61555.31931550000
539,0,30868.42390760000
539,4,32318.81814980000
539,1,32690.54242500000
539,2,42012.25253140000
539,3,47529.91027880000
540,0,6934.35304199000
540,4,20513.17878880000
540,1,21641.15769710000
540,2,30591.75610380000
540,3,24233.99826120000
541,0,8100.08802474000
541,4,21673.11849730000
541,1,22800.93163730000
541,2,31667.78716430000
541,3,24929.24804310000
542,0,11869.21730820000
542,4,24869.55090170000
542,1,25975.99110340000
542,2,35664.66380200000
542,3,30505.38374420000
543,0,16132.12386540000
543,4,28395.55944610000
543,1,29466.01090320000
543,2,39514.96537840000
543,3,35237.79543790000
544,0,16974.39896720000
544,4,29071.41076780000
544,1,30132.93505650000
544,2,40241.88835050000
544,3,36158.50317080000
545,0,18356.43867830000
545,4,29866.44380230000
545,1,30897.97438920000
545,2,41164.79788450000
545,3,37796.94681860000
546,0,35257.21245380000
546,4,31615.92780720000
546,1,31557.75588600000
546,2,38717.91133840000
546,3,47968.33374330000
547,0,20352.59243430000
547,4,31911.32193150000
547,1,32940.65490000000
547,2,43213.81956880000
547,3,39720.31146520000
548,0,39143.18020729990
548,4,33991.21798220000
548,1,33773.58144780000
548,2,39808.33727230000
548,3,50353.23725590000
549,0,22428.01524570000
549,4,29749.07141410000
549,1,30549.99069200000
549,2,41033.63626050000
549,3,41734.77618060000
550,0,44032.99884220000
550,4,38370.54935070000
550,1,38079.98843610000
550,2,43443.38932040000
550,3,54660.88009690000
551,0,45680.69949240000
551,4,40519.52768760000
551,1,40266.84908330000
551,2,45863.78332320000
551,3,56853.75337480000
552,0,23490.46944800000
552,4,33337.26129680000
552,1,34269.82760320000
552,2,44770.30269500000
552,3,43187.26187600000
553,0,21945.30007050000
553,4,32696.65463440000
553,1,33681.45823710000
553,2,44097.62866810000
553,3,41546.00656980000
554,0,24534.02946450000
554,4,34006.74202850000
554,1,34915.42640120000
554,2,45433.24603110000
554,3,44232.67041410000
555,0,36467.74139790000
555,4,33073.05051330000
555,1,33026.76955100000
555,2,40220.38620980000
555,3,49414.68180850000
556,0,50671.13521250000
556,4,45731.44616700000
556,1,45479.06863800000
556,2,50964.38270510000
556,3,62065.98803890000
557,0,24519.93555540000
557,4,33625.08078970000
557,1,34513.57945420000
557,2,45037.67717630000
557,3,44200.36053490000
558,0,51483.27396050000
558,4,46755.22888780000
558,1,46518.85960690000
558,2,52107.06870280000
558,3,63104.46472150000
559,0,36788.38292710000
559,4,34830.57164730000
559,1,34900.85230420000
559,2,42737.37486440000
559,3,51008.23791560000
560,0,46649.44523110000
560,4,41648.22778050000
560,1,41405.72934670000
560,2,47052.78925070000
560,3,57991.99050010000
561,0,25144.35138370000
561,4,33874.77634410000
561,1,34739.95397470000
561,2,45262.95896220000
561,3,44790.59744910000
562,0,25388.98508470000
562,4,33467.79266140000
562,1,34295.07788620000
562,2,44799.76550970000
562,3,44931.39850080000
563,0,36414.72743720000
563,4,35198.59937970000
563,1,35330.64940510000
563,2,43496.71152620000
563,3,51239.82049549990
564,0,29985.90353080000
564,4,33145.76699560000
564,1,33641.73217500000
564,2,43414.45176030000
564,3,47661.88530630000
565,0,31258.44663930000
565,4,33483.82334390000
565,1,33907.02593750000
565,2,43417.58226550000
565,3,48416.83525690000
566,0,47842.04068490000
566,4,43024.05469600000
566,1,42793.02610760000
566,2,48495.77776240000
566,3,59377.42246490000
567,0,28360.61469890000
567,4,34442.19540070000
567,1,35136.13173210000
567,2,45447.58826630000
567,3,47370.45583290000
568,0,27893.31882720000
568,4,32909.29625400000
568,1,33539.71055240000
568,2,43709.86420930000
568,3,46457.55070160000
569,0,34649.48525720000
569,4,35188.09917120000
569,1,35466.54022570000
569,2,44354.94475890000
569,3,50766.66522190000
570,0,36331.90028140000
570,4,36033.60772960000
570,1,36237.75442160000
570,2,44760.78543770000
570,3,51867.25630950000
571,0,32259.10478610000
571,4,34321.51816310000
571,1,34726.41556020000
571,2,44159.43338729990
571,3,49338.13059900000
572,0,33822.59899320000
572,4,35356.28999360000
572,1,35713.15796250000
572,2,44942.67506030000
572,3,50596.86885460000
573,0,26446.42800569990
573,4,33718.99342900000
573,1,34494.58648160000
573,2,44945.88263960000
573,3,45810.17226120000
574,0,27861.35959470000
574,4,34447.35775020000
574,1,35174.78495760000
574,2,45550.57751290000
574,3,47039.07995150000
