,Name,mean,std,q25,q50,q75
0,Sub001 ISO-P-S,0.853944591,5.309788569,0.000578178,0.00218549,0.019309886
1,Sub001 ISO-M-S,1.104954571,6.870557192,0.000748128,0.002827896,0.024985868
2,Sub005 ISO-P-S,0.295017923,1.834408005,0.000199747,0.000755036,0.006671115
3,Sub005 ISO-P-M,1.809359472,11.25051478,0.001225058,0.004630671,0.040914276
4,Sub005 ISO-P-L,2.271320496,14.12296739,0.001537836,0.005812962,0.051360404
5,Sub005 ISO-M-S,0.201088449,1.250358819,0.00013615,0.000514643,0.004547128
6,Sub005 ISO-M-M,1.737047007,10.80087917,0.001176097,0.004445603,0.039279105
7,Sub005 ISO-M-L,2.261980467,14.06489151,0.001531512,0.005789058,0.051149202
8,Sub006 ISO-P-L,1.088913798,6.770816398,0.000737268,0.002786843,0.024623145
9,Sub006 ISO-M-L,1.529244584,9.508773171,0.001035401,0.003913777,0.034580157
10,Sub006 ISO-M-M,1.71753349,10.67954501,0.001162885,0.004395662,0.038837854
11,Sub006 ISO-P-M,1.331913314,8.281776319,0.000901795,0.003408749,0.030117989
12,Sub006 ISO-P-S,1.35013034,8.395048956,0.000914129,0.003455372,0.030529923
13,Sub006 ISO-M-S,1.807719013,11.24031448,0.001223947,0.004626473,0.040877181
14,Sub007 ISO-M-M,382.8895599,2380.789843,0.259241875,0.97992446,8.65811879
15,Sub007 ISO-P-S,1005.801111,6254.025494,0.680994714,2.574134198,22.74375279
16,Sub007 ISO-P-M,305.0949874,1897.066735,0.20656974,0.780825784,6.898983205
17,Sub007 ISO-P-L,215.174014,1337.942218,0.145687218,0.550692162,4.865638475
18,Sub007 ISO-M-S,1386.093799,8618.668104,0.938478333,3.547412516,31.34314962
19,Sub007 ISO-M-L,146.3063928,909.7264865,0.099059227,0.374440121,3.308364243
20,Sub008 ISO-M-L,1.42004165,8.829754297,0.000961463,0.003634295,0.032110798
21,Sub008 ISO-M-S,0.958530429,5.960098546,0.000648989,0.002453155,0.021674841
22,Sub008 ISO-M-M,1.435526783,8.926040152,0.000971948,0.003673926,0.032460957
23,Sub008 ISO-P-M,2.245304678,13.96120221,0.001520222,0.00574638,0.05077212
24,Sub008 ISO-P-S,1.874177423,11.65354985,0.001268944,0.004796559,0.042379977
25,Sub008 ISO-P-L,1.603481942,9.970377678,0.001085665,0.004103771,0.036258855
26,Sub009 ISO-P-S,0.04901531,0.304774962,3.32E-05,0.000125444,0.001108362
27,Sub009 ISO-P-M,0.56886864,3.537199292,0.000385162,0.001455898,0.012863585
28,Sub009 ISO-P-L,0.341321184,2.122319575,0.000231097,0.000873539,0.007718151
29,Sub009 ISO-M-M,0.164707316,1.024142586,0.000111518,0.000421533,0.003724456
30,Sub009 ISO-M-L,0.207703201,1.291489044,0.000140629,0.000531572,0.004696704
31,Sub010 ISO-M-L,2590.809209,16109.53365,1.75415135,6.630625592,58.58486688
32,Sub010 ISO-M-S,4131.080525,25686.87054,2.797018188,10.5726227,93.41436714
33,Sub010 ISO-M-M,3344.882884,20798.32942,2.26470973,8.560516914,75.63641422
34,Sub010 ISO-P-M,2275.196066,14147.0655,1.540460114,5.822880823,51.44804108
35,Sub010 ISO-P-S,3000.403593,18656.37287,2.031474179,7.678895374,67.8468505
36,Sub010 ISO-P-L,1715.566269,10667.31292,1.161553261,4.390627287,38.79337048
37,Sub011 ISO-P-S,1122.216347,6977.890132,0.759815626,2.872074256,25.37620103
38,Sub011 ISO-P-L,504.8118813,3138.897284,0.341791453,1.291958732,11.4150964
39,Sub011 ISO-M-S,1572.423474,9777.257537,1.064636002,4.024283722,35.55654333
40,Sub011 ISO-M-M,738.3064157,4590.755664,0.49988289,1.889538372,16.69500901
41,Sub011 ISO-M-L,131.4372249,817.2706778,0.088991804,0.336385645,2.972134073
42,Sub012 ISO-M-M,227.9364894,1417.298709,0.154328269,0.583355005,5.154230902
43,Sub012 ISO-P-M,155.1200202,964.52922,0.105026643,0.396996727,3.507663051
44,Sub013 ISO-P-S,5755.484437,35787.34007,3.896848428,14.72993931,130.146322
45,Sub013 ISO-P-M,189.1692888,1176.246021,0.128080278,0.484138594,4.277604682
46,Sub013 ISO-P-L,271.3556132,1687.276843,0.183725924,0.694477026,6.136049085
47,Sub013 ISO-M-S,7924.390486,49273.49909,5.365343082,20.28079342,179.1908722
48,Sub014 ISO-M-L,904.2551614,5622.617405,0.612241305,2.31424892,20.44753742
49,Sub014 ISO-M-M,1493.768302,9288.183264,1.011381183,3.822982526,33.77794738
50,Sub014 ISO-M-S,1961.210124,12194.71522,1.327870603,5.019300532,44.34801052
51,Sub014 ISO-P-M,424.1362802,2637.260071,0.287168668,1.085486675,9.590813337
52,Sub014 ISO-P-S,1428.412856,8881.806077,0.967131169,3.65571915,32.30009247
53,Sub014 ISO-P-L,654.2702761,4068.222775,0.442984796,1.674465731,14.79473552
54,Sub016 ISO-M-M,385.1431594,2394.802622,0.260767713,0.985692069,8.709078479
55,Sub016 ISO-M-L,89.41569889,555.9827429,0.060540417,0.228840479,2.021919174
56,Sub016 ISO-M-S,907.6248482,5643.569964,0.614522809,2.322872918,20.52373472
57,Sub016 ISO-P-S,407.3203711,2532.699514,0.275783171,1.042449929,9.210562334
58,Sub016 ISO-P-M,416.4600528,2589.529639,0.281971347,1.065841002,9.41723407
59,Sub017 ISO-P-S,4611.529013,28674.27735,3.122313991,11.8022285,104.2785445
60,Sub017 ISO-P-M,1101.130967,6846.782195,0.745539411,2.818110705,24.89940628
61,Sub017 ISO-P-L,158.3409809,984.5570069,0.107207449,0.405240091,3.580497265
62,Sub017 ISO-M-S,5493.473497,34158.16798,3.719449473,14.05937798,124.22158
63,Sub017 ISO-M-M,2921.502326,18165.76839,1.978052737,7.476964349,66.06268971
64,Sub017 ISO-M-L,562.0789943,3494.981584,0.380565123,1.438521737,12.71005327
65,Sub018 ISO-P-L,0.443188359,2.75572503,0.000300068,0.001134246,0.01002163
66,Sub019 ISO-M-S,14665.49844,91189.40131,9.929524642,37.53322667,331.6246796
67,Sub019 ISO-M-L,102.8284109,639.3823754,0.069621721,0.263167465,2.325215128
68,Sub019 ISO-P-M,4316.862783,26842.05616,2.922805219,11.04809291,97.61538234
69,Sub019 ISO-P-S,10171.13881,63243.67782,6.886542167,26.03086829,229.9956365
70,Sub019 ISO-P-L,2599.159394,16161.45472,1.759804984,6.651996115,58.77368606
71,Sub020 ISO-P-S,803.759264,4997.738493,0.544198852,2.057051028,18.17506643
72,Sub020 ISO-P-M,47.56945715,295.7847178,0.032207708,0.121743916,1.075667905
73,Sub020 ISO-P-L,243.9574443,1516.916276,0.165175528,0.624357235,5.516505942
74,Sub020 ISO-M-S,1106.657413,6881.145387,0.749281185,2.83225447,25.02437346
75,Sub020 ISO-M-M,64.08878067,398.501119,0.043392397,0.164021614,1.449212343
76,Sub020 ISO-M-L,330.6362235,2055.880978,0.223862867,0.84619315,7.476536317
77,Sub021 ISO-M-L,254.7993,1584.330442,0.172516191,0.65210466,5.761668216
78,Sub021 ISO-M-M,964.6640896,5998.237369,0.653142195,2.468852734,21.81353883
79,Sub021 ISO-M-S,1869.286892,11623.14075,1.265632418,4.784042554,42.26938956
80,Sub021 ISO-P-L,212.6449365,1322.216529,0.143974864,0.544219525,4.80844952
81,Sub021 ISO-P-S,1370.59142,8522.275023,0.927982185,3.507737473,30.99260093
82,Sub021 ISO-P-M,665.4591946,4137.794961,0.450560443,1.70310139,15.04774577
83,Sub022 ISO-P-S,1421.131682,8836.532065,0.962201326,3.637084531,32.13544637
84,Sub022 ISO-P-M,1242.04971,7723.008525,0.840950838,3.178762283,28.08594191
85,Sub022 ISO-P-L,425.1426485,2643.517624,0.287850046,1.088062261,9.613569915
86,Sub022 ISO-M-S,3445.087905,21421.39967,2.33255524,8.816970368,77.90230773
87,Sub022 ISO-M-L,1288.581769,8012.342748,0.872456158,3.297851199,29.13815157
88,Sub023 ISO-P-S,21321.36446,132575.2731,14.4359917,54.56750129,482.1309475
89,Sub025 ISO-M-S,1589.967045,9886.342666,1.076514175,4.069182765,35.95324865
90,Sub025 ISO-M-L,111.8621243,695.5535937,0.07573815,0.286287335,2.529490647
91,Sub025 ISO-P-L,76.20613912,473.8463019,0.05159666,0.195033418,1.723217017
92,Sub025 ISO-P-S,1168.346911,7264.727874,0.791049107,2.99013563,26.41933184
93,Sub026 ISO-P-S,952.9235801,5925.235416,0.645193084,2.438805395,21.54805568
94,Sub026 ISO-P-M,440.4347173,2738.603011,0.298203801,1.127199061,9.959362964
95,Sub026 ISO-P-L,251.8882537,1566.229688,0.170545218,0.644654456,5.695841962
96,Sub026 ISO-M-S,1219.998556,7585.895452,0.82602073,3.12232704,27.58730853
97,Sub026 ISO-M-M,198.5528697,1234.5927,0.13443359,0.508153875,4.489791605
98,Sub026 ISO-M-L,406.7345157,2529.056692,0.275386508,1.040950557,9.197314637
99,Sub027 ISO-M-M,98.63305101,613.2958185,0.066781181,0.252430333,2.230347238
100,Sub027 ISO-M-S,2250.900665,13995.99781,1.5240105,5.760701908,50.89865952
101,Sub027 ISO-M-L,683.6596837,4250.964773,0.462883393,1.749681674,15.45930569
102,Sub027 ISO-P-L,463.8152383,2883.982025,0.31403398,1.187036536,10.48805674
103,Sub027 ISO-P-S,1656.565502,10300.44884,1.121605791,4.239627363,37.45921124
104,Sub027 ISO-P-M,612.3476538,3807.549819,0.414600373,1.567173688,13.84675709
105,Sub028 ISO-P-L,229.960954,1429.886737,0.155698967,0.588536192,5.200009259
106,Sub028 ISO-M-L,342.6976013,2130.878076,0.232029228,0.877061683,7.749275124
107,Sub029 ISO-M-L,443.96802,2760.572926,0.300596084,1.136241798,10.03926003
108,Sub029 ISO-M-M,134.3694583,835.5031716,0.090977122,0.343890073,3.03843942
109,Sub029 ISO-P-L,229.8662638,1429.297958,0.155634855,0.588293853,5.19786807
110,Sub029 ISO-P-M,102.0270404,634.3994898,0.069079139,0.261116528,2.307094076
111,Sub030 ISO-P-S,5044.385467,31365.75907,3.4153868,12.91003261,114.0665434
112,Sub030 ISO-P-L,1185.468415,7371.188606,0.802641512,3.033954481,26.80649313
113,Sub030 ISO-M-S,6800.959327,42288.05531,4.604704947,17.40561011,153.7872011
114,Sub030 ISO-M-L,1706.067367,10608.24918,1.155121868,4.366316865,38.57857584
115,Sub031 ISO-M-M,45.42302316,282.4382891,0.030754429,0.116250575,1.027131506
116,Sub031 ISO-M-S,3215.339059,19992.83181,2.176999885,8.228977023,72.7070948
117,Sub031 ISO-P-S,2333.777206,14511.32036,1.580123469,5.972806802,52.77271149
118,Sub031 ISO-P-L,530.7427528,3300.134262,0.359348389,1.358323287,12.00146017
119,Sub032 ISO-M-L,802.5767118,4990.385437,0.543398185,2.054024537,18.14832588
120,Sub032 ISO-P-M,102.1208772,634.9829632,0.069142673,0.261356683,2.309215969
121,Sub032 ISO-M-S,186.7841814,1161.415532,0.1264654,0.478034418,4.223671262
122,Sub032 ISO-M-M,1353.856502,8418.218064,0.916651524,3.464908007,30.61418135
123,Sub033 ISO-P-M,1315.545587,8180.00254,0.890712469,3.366859361,29.74787292
124,Sub033 ISO-P-L,1300.826819,8088.481909,0.880746877,3.329189802,29.41504367
125,Sub033 ISO-M-M,1974.866345,12279.62898,1.337116779,5.054250728,44.65681284
126,Sub033 ISO-M-L,1976.805837,12291.68865,1.338429945,5.059214444,44.70066973
127,Sub034 ISO-M-L,29.61131932,184.1218347,0.020048846,0.075783879,0.669588171
128,Sub034 ISO-M-S,3890.593226,24191.53146,2.63419218,9.957146563,87.97633011
129,Sub034 ISO-M-M,1776.524876,11046.35076,1.202826321,4.546637888,40.17180155
130,Sub034 ISO-P-M,1198.444699,7451.874549,0.811427325,3.067164522,27.09992032
131,Sub034 ISO-P-S,2874.826502,17875.54024,1.946450079,7.357507497,65.00722915
132,Sub034 ISO-P-L,613.6492847,3815.643301,0.415481664,1.570504936,13.87619032
133,Sub035 ISO-P-S,70.04599291,435.5427934,0.047425828,0.179267833,1.58392025
134,Sub035 ISO-P-M,19.41465322,120.7194294,0.01314502,0.049687679,0.439015297
135,Sub035 ISO-M-S,96.12911616,597.7264657,0.06508585,0.246022044,2.173726824
136,Sub035 ISO-M-L,359.686387,2236.513571,0.243531773,0.92054087,8.13343531
137,Sub036 ISO-M-L,361.6179408,2248.523884,0.244839565,0.925484271,8.177112714
138,Sub036 ISO-M-S,2257.020011,14034.04763,1.528153708,5.776363075,51.0370337
139,Sub036 ISO-P-M,652.0448884,4054.385416,0.441478059,1.668770324,14.74441377
140,Sub036 ISO-P-S,1655.903339,10296.33154,1.121157462,4.237932697,37.44423803
141,Sub037 ISO-P-S,5518.799502,34315.64393,3.736596875,14.12419451,124.7942662
142,Sub037 ISO-P-M,2164.835516,13460.84863,1.465738631,5.54043645,48.95250492
143,Sub037 ISO-P-L,1358.237234,8445.457254,0.919617573,3.476119558,30.71324097
144,Sub038 ISO-M-L,390.9114544,2430.669618,0.264673235,1.000454794,8.839514479
145,Sub038 ISO-M-S,1434.459546,8919.40412,0.971225183,3.671194368,32.4368237
146,Sub038 ISO-M-M,1015.970961,6317.261157,0.687880383,2.600161768,22.97371929
147,Sub038 ISO-P-M,704.9058359,4383.07238,0.477268461,1.804056686,15.9397359
148,Sub038 ISO-P-S,1058.667139,6582.744046,0.716788555,2.709433561,23.9391898
149,Sub039 ISO-P-S,7.447509169,46.30827278,0.005042462,0.019060317,0.168407358
150,Sub039 ISO-P-M,3.452020588,21.46450678,0.002337249,0.008834713,0.078059074
151,Sub039 ISO-P-L,3.251044589,20.21484717,0.002201175,0.008320358,0.073514489
152,Sub039 ISO-M-S,6.134394979,38.14338856,0.004153396,0.01569968,0.138714465
153,Sub039 ISO-M-M,2.850369239,17.72346609,0.001929891,0.007294914,0.064454187
154,Sub039 ISO-M-L,3.838480837,23.867499,0.002598909,0.009823776,0.086797935
155,Sub040 ISO-M-M,347.0207979,2157.759515,0.234956321,0.888125986,7.84703373
156,Sub040 ISO-M-S,661.2541374,4111.648107,0.447713337,1.69233944,14.95265861
157,Sub040 ISO-P-S,481.1612007,2991.838429,0.325778358,1.231429841,10.88029361
158,Sub040 ISO-P-M,230.945229,1436.006915,0.156365387,0.591055235,5.222266252
159,Sub041 ISO-P-S,3.266450345,20.31063946,0.002211606,0.008359785,0.073862853
160,Sub041 ISO-P-M,4.071611143,25.31709263,0.002756753,0.010420423,0.092069611
161,Sub041 ISO-P-L,2.371533983,14.74609028,0.001605687,0.006069437,0.053626489
162,Sub041 ISO-M-S,5.334254778,33.16815324,0.003611648,0.013651892,0.120621235
163,Sub041 ISO-M-M,1.02320947,6.36226988,0.000692781,0.002618687,0.023137401
164,Sub041 ISO-M-L,0.829939657,5.160526985,0.000561925,0.002124054,0.018767073
165,Sub042 ISO-M-L,1281.702097,7969.565259,0.867798159,3.28024414,28.98258446
166,Sub042 ISO-M-S,4859.704651,30217.42216,3.290345519,12.43738131,109.8904346
167,Sub042 ISO-P-M,1367.568684,8503.479785,0.92593559,3.500001422,30.92424908
168,Sub042 ISO-P-S,3534.658448,21978.34523,2.393200497,9.04620714,79.92772834
169,Sub043 ISO-P-S,910.28249,5660.09506,0.61632221,2.329674587,20.58383084
170,Sub043 ISO-P-M,687.505745,4274.879407,0.465487434,1.759524851,15.54627504
171,Sub043 ISO-P-L,36.15371218,224.8021355,0.024478484,0.092527743,0.817528519
172,Sub043 ISO-M-S,1234.6074,7676.73258,0.835911896,3.159715272,27.91765212
173,Sub043 ISO-M-M,997.3587695,6201.5314,0.675278683,2.55252782,22.55284972
174,Sub044 ISO-M-L,18.15708972,112.8999568,0.012293566,0.046469213,0.410578548
175,Sub044 ISO-M-M,1217.881022,7572.728721,0.824587017,3.116907661,27.53942563
176,Sub044 ISO-P-M,847.4543685,5269.432663,0.573783364,2.168879362,19.16312525
177,Sub044 ISO-P-S,3572.993897,22216.71331,2.419156164,9.144318575,80.79459155
178,Sub044 ISO-P-L,14.84111473,92.28137537,0.010048429,0.037982679,0.335595816
179,Sub045 ISO-M-M,351.2216481,2183.88021,0.237800578,0.898877169,7.942025769
180,Sub045 ISO-P-S,655.6376907,4076.725297,0.443910627,1.677965338,14.82565629
181,Sub045 ISO-P-M,207.7032672,1291.489455,0.140629023,0.531572373,4.696705655
182,Sub045 ISO-M-S,841.8162651,5234.375193,0.569965991,2.154449834,19.03563321
183,Sub046 ISO-M-L,2551.10874,15862.67794,1.727271473,6.529020678,57.68713706
184,Sub046 ISO-M-M,4004.219141,24898.05223,2.711124534,10.24794794,90.5457046
185,Sub046 ISO-P-M,2777.25373,17268.83719,1.880386777,7.107790721,62.80085754
186,Sub046 ISO-P-L,1743.532976,10841.20863,1.180488595,4.46220213,39.42576973
187,Sub047 ISO-P-S,126.8389473,788.6787968,0.085878462,0.324617331,2.868155175
188,Sub047 ISO-P-M,240.1184343,1493.045487,0.162576262,0.614532104,5.429696041
189,Sub047 ISO-P-L,144.3381801,897.4882294,0.097726615,0.369402898,3.263857886
190,Sub047 ISO-M-S,50.60651452,314.6690022,0.034264,0.129516619,1.144343592
191,Sub047 ISO-M-M,298.2161748,1854.294592,0.201912323,0.763220925,6.743435543
192,Sub047 ISO-M-L,73.01559305,454.0076318,0.049436447,0.186867894,1.651070555
193,Sub048 ISO-M-S,7856.220569,48849.62166,5.319187482,20.106327,177.6493748
194,Sub048 ISO-M-M,3039.378173,18898.71504,2.05786258,7.778642528,68.72816609
195,Sub048 ISO-P-M,1166.024531,7250.287422,0.7894767,2.984191993,26.36681686
196,Sub048 ISO-P-S,5710.919546,35510.23761,3.866675011,14.61588494,129.1385951
197,Sub048 ISO-P-L,1387.338496,8626.407579,0.939321077,3.550598055,31.37129544
198,Sub049 ISO-P-S,7319.424611,45511.84884,4.955740668,18.73251182,165.5110361
199,Sub049 ISO-P-M,1695.036283,10539.6584,1.147653086,4.33808515,38.32913463
200,Sub049 ISO-P-L,1788.595197,11121.40347,1.210998737,4.57752931,40.44474258
201,Sub049 ISO-M-M,4210.183548,26178.72953,2.850576232,10.77507008,95.20309016
202,Sub049 ISO-M-L,2675.812525,16638.0804,1.811704287,6.848173514,60.50701071
203,Sub050 ISO-M-L,1576.726872,9804.015874,1.067549691,4.035297356,35.65385425
204,Sub050 ISO-M-M,4188.696851,26045.12623,2.836028299,10.72007944,94.71722061
205,Sub050 ISO-P-L,1057.657622,6576.466916,0.716105045,2.706849917,23.91636202
206,Sub050 ISO-P-M,2855.25631,17753.85368,1.933199748,7.307421748,64.56469671
207,Sub051 ISO-P-M,8251.99935,51310.55608,5.587156223,21.11923869,186.5989521
208,Sub051 ISO-P-L,3016.818218,18758.43827,2.04258798,7.720905119,68.21802744
209,Sub052 ISO-M-L,0.422021154,2.624108312,0.000285737,0.001080073,0.009542985
210,Sub052 ISO-M-M,0.301632674,1.875538229,0.000204226,0.000771965,0.006820691
211,Sub052 ISO-M-S,0.5086744,3.16291425,0.000344407,0.001301844,0.011502438
212,Sub052 ISO-P-M,0.2050573,1.275036954,0.000138838,0.000524801,0.004636874
213,Sub052 ISO-P-S,0.369103141,2.295066517,0.000249908,0.000944641,0.008346372
214,Sub052 ISO-P-L,0.282449894,1.756260579,0.000191237,0.00072287,0.006386919
215,Sub053 ISO-P-S,44.2232792,274.9783357,0.029942122,0.113180085,1.000002206
216,Sub053 ISO-P-M,346.3301914,2153.465355,0.234488734,0.886358526,7.831417339
217,Sub053 ISO-P-L,192.7204315,1198.326865,0.130484639,0.493226989,4.357905161
218,Sub053 ISO-M-S,206.4253832,1283.54363,0.139763809,0.5283019,4.667809407
219,Sub053 ISO-M-M,343.9951378,2138.946098,0.232907747,0.880382452,7.778615764
220,Sub053 ISO-M-L,128.7677427,800.6719589,0.087184386,0.329553673,2.911770206
221,Sub054 ISO-M-L,2009.016641,12491.97396,1.360238816,5.141651152,45.42903895
222,Sub054 ISO-M-M,3152.9659,19604.99835,2.134769079,8.069346178,71.29667708
223,Sub054 ISO-P-M,2145.627541,13341.41432,1.452733545,5.491277719,48.51816314
224,Sub054 ISO-P-L,1343.914689,8356.400324,0.909920251,3.439464049,30.38937136
225,Sub055 ISO-P-S,4228.926738,26295.27383,2.863266627,10.82303929,95.62692194
226,Sub055 ISO-P-M,1654.584212,10288.12927,1.120264325,4.234556672,37.41440917
227,Sub055 ISO-M-S,5822.562146,36204.42621,3.942264529,14.90161045,131.6631217
228,Sub055 ISO-M-M,2431.385354,15118.24338,1.646210722,6.222614114,54.97988304
229,Sub056 ISO-M-L,3910.782314,24317.0663,2.647861545,10.00881624,88.43285738
230,Sub056 ISO-M-M,6181.911267,38438.84268,4.185567951,15.82128816,139.7889306
231,Sub056 ISO-P-M,4226.03891,26277.31745,2.861311374,10.8156485,95.5616207
232,Sub056 ISO-P-L,2630.067317,16353.63878,1.780731718,6.731098376,59.47259378
233,Sub057 ISO-P-S,5502.79726,34216.14272,3.725762286,14.08324018,124.4324143
234,Sub057 ISO-P-M,2169.165195,13487.77038,1.468670113,5.551517344,49.05041011
235,Sub057 ISO-M-S,7575.947874,47106.8988,5.129424097,19.3890286,171.3116875
236,Sub057 ISO-M-M,3185.399701,19806.67025,2.156728934,8.152353599,72.03008882
237,Sub058 ISO-M-L,434.9922783,2704.762173,0.294518905,1.113270295,9.836295404
238,Sub058 ISO-M-M,228.0154166,1417.789474,0.154381708,0.583557003,5.15601565
239,Sub058 ISO-M-S,1106.39529,6879.515519,0.74910371,2.831583623,25.01844619
240,Sub058 ISO-P-M,445.8459413,2772.249755,0.301867562,1.141047939,10.08172467
241,Sub058 ISO-P-S,161.5734182,1004.656155,0.109396025,0.413512828,3.653590995
242,Sub058 ISO-P-L,212.3904869,1320.634373,0.143802584,0.543568316,4.802695759
243,Sub059 ISO-P-S,1778.393359,11057.9689,1.204091409,4.551419871,40.21405274
244,Sub059 ISO-P-M,798.7127708,4966.359628,0.540782038,2.044135601,18.06095223
245,Sub059 ISO-P-L,405.5697175,2521.81403,0.274597861,1.037969503,9.17097555
246,Sub059 ISO-M-S,1426.899672,8872.397168,0.966106642,3.651846477,32.26587549
247,Sub059 ISO-M-M,602.3735344,3745.531199,0.407847226,1.54164705,13.62121657
248,Sub059 ISO-M-L,736.2817064,4578.166113,0.498512026,1.884356559,16.64922512
249,Sub060 ISO-M-M,1592.668649,9903.141113,1.078343341,4.076096945,36.01433886
250,Sub060 ISO-P-M,1058.918526,6584.307159,0.716958761,2.710076933,23.9448743
251,Sub060 ISO-P-S,2690.8235,16731.41796,1.821867723,6.886590915,60.8464475
252,Sub060 ISO-P-L,639.9275366,3979.040274,0.4332738,1.637758537,14.47040925
253,Sub061 ISO-M-M,630.7106541,3921.730119,0.427033354,1.614169885,14.26199181
254,Sub061 ISO-P-S,1132.948808,7044.624085,0.767082221,2.899541709,25.61888961
255,Sub061 ISO-P-M,478.3737708,2974.506317,0.323891081,1.224296006,10.81726265
256,Sub061 ISO-P-L,311.43354,1936.479566,0.210861364,0.797047962,7.042314201
257,Sub061 ISO-M-S,1577.71513,9810.160812,1.068218808,4.03782659,35.67620129
258,Sub061 ISO-M-L,423.6975502,2634.532068,0.286871618,1.084363839,9.580892521
259,Sub062 ISO-M-L,115.65794,719.1558028,0.078308171,0.296001919,2.615323813
260,Sub062 ISO-M-M,1379.647333,8578.584274,0.934113644,3.530914157,31.19737843
261,Sub062 ISO-P-L,59.40563574,369.3815371,0.040221594,0.1520361,1.343314378
262,Sub062 ISO-P-M,974.9017142,6061.894453,0.660073753,2.495053759,22.04503788
263,Sub063 ISO-M-M,2366.017703,14711.79031,1.601952445,6.055319504,53.50175216
264,Sub063 ISO-M-S,5292.536181,32908.7489,3.583401453,13.54512163,119.67787
265,Sub063 ISO-M-L,1455.439058,9049.853767,0.985429718,3.72488697,32.91122448
266,Sub063 ISO-P-S,3611.562907,22456.53365,2.445269966,9.243027758,81.66673616
267,Sub063 ISO-P-L,843.7521516,5246.412446,0.571276715,2.159404324,19.07940859
268,Sub064 ISO-P-M,265.4331549,1650.451267,0.179716023,0.679319752,6.002127054
269,Sub065 ISO-M-M,1052.859406,6546.631833,0.712856332,2.694569905,23.80786202
270,Sub065 ISO-M-S,2819.158618,17529.39988,1.908759193,7.215037377,63.74843495
271,Sub065 ISO-M-L,780.0024894,4850.019951,0.528113925,1.996250612,17.63786459
272,Sub065 ISO-P-M,714.0619619,4440.004754,0.483467771,1.827489845,16.14677948
273,Sub065 ISO-P-S,2048.443041,12737.12553,1.38693313,5.242554645,46.32057137
274,Sub065 ISO-P-L,27.15112782,168.8244761,0.018383132,0.069487542,0.613956907
275,Sub066 ISO-P-M,621.9866302,3867.484535,0.421126605,1.5918426,14.06471916
276,Sub066 ISO-P-L,347.8013717,2162.613087,0.235484822,0.890123699,7.864684513
277,Sub066 ISO-M-M,908.6567296,5649.986156,0.615221462,2.325513799,20.54706821
278,Sub066 ISO-M-L,518.9286014,3226.674406,0.351349417,1.328087477,11.73431178
279,Sub067 ISO-M-M,2054.26813,12773.34566,1.390877105,5.257462723,46.45229164
280,Sub067 ISO-M-S,255.9703293,1591.611849,0.173309056,0.655101661,5.788148204
281,Sub067 ISO-P-L,887.6977303,5519.664053,0.601030815,2.271873694,20.07313127
282,Sub067 ISO-P-S,187.4802186,1165.74346,0.126936664,0.479815778,4.239410456
283,Sub067 ISO-P-M,1415.426326,8801.056424,0.958338418,3.622482886,32.00643359
284,Sub068 ISO-P-M,318.0274816,1977.480395,0.215325904,0.813923755,7.191420199
285,Sub068 ISO-P-L,21.10887633,131.2540315,0.014292123,0.054023683,0.477326044
286,Sub068 ISO-M-M,78.3128449,486.9457025,0.053023041,0.200425084,1.770855059
287,Sub068 ISO-M-L,38.10176976,236.9150689,0.02579745,0.097513383,0.861579116
288,Sub069 ISO-M-S,6498.058942,40404.63452,4.3996211,16.63040095,146.9378435
289,Sub069 ISO-M-L,3.264287322,20.29718988,0.002210141,0.00835425,0.073813941
290,Sub069 ISO-P-M,1978.600207,12302.84596,1.339644854,5.063806754,44.74124507
291,Sub069 ISO-P-L,1448.62212,9007.466357,0.980814194,3.707440465,32.75707595
292,Sub069 ISO-P-S,5296.327783,32932.32491,3.585968622,13.55482543,119.7636079
293,Sub070 ISO-P-S,534.6832464,3324.636071,0.362016367,1.368408142,12.09056487
294,Sub070 ISO-P-L,14.1979955,88.28248931,0.009612994,0.036336752,0.321053234
295,Sub070 ISO-M-S,778.0836095,4838.088443,0.526814714,1.991339646,17.59447377
296,Sub070 ISO-M-M,382.3715256,2377.568729,0.258891131,0.978598661,8.646404701
297,Sub070 ISO-M-L,65.09653808,404.7673087,0.044074716,0.166600755,1.472000333
298,Sub071 ISO-M-L,625.9175125,3891.926582,0.423788076,1.601902858,14.15360653
299,Sub071 ISO-M-M,1670.444277,10386.74642,1.13100265,4.275147136,37.77304606
300,Sub071 ISO-P-L,429.2187114,2668.862397,0.290609814,1.098494078,9.705740192
301,Sub071 ISO-P-M,1163.026395,7231.645148,0.787446761,2.9765189,26.29902128
302,Sub072 ISO-P-M,8287.152799,51529.13863,5.610957463,21.20920647,187.3938621
303,Sub072 ISO-M-M,11786.40961,73287.35807,7.980188678,30.16481063,266.5210681
304,Sub073 ISO-P-L,0.884160776,5.497671434,0.000598636,0.002262822,0.019993152
305,Sub073 ISO-P-M,0.500075223,3.109444959,0.000338584,0.001279836,0.011307988
306,Sub074 ISO-P-S,10233.2568,63629.92468,6.92860021,26.18984609,231.4002843
307,Sub074 ISO-P-M,4464.375416,27759.28299,3.02268115,11.42562014,100.9510228
308,Sub074 ISO-P-L,180.0602136,1119.606206,0.121912824,0.460825852,4.071625038
309,Sub074 ISO-M-M,7125.768516,44307.70406,4.824622522,18.2368902,161.1319732
310,Sub074 ISO-M-L,4256.480446,26466.60154,2.881922333,10.89355715,96.24998223
311,Sub075 ISO-M-L,794.2664472,4938.71259,0.537771579,2.03275618,17.9604094
312,Sub075 ISO-M-M,1027.045623,6386.122901,0.695378671,2.628505012,23.22414591
313,Sub075 ISO-M-S,2529.813056,15730.26235,1.712852869,6.474518902,57.20558682
314,Sub075 ISO-P-L,523.9953754,3258.179377,0.354779963,1.341054808,11.84888459
315,Sub075 ISO-P-S,2081.372657,12941.88038,1.409228685,5.326830999,47.06519478
316,Sub075 ISO-P-M,246.7835969,1534.489165,0.167089023,0.631590172,5.58041253
317,Sub076 ISO-P-S,998.6625569,6209.638291,0.676161435,2.555864586,22.58233171
318,Sub076 ISO-P-M,9.546058967,59.35695984,0.006463321,0.024431109,0.215860972
319,Sub076 ISO-P-L,8.008175517,49.7944706,0.005422071,0.020495223,0.181085467
320,Sub076 ISO-M-L,386.0371299,2400.36129,0.261372991,0.987979996,8.729293452
321,Sub077 ISO-M-M,0.824244356,5.125113862,0.000558069,0.002109478,0.018638287
322,Sub077 ISO-M-S,1.362956343,8.474800461,0.000922813,0.003488197,0.030819952
323,Sub077 ISO-M-L,0.96383546,5.993084986,0.000652581,0.002466732,0.021794801
324,Sub077 ISO-P-M,1.641549838,10.20708212,0.001111439,0.004201198,0.037119668
325,Sub077 ISO-P-L,2.114544267,13.14813994,0.001431688,0.005411727,0.04781529
326,Sub077 ISO-P-S,2.002000883,12.4483503,0.001355489,0.005123696,0.045270395
327,Sub078 ISO-P-S,3930.757416,24441.27057,2.661386026,10.05993827,88.88454585
328,Sub078 ISO-P-M,1750.325803,10883.44612,1.185087794,4.479586928,39.57937305
329,Sub078 ISO-P-L,39.85584975,247.8218584,0.02698508,0.102002578,0.901243381
330,Sub078 ISO-M-S,5219.728199,32456.03218,3.534105573,13.35878507,118.031494
331,Sub078 ISO-M-M,297.3882262,1849.146445,0.201351746,0.761101966,6.724713493
332,Sub078 ISO-M-L,1372.932077,8536.829117,0.929566966,3.513727886,31.0455292
333,Sub079 ISO-M-M,1471.826172,9151.748099,0.996524892,3.766826307,33.28177933
334,Sub079 ISO-M-S,3082.343445,19165.87114,2.086952947,7.888603012,69.69972153
335,Sub079 ISO-P-M,1021.774942,6353.35005,0.691810068,2.615015825,23.10496225
336,Sub079 ISO-P-S,2270.014592,14114.84733,1.536951909,5.809619942,51.33087462
337,Sub080 ISO-P-S,20408.58955,126899.6802,13.81798196,52.23144789,461.4907566
338,Sub080 ISO-P-L,4851.953168,30169.22379,3.285097246,12.41754303,109.7151536
339,Sub080 ISO-M-S,27712.31492,172313.9119,18.76309319,70.92378084,626.6467925
340,Sub080 ISO-M-L,3957.700708,24608.80273,2.67962844,10.1288939,89.49380306
341,Sub081 ISO-M-L,14.54069917,90.4134051,0.009845027,0.037213829,0.328802647
342,Sub081 ISO-P-L,12.51229881,77.80090407,0.008471664,0.03202257,0.282935292
343,Sub082 ISO-P-S,649.4698185,4038.373749,0.439734564,1.66217998,14.68618481
344,Sub082 ISO-P-L,177.645009,1104.588574,0.120277569,0.454644649,4.017011044
345,Sub082 ISO-M-S,883.1796102,5491.570588,0.597971746,2.260310526,19.97096495
346,Sub082 ISO-M-M,11.4249924,71.04008232,0.007735485,0.02923984,0.258348494
347,Sub082 ISO-M-L,234.8981715,1460.586131,0.159041794,0.601171951,5.31165246
348,Sub083 ISO-M-L,514.8290297,3201.183456,0.348573733,1.317595494,11.64160991
349,Sub083 ISO-M-M,832.8243504,5178.463876,0.563877862,2.131436939,18.83230287
350,Sub083 ISO-P-M,552.7989476,3437.278676,0.37428191,1.41477143,12.50020752
351,Sub083 ISO-P-L,372.9828316,2319.190258,0.252534357,0.954570294,8.434102156
352,Sub084 ISO-P-M,1713.178721,10652.46725,1.159936731,4.384516864,38.73938187
353,Sub084 ISO-P-L,817.9313032,5085.859587,0.553794272,2.09332135,18.49553273
354,Sub084 ISO-M-M,2451.856489,15245.53197,1.660071052,6.275005633,55.44278811
355,Sub084 ISO-M-L,1184.339118,7364.16669,0.801876902,3.031064286,26.78095682
356,Sub085 ISO-M-S,14.68038288,91.28195205,0.009939602,0.03757132,0.331961255
357,Sub085 ISO-M-M,9.007016242,56.00521673,0.006098353,0.023051544,0.203671828
358,Sub085 ISO-M-L,7.766207902,48.28992699,0.005258243,0.019875959,0.175613957
359,Sub085 ISO-P-L,5.355541049,33.3005103,0.00362606,0.013706369,0.121102572
360,Sub085 ISO-P-S,11.29815453,70.25141027,0.007649607,0.028915226,0.255480364
361,Sub085 ISO-P-M,6.29043697,39.11365055,0.004259047,0.016099037,0.142242976
362,Sub086 ISO-P-S,5.06469042,31.49201434,0.003429135,0.012961999,0.114525691
363,Sub086 ISO-P-M,4.055510838,25.21698166,0.002745852,0.010379218,0.091705542
364,Sub086 ISO-P-L,4.295348502,26.70828134,0.002908239,0.010993032,0.097128889
365,Sub086 ISO-M-S,6.877297734,42.76272406,0.004656391,0.017600982,0.155513409
366,Sub086 ISO-M-M,5.841897277,36.32465117,0.003955356,0.014951095,0.132100339
367,Sub086 ISO-M-L,5.804695914,36.09333479,0.003930168,0.014855886,0.13125912
368,Sub087 ISO-M-L,302.7644913,1882.575816,0.204991838,0.774861374,6.846284688
369,Sub087 ISO-M-S,1152.965172,7169.084925,0.78063464,2.95076934,26.07151114
370,Sub087 ISO-P-S,28.04851148,174.4043668,0.018990721,0.071784204,0.634249062
371,Sub087 ISO-P-L,193.9664258,1206.0744,0.131328261,0.496415847,4.3860803
372,Sub088 ISO-P-S,1587.026457,9868.058225,1.0745232,4.061656955,35.88675439
373,Sub088 ISO-P-M,630.4923474,3920.372698,0.426885545,1.613611176,14.25705533
374,Sub088 ISO-P-L,432.9900922,2692.312671,0.293163291,1.108146125,9.791020822
375,Sub088 ISO-M-L,36.62524475,227.7341036,0.024797744,0.093734531,0.828191084
376,Sub089 ISO-M-L,3.898966126,24.24359377,0.002639861,0.009978575,0.088165663
377,Sub089 ISO-M-M,4.117014798,25.59941049,0.002787495,0.010536624,0.093096305
378,Sub089 ISO-M-S,4.601360142,28.61104777,0.003115429,0.011776203,0.1040486
379,Sub089 ISO-P-M,3.577641336,22.24561087,0.002422303,0.009156213,0.080899682
380,Sub089 ISO-P-S,3.515422982,21.85873998,0.002380177,0.008996978,0.079492765
381,Sub089 ISO-P-L,2.812797449,17.48984642,0.001904452,0.007198757,0.063604593
382,Sub090 ISO-P-M,247.4016859,1538.332414,0.167507511,0.633172039,5.594389114
383,Sub090 ISO-M-S,1483.532794,9224.539342,1.004451059,3.796786918,33.54649619
384,Sub090 ISO-M-M,618.8290123,3847.850611,0.418988686,1.583761348,13.99331729
385,Sub090 ISO-M-L,390.5562091,2428.460719,0.26443271,0.999545619,8.83148147
386,Sub091 ISO-M-L,3.306886322,20.56206852,0.002238984,0.008463273,0.074777214
387,Sub091 ISO-M-M,3.895949799,24.22483839,0.002637819,0.009970856,0.088097456
388,Sub091 ISO-M-S,3.882978271,24.14418202,0.002629036,0.009937658,0.087804136
389,Sub091 ISO-P-L,2.306709417,14.34301409,0.001561797,0.005903533,0.052160639
390,Sub091 ISO-P-S,2.875240705,17.87811574,0.001946731,0.007358568,0.065016595
391,Sub091 ISO-P-M,2.84499806,17.69006835,0.001926254,0.007281168,0.064332731
392,Sub092 ISO-P-S,6798.351302,42271.83874,4.602939139,17.39893543,153.7282269
393,Sub092 ISO-P-M,2757.260339,17144.51919,1.866849912,7.056621885,62.34875549
394,Sub092 ISO-P-L,1988.534691,12364.61813,1.346371165,5.089231954,44.96588933
395,Sub092 ISO-M-S,9105.400446,56616.96523,6.164965921,23.30333743,205.8965481
396,Sub092 ISO-M-L,2851.095042,17727.97911,1.930382291,7.296771868,64.47059974
397,Sub093 ISO-M-M,0.039093182,0.243079626,2.65E-05,0.000100051,0.000883998
398,Sub093 ISO-M-L,0.013692536,0.085139564,9.27E-06,3.50E-05,0.000309623
399,Sub093 ISO-M-S,0.603265348,3.751076458,0.000408451,0.001543929,0.013641383
400,Sub093 ISO-P-S,0.249376136,1.550609457,0.000168844,0.000638225,0.005639037
401,Sub094 ISO-P-S,7.597035629,47.2380215,0.005143702,0.019442998,0.171788536
402,Sub094 ISO-P-M,6.102101762,37.94259081,0.004131532,0.015617033,0.137984232
403,Sub094 ISO-P-L,5.355541049,33.3005103,0.00362606,0.013706369,0.121102572
404,Sub094 ISO-M-S,10.31594329,64.14406552,0.006984585,0.026401465,0.233270039
405,Sub094 ISO-M-M,8.735718819,54.31830171,0.005914667,0.022357216,0.197537095
406,Sub094 ISO-M-L,7.731996407,48.07720147,0.005235079,0.019788402,0.174840347
407,Sub095 ISO-M-L,1743.890774,10843.4334,1.180730848,4.463117839,39.43386048
408,Sub095 ISO-M-M,2736.521677,17015.56714,1.852808449,7.003545687,61.87980095
409,Sub095 ISO-P-M,1942.718646,12079.73605,1.315350633,4.971975522,43.92987058
410,Sub095 ISO-P-S,2636.914061,16396.21152,1.785367422,6.748621163,59.62741629
411,Sub096 ISO-P-S,2.079195035,12.92834002,0.001407754,0.005321258,0.047015953
412,Sub096 ISO-P-M,1.142050098,7.10121549,0.000773244,0.002922835,0.025824693
413,Sub096 ISO-P-L,0.756449767,4.703570193,0.000512167,0.001935972,0.017105277
414,Sub096 ISO-M-S,1.278003088,7.94656499,0.000865294,0.003270777,0.02889894
415,Sub096 ISO-M-M,1.334367387,8.297035632,0.000903456,0.00341503,0.030173482
416,Sub096 ISO-M-L,1.148645005,7.142222323,0.00077771,0.002939713,0.025973821
417,Sub097 ISO-M-L,51.84463066,322.367552,0.035102287,0.132685315,1.172340586
418,Sub097 ISO-M-M,2866.033513,17820.86584,1.940496636,7.335003709,64.80839702
419,Sub097 ISO-M-S,6926.461829,43068.42416,4.689678547,17.72680709,156.6251358
420,Sub097 ISO-P-L,1260.926485,7840.38345,0.853731679,3.227073376,28.51279439
421,Sub098 ISO-M-M,0.021696385,0.134907136,1.47E-05,5.55E-05,0.000490611
422,Sub098 ISO-M-L,0.013692536,0.085139564,9.27E-06,3.50E-05,0.000309623
423,Sub098 ISO-P-M,0.015081634,0.093776911,1.02E-05,3.86E-05,0.000341035
424,Sub098 ISO-P-S,0.038960887,0.242257021,2.64E-05,9.97E-05,0.000881006
425,Sub098 ISO-P-L,0.018719747,0.116398535,1.27E-05,4.79E-05,0.000423302
426,Sub099 ISO-P-S,51.04990132,317.4259612,0.034564202,0.130651374,1.154369709
427,Sub099 ISO-P-M,7.229414193,44.95216816,0.004894798,0.018502149,0.163475669
428,Sub099 ISO-P-L,12.30814112,76.53146083,0.008333436,0.031500072,0.278318761
429,Sub099 ISO-M-S,79.26038823,492.8374838,0.053664591,0.20285012,1.792281453
430,Sub099 ISO-M-M,4.902662078,30.48452949,0.003319431,0.012547322,0.110861813
431,Sub099 ISO-M-L,31.2665683,194.4140975,0.021169561,0.080020137,0.707017613
432,Sub100 ISO-M-M,1353.804543,8417.894986,0.916616345,3.464775029,30.61300642
433,Sub100 ISO-P-M,968.5040058,6022.113794,0.655742076,2.478680184,21.90036922
434,Sub100 ISO-P-S,2435.082398,15141.23143,1.648713869,6.232075913,55.06348273
435,Sub100 ISO-P-L,690.7471056,4295.03404,0.467682052,1.767820425,15.61957055
436,Sub101 ISO-M-L,33.47700001,208.1584612,0.022666171,0.085677267,0.757001165
437,Sub101 ISO-M-M,727.6204631,4524.310897,0.492647785,1.862189947,16.4533721
438,Sub101 ISO-M-S,1802.93496,11210.56746,1.220707717,4.614228885,40.76900154
439,Sub101 ISO-P-S,1327.908168,8256.872502,0.899082764,3.398498759,30.02742269
440,Sub101 ISO-P-M,258.9603823,1610.203862,0.175333522,0.662754066,5.855760999
441,Sub102 ISO-P-S,5077.917727,31574.26113,3.438090386,12.9958513,114.8247941
442,Sub102 ISO-P-M,1972.257474,12263.40714,1.335350399,5.047573876,44.59781954
443,Sub102 ISO-M-S,6898.835002,42896.6418,4.670973334,17.6561021,156.0004221
444,Sub102 ISO-M-L,1010.728029,6284.660848,0.684330568,2.586743599,22.8551631
445,Sub103 ISO-P-S,4.189651386,26.05106148,0.002836675,0.010722522,0.094738805
446,Sub103 ISO-P-M,4.327760785,26.90981944,0.002930184,0.011075984,0.097861814
447,Sub103 ISO-P-L,3.726354182,23.17030057,0.002522991,0.009536812,0.084262462
448,Sub103 ISO-M-S,5.614819468,34.9126917,0.003801609,0.014369937,0.126965525
449,Sub103 ISO-M-M,6.187385754,38.47288279,0.004189275,0.015835299,0.139912723
450,Sub103 ISO-M-L,5.470756792,34.01691655,0.003704069,0.014001239,0.123707897
451,Sub002 InC-P-S,30.90434451,192.1618065,0.020924311,0.079093102,0.6988268
452,Sub002 InC-P-M,1.595061363,9.918018903,0.001079963,0.004082221,0.036068444
453,Sub002 InC-M-S,47.48270468,295.2452949,0.032148971,0.121521892,1.073706209
454,Sub002 InC-M-M,2.462817555,15.31368738,0.001667492,0.006303058,0.055690646
455,Sub004 InC-M-M,3.65689929,22.73843321,0.002475966,0.009359057,0.082691909
456,Sub004 InC-P-S,7.619234736,47.37605454,0.005158732,0.019499812,0.172290515
457,Sub004 InC-P-M,2.29545111,14.27301044,0.001554174,0.005874719,0.05190606
458,Sub004 InC-P-L,0.627078454,3.899145266,0.000424574,0.001604874,0.014179858
459,Sub004 InC-M-S,20.15882601,125.3466619,0.013648875,0.051592231,0.45584296
460,Sub004 InC-M-L,0.971945145,6.043510641,0.000658072,0.002487487,0.021978182
461,Sub005 InC-M-M,0.148170436,0.921317025,0.000100321,0.000379211,0.003350515
462,Sub005 InC-M-L,0.03942392,0.245136137,2.67E-05,0.000100897,0.000891476
463,Sub005 InC-M-S,0.911797209,5.669513511,0.000617348,0.002333551,0.020618083
464,Sub005 InC-P-L,0.025929826,0.161230479,1.76E-05,6.64E-05,0.00058634
465,Sub005 InC-P-M,0.097898324,0.60872732,6.63E-05,0.00025055,0.002213733
466,Sub005 InC-P-S,0.621786653,3.866241086,0.000420991,0.001591331,0.014060197
467,Sub006 InC-P-S,2.077581035,12.91830425,0.001406662,0.005317127,0.046979456
468,Sub006 InC-P-M,0.516612102,3.21227052,0.000349781,0.001322159,0.01168193
469,Sub006 InC-P-L,0.136925359,0.851395643,9.27E-05,0.000350431,0.003096235
470,Sub006 InC-M-S,7.649106954,47.56179863,0.005178958,0.019576264,0.172966003
471,Sub006 InC-M-M,0.783867912,4.874054973,0.000530731,0.002006143,0.017725272
472,Sub006 InC-M-L,0.208364676,1.295602066,0.000141077,0.000533265,0.004711662
473,Sub007 InC-P-S,12285.22619,76388.97685,8.317920911,31.44142567,277.8005954
474,Sub007 InC-P-M,2326.380365,14465.32715,1.575115313,5.953876161,52.60544989
475,Sub007 InC-P-L,927.6715409,5768.219387,0.628095762,2.374178167,20.97704205
476,Sub007 InC-M-S,18181.19038,113049.8136,12.30988354,46.53089305,411.1235264
477,Sub007 InC-M-M,3693.410456,22965.45799,2.500686239,9.452499169,83.51752
478,Sub007 InC-M-L,1475.157785,9172.463912,0.998780616,3.775352861,33.35711566
479,Sub008 InC-M-M,5.109220928,31.76890301,0.003459285,0.013075965,0.11553264
480,Sub008 InC-M-S,22.33442444,138.8744338,0.015121901,0.057160213,0.505038842
481,Sub008 InC-M-L,1.32468339,8.236820983,0.000896899,0.003390246,0.029954502
482,Sub008 InC-P-M,2.919374328,18.15253659,0.001976612,0.007471518,0.06601457
483,Sub008 InC-P-S,11.35606668,70.61150538,0.007688818,0.029063439,0.256789907
484,Sub008 InC-P-L,0.872102084,5.422691035,0.000590472,0.00223196,0.019720474
485,Sub009 InC-P-S,5.155246369,32.05508711,0.003490447,0.013193758,0.116573394
486,Sub009 InC-P-M,0.809341321,5.032447467,0.000547978,0.002071337,0.018301291
487,Sub009 InC-P-L,0.214979428,1.33673229,0.000145555,0.000550194,0.004861238
488,Sub009 InC-M-S,7.921939,49.25825586,0.005363683,0.020274519,0.179135438
489,Sub009 InC-M-M,1.228061713,7.636031797,0.00083148,0.003142963,0.027769637
490,Sub009 InC-M-L,0.326107255,2.027720059,0.000220796,0.000834602,0.007374125
491,Sub010 InC-M-L,1335.961654,8306.948715,0.904535514,3.419109946,30.20953276
492,Sub010 InC-M-M,1811.667868,11264.86828,1.22662048,4.636578906,40.96647507
493,Sub010 InC-M-S,1828.71827,11370.88691,1.238164744,4.680215787,41.35202856
494,Sub010 InC-P-L,852.3004679,5299.565488,0.577064498,2.181281923,19.27270803
495,Sub010 InC-P-S,1187.309776,7382.638109,0.803888237,3.038667055,26.84813106
496,Sub010 InC-P-M,1165.650143,7247.959493,0.789223214,2.983233825,26.35835097
497,Sub011 InC-P-S,14611.6178,90854.37396,9.893043842,37.39533062,330.4062997
498,Sub011 InC-P-M,3141.278865,19532.3289,2.126856173,8.039435694,71.03240311
499,Sub011 InC-P-L,1363.232866,8476.519869,0.922999951,3.488904818,30.82620508
500,Sub011 InC-M-S,22575.6223,140374.1911,15.28520826,57.77750768,510.4929466
501,Sub011 InC-M-M,4968.377321,30893.14387,3.363924195,12.71550591,112.3478035
502,Sub011 InC-M-L,2105.377915,13091.14398,1.425481853,5.388267355,47.60801546
503,Sub012 InC-M-M,2155.834996,13404.88381,1.459644676,5.517401531,48.74897997
504,Sub012 InC-M-S,4584.598388,28506.82395,3.104080154,11.73330529,103.6695737
505,Sub012 InC-M-L,1316.779067,8187.672257,0.891547617,3.370016189,29.77576506
506,Sub012 InC-P-M,1313.061226,8164.554891,0.88903039,3.360501165,29.6916951
507,Sub012 InC-P-L,828.8480512,5153.739429,0.561185641,2.121260447,18.74238851
508,Sub012 InC-P-S,3409.104932,21197.65919,2.308192358,8.724879598,77.08864008
509,Sub013 InC-P-S,9903.749339,61581.06228,6.70550159,25.34654177,223.9492722
510,Sub013 InC-P-M,2315.063002,14394.9563,1.5674527,5.924911774,52.34953516
511,Sub013 InC-P-L,749.1098199,4657.930739,0.507197518,1.917187389,16.93930179
512,Sub013 InC-M-S,14638.11648,91019.14151,9.910985219,37.46314835,331.005503
513,Sub013 InC-M-M,3688.778014,22936.65367,2.497549765,9.440643416,83.41276854
514,Sub013 InC-M-L,1195.221886,7431.835245,0.809245265,3.058916418,27.02704423
515,Sub014 InC-M-S,9580.320364,59569.99565,6.486518512,24.51879404,216.6357103
516,Sub014 InC-M-L,1229.954743,7647.802568,0.832761735,3.147807784,27.81244355
517,Sub014 InC-M-M,2400.453062,14925.9078,1.625267489,6.143449486,54.28042428
518,Sub014 InC-P-L,797.0528584,4956.038368,0.539658166,2.039887408,18.02341733
519,Sub014 InC-P-M,1595.049847,9917.947295,1.079955572,4.082191116,36.06818388
520,Sub014 InC-P-S,5771.174033,35884.89726,3.907471335,14.77009349,130.5011042
521,Sub015 InC-P-S,5073.849886,31548.96748,3.435336185,12.98544053,114.7328098
522,Sub015 InC-P-M,802.3145692,4988.755446,0.543220697,2.053353638,18.14239816
523,Sub015 InC-P-L,212.741459,1322.816702,0.144040216,0.544466554,4.810632142
524,Sub015 InC-M-S,7442.007204,46274.06182,5.038737293,19.04623592,168.2829441
525,Sub015 InC-M-M,1241.329834,7718.532364,0.840463433,3.176919911,28.06966364
526,Sub015 InC-M-L,329.5112329,2048.885837,0.223101173,0.843313975,7.451097382
527,Sub016 InC-M-M,2648.72511,16469.65209,1.793364293,6.778849033,59.89449453
528,Sub016 InC-M-S,9985.142019,62087.15826,6.760609885,25.55484903,225.7897702
529,Sub016 InC-M-L,786.88664,4892.825286,0.532774956,2.013869132,17.79353296
530,Sub016 InC-P-L,517.1697323,3215.737839,0.350158545,1.323586025,11.69453923
531,Sub016 InC-P-S,6255.016391,38893.40701,4.235065015,16.00838518,141.4420256
532,Sub016 InC-P-M,1949.1785,12119.90313,1.319724387,4.988508146,44.07594451
533,Sub017 InC-P-S,1054.874247,6559.160017,0.714220513,2.699726461,23.85342274
534,Sub017 InC-P-M,164.8614988,1025.10129,0.111622276,0.421927971,3.727942963
535,Sub017 InC-P-L,43.6824968,271.6157754,0.029575976,0.111796067,0.987773724
536,Sub017 InC-M-S,3058.821812,19019.6147,2.071027226,7.82840439,69.16783684
537,Sub017 InC-M-M,250.240142,1555.981805,0.169429336,0.640436464,5.658573914
538,Sub017 InC-M-L,66.30149446,412.2596726,0.044890552,0.169684585,1.499247499
539,Sub018 InC-M-L,0.210349102,1.307941133,0.00014242,0.000538344,0.004756535
540,Sub018 InC-M-M,0.805385699,5.007851593,0.0005453,0.002061214,0.018211844
541,Sub018 InC-M-S,5.076669735,31.56650117,0.003437245,0.012992657,0.114796574
542,Sub018 InC-P-L,0.138909784,0.863734711,9.41E-05,0.00035551,0.003141108
543,Sub018 InC-P-S,0.948462777,5.897498345,0.000642173,0.002427389,0.021447185
544,Sub018 InC-P-M,0.522565379,3.249287722,0.000353812,0.001337395,0.011816549
545,Sub019 InC-P-S,1252.690233,7789.170809,0.848155184,3.205994439,28.32655152
546,Sub019 InC-P-M,196.4942862,1221.792521,0.133039792,0.502885368,4.443241733
547,Sub019 InC-P-L,52.12010199,324.0804201,0.0352888,0.133390325,1.178569702
548,Sub019 InC-M-S,1928.016712,11988.3201,1.30539644,4.934349047,43.597422
549,Sub019 InC-M-M,303.9920635,1890.208804,0.205822986,0.778003085,6.874043257
550,Sub019 InC-M-L,80.72422615,501.9395613,0.054655707,0.206596502,1.825382597
551,Sub020 InC-M-S,17739.52777,110303.5757,12.01084838,45.40055147,401.1363976
552,Sub020 InC-P-L,621.2098731,3862.654695,0.420600689,1.589854656,14.04715469
553,Sub020 InC-M-M,3153.856259,19610.53456,2.135371912,8.071624862,71.31681038
554,Sub020 InC-P-S,11675.89737,72600.198,7.905364491,29.88197804,264.0221019
555,Sub020 InC-P-M,2081.276069,12941.2798,1.409163288,5.326583801,47.06301066
556,Sub020 InC-M-L,1076.170327,6691.578075,0.728639386,2.754229253,24.33498195
557,Sub021 InC-M-M,4739.480105,29469.87141,3.20894545,12.12969213,107.1718481
558,Sub021 InC-M-S,23290.96713,144822.1727,15.76954462,59.60828076,526.6687351
559,Sub021 InC-M-L,1705.228927,10603.0358,1.154554188,4.364171057,38.55961656
560,Sub021 InC-P-M,2993.430924,18613.01714,2.026753215,7.661050309,67.6891805
561,Sub021 InC-P-L,1107.338388,6885.379661,0.749742251,2.833997282,25.03977207
562,Sub021 InC-P-S,14721.10327,91535.14963,9.967172838,37.67553542,332.8820481
563,Sub022 InC-P-S,1576.623338,9803.372104,1.067479592,4.035032383,35.65151308
564,Sub022 InC-P-M,358.7673003,2230.798732,0.24290949,0.918188663,8.112652394
565,Sub022 InC-P-L,94.95988604,590.4562461,0.064294203,0.243029648,2.147287521
566,Sub022 InC-M-S,3927.460981,24420.77348,2.659154119,10.05150175,88.81000497
567,Sub022 InC-M-M,544.3237044,3384.580001,0.368543603,1.393080846,12.30856045
568,Sub022 InC-M-L,144.2439397,896.9022471,0.097662808,0.36916171,3.261726868
569,Sub023 InC-M-L,56.81243481,353.2571319,0.038465823,0.145399354,1.284675428
570,Sub023 InC-M-M,213.9436636,1330.291955,0.144854189,0.547543341,4.837817084
571,Sub023 InC-M-S,1355.255615,8426.917682,0.917598817,3.468488738,30.64581888
572,Sub023 InC-P-M,138.2880901,859.8690455,0.093630299,0.353918979,3.127049774
573,Sub023 InC-P-S,880.55489,5475.250197,0.596194634,2.253593112,19.91161326
574,Sub023 InC-P-L,36.68091449,228.0802555,0.024835436,0.093877006,0.829449921
575,Sub024 InC-P-S,8.783192891,54.61349333,0.00594681,0.022478716,0.198610606
576,Sub024 InC-M-S,13.507852,83.99120849,0.00914572,0.034570477,0.305447313
577,Sub025 InC-M-L,1337.359768,8315.642123,0.90548213,3.422688121,30.24114771
578,Sub025 InC-M-M,3439.799563,21388.517,2.328974679,8.803435981,77.78272471
579,Sub025 InC-M-S,17969.03564,111730.6451,12.16624057,45.98792807,406.3261614
580,Sub025 InC-P-M,2247.752295,13976.42138,1.521878843,5.752644323,50.82746676
581,Sub025 InC-P-S,10508.82349,65343.38576,7.11517731,26.89510046,237.6315565
582,Sub025 InC-P-L,954.0717952,5932.374965,0.645970503,2.441744008,21.57401978
583,Sub026 InC-P-S,11805.42936,73405.62206,7.993066329,30.21348766,266.9511539
584,Sub026 InC-P-M,2663.020521,16558.5403,1.803043244,6.8154351,60.21775057
585,Sub026 InC-P-L,1056.76461,6570.914212,0.715500416,2.704564445,23.89616873
586,Sub026 InC-M-S,19828.37259,123291.9176,13.42513622,50.74650588,448.3705573
587,Sub026 InC-M-M,4183.001636,26009.71364,2.832172257,10.70550375,94.58843713
588,Sub026 InC-M-L,1547.61199,9622.980863,1.047836966,3.960784003,34.9954918
589,Sub027 InC-P-L,1078.887151,6708.471163,0.730478858,2.761182386,24.39641634
590,Sub027 InC-M-L,1607.186633,9993.413277,1.088172989,4.11325264,36.34262786
591,Sub027 InC-M-M,4749.80181,29534.0513,3.215933935,12.15610834,107.4052484
592,Sub027 InC-P-M,3057.833191,19013.4675,2.070357863,7.825874225,69.14548157
593,Sub027 InC-P-S,17188.18557,106875.355,11.63755278,43.98950827,388.6691309
594,Sub027 InC-M-S,26786.62166,166557.9934,18.13633685,68.55466565,605.7144843
595,Sub028 InC-M-M,3196.924801,19878.3328,2.164532199,8.181849643,72.29070101
596,Sub028 InC-P-S,12217.33138,75966.81006,8.271951582,31.26766335,276.2653191
597,Sub028 InC-P-M,2076.178807,12909.58526,1.405712101,5.313538444,46.94774846
598,Sub028 InC-P-L,623.1532342,3874.738426,0.421916474,1.594828275,14.09109908
599,Sub028 InC-M-S,18508.34288,115084.033,12.53138769,47.36817035,418.5212867
600,Sub028 InC-M-L,969.5618237,6028.691257,0.656458289,2.481387444,21.9242892
601,Sub029 InC-M-L,44.22288893,274.9759091,0.029941858,0.113179086,0.999993381
602,Sub029 InC-M-M,166.8518312,1037.477087,0.112969864,0.427021804,3.772949504
603,Sub029 InC-M-S,2392.166915,14874.38491,1.619657213,6.122242854,54.09305315
604,Sub029 InC-P-L,29.11458454,181.0331605,0.019712524,0.074512592,0.658355719
605,Sub029 InC-P-M,109.9613291,683.7345358,0.074451184,0.281422654,2.486508773
606,Sub029 InC-P-S,704.3956865,4379.900294,0.476923055,1.802751067,15.92820011
607,Sub030 InC-P-S,176.8835783,1099.854033,0.119762029,0.452695929,3.999793136
608,Sub030 InC-P-M,27.70372417,172.260495,0.018757277,0.070901795,0.626452533
609,Sub030 InC-P-L,7.347421362,45.68593136,0.004974696,0.018804164,0.166144115
610,Sub030 InC-M-S,263.0138029,1635.407846,0.178077959,0.673127935,5.947419275
611,Sub030 InC-M-M,41.37396832,257.2614505,0.028012948,0.105887879,0.935571951
612,Sub030 InC-M-L,10.98337173,68.29410515,0.007436478,0.028109606,0.248362314
613,Sub031 InC-M-L,61.84232502,384.5327601,0.041871396,0.158272289,1.398414197
614,Sub031 InC-M-M,233.1127177,1449.484261,0.157832922,0.596602462,5.271278753
615,Sub031 InC-M-S,2475.308482,15391.35539,1.675949622,6.335026026,55.97309806
616,Sub031 InC-P-L,39.93152251,248.2923881,0.027036315,0.102196246,0.902954537
617,Sub031 InC-P-M,150.6764086,936.8990458,0.10201802,0.385624247,3.407181552
618,Sub031 InC-P-S,884.065504,5497.079036,0.598571555,2.262577783,19.99099729
619,Sub032 InC-P-S,1993.829019,12397.53802,1.349955779,5.102781662,45.08560772
620,Sub032 InC-P-M,544.9283126,3388.339427,0.368952963,1.394628212,12.3222322
621,Sub032 InC-P-L,143.6997904,893.5187514,0.097294382,0.367769076,3.249422251
622,Sub032 InC-M-S,2870.235646,17846.99451,1.943341762,7.345758176,64.90341808
623,Sub032 InC-M-M,823.2228466,5118.762163,0.557377001,2.106863931,18.61518815
624,Sub032 InC-M-L,218.2693011,1357.188572,0.147782935,0.558613891,4.935630884
625,Sub033 InC-M-L,78.64731982,489.0254523,0.053249503,0.201281102,1.778418398
626,Sub033 InC-M-M,296.3975812,1842.986659,0.200681013,0.758566621,6.702312458
627,Sub033 InC-P-L,53.06675232,329.9666488,0.035929745,0.135813075,1.199975903
628,Sub033 InC-P-M,200.1739534,1244.672525,0.135531173,0.512302694,4.526448484
629,Sub033 InC-P-S,1275.899591,7933.485538,0.863869474,3.265393858,28.85137485
630,Sub033 InC-M-S,1881.683492,11700.22225,1.274025747,4.815769018,42.54970861
631,Sub034 InC-P-S,1981.134616,12318.6048,1.341360818,5.070293035,44.79855458
632,Sub034 InC-P-M,169.3826087,1053.213346,0.11468337,0.433498791,3.8301769
633,Sub034 InC-P-L,44.76743513,278.3618725,0.030310552,0.114572737,1.012306973
634,Sub034 InC-M-S,2371.634461,14746.71505,1.605755366,6.069694402,53.62876151
635,Sub034 InC-M-M,256.5370746,1595.135845,0.173692781,0.656552125,5.800963774
636,Sub034 InC-M-L,67.87111549,422.0195047,0.045953291,0.173701697,1.534740672
637,Sub035 InC-P-M,430.1007621,2674.346948,0.291207021,1.100751499,9.725685628
638,Sub035 InC-P-S,2666.12233,16577.82721,1.805143377,6.823373521,60.28789047
639,Sub035 InC-P-L,181.8863282,1130.960904,0.123149226,0.465499404,4.112918191
640,Sub035 InC-M-S,4352.596174,27064.24475,2.946999118,11.13954493,98.42340631
641,Sub035 InC-M-M,884.7005466,5501.027702,0.599001521,2.264203039,20.00535723
642,Sub035 InC-M-L,275.7888198,1714.842319,0.186727501,0.705822876,6.2362953
643,Sub036 InC-M-S,2012.598529,12514.24598,1.362663995,5.150818233,45.51003466
644,Sub036 InC-P-L,84.11374395,523.0154286,0.056950638,0.215271252,1.902028322
645,Sub036 InC-M-M,452.6950205,2814.837018,0.306504847,1.158576702,10.23659999
646,Sub036 InC-P-S,421.4666061,2620.660159,0.285361119,1.078654212,9.530445132
647,Sub036 InC-P-M,310.5030826,1930.694024,0.210231382,0.794666654,7.021274163
648,Sub036 InC-M-L,128.2137969,797.2275494,0.086809327,0.328135966,2.899244066
649,Sub037 InC-M-M,408.8965936,2542.500394,0.276850379,1.046483936,9.246204785
650,Sub037 InC-M-L,183.8366547,1143.087945,0.124469727,0.47049085,4.157020094
651,Sub037 InC-M-S,1769.241082,11001.06046,1.197894705,4.527996565,40.00709621
652,Sub037 InC-P-S,855.1861797,5317.508713,0.579018318,2.18866729,19.33796141
653,Sub037 InC-P-M,286.8832135,1783.826754,0.194239149,0.734216619,6.487168107
654,Sub037 InC-P-L,134.2241521,834.599664,0.09087874,0.343518193,3.035153671
655,Sub038 InC-P-S,1229.255855,7643.456913,0.832288541,3.146019128,27.79663989
656,Sub038 InC-P-M,290.4914679,1806.262716,0.196682179,0.743451179,6.568760029
657,Sub038 InC-P-L,77.01789482,478.8937619,0.052146273,0.197110935,1.741572903
658,Sub038 InC-M-S,1895.799286,11787.99361,1.283583085,4.851895393,42.86890306
659,Sub038 InC-M-M,408.0946939,2537.514218,0.276307439,1.044431644,9.228071767
660,Sub038 InC-M-L,116.9844557,727.4040168,0.079206311,0.299396854,2.645319747
661,Sub040 InC-P-S,3424.150793,21291.21367,2.318379414,8.763386282,77.42886574
662,Sub040 InC-P-M,780.0046789,4850.033565,0.528115407,1.996256215,17.6379141
663,Sub040 InC-P-L,365.1025787,2270.191204,0.247198898,0.934402461,8.25590935
664,Sub040 InC-M-S,5790.272415,36003.65013,3.920402218,14.81897174,130.9329678
665,Sub040 InC-M-M,1206.716009,7503.30518,0.817027556,3.088333183,27.28695595
666,Sub040 InC-M-L,496.2386869,3085.589552,0.335986826,1.270017462,11.2212344
667,Sub041 InC-M-L,0.040019247,0.248837857,2.71E-05,0.000102421,0.000904938
668,Sub041 InC-M-M,0.153462238,0.954221204,0.000103904,0.000392754,0.003470176
669,Sub041 InC-M-S,0.964662304,5.998226264,0.000653141,0.002468848,0.021813498
670,Sub041 InC-P-M,0.098559799,0.612840342,6.67E-05,0.000252243,0.002228691
671,Sub041 InC-P-S,0.335367908,2.085302373,0.000227067,0.000858303,0.007583532
672,Sub041 InC-P-L,0.026062121,0.162053084,1.76E-05,6.67E-05,0.000589332
673,Sub042 InC-P-S,1616.600364,10051.94743,1.094546715,4.137345084,36.55549655
674,Sub042 InC-P-M,247.7491853,1540.493149,0.167742791,0.63406139,5.602246969
675,Sub042 InC-P-L,65.7149049,408.6122854,0.044493392,0.168183334,1.485983199
676,Sub042 InC-M-S,2252.652747,14006.89218,1.525196777,5.765185991,50.93827861
677,Sub042 InC-M-M,383.2894679,2383.276453,0.25951264,0.980947939,8.66716174
678,Sub042 InC-M-L,101.7811105,632.8703092,0.068912628,0.260487123,2.301532969
679,Sub043 InC-P-L,30.03170001,186.7357428,0.020333472,0.076859754,0.679094061
680,Sub043 InC-M-L,45.61591594,283.6376875,0.03088503,0.116744243,1.031493309
681,Sub043 InC-M-M,172.4861311,1072.510907,0.116784663,0.441441597,3.900355532
682,Sub043 InC-P-M,113.2631419,704.2650575,0.076686733,0.289872942,2.561171262
683,Sub043 InC-P-S,654.8646181,4071.918367,0.443387205,1.675986823,14.80817512
684,Sub043 InC-M-S,983.2902776,6114.054158,0.665753372,2.516522504,22.2347249
685,Sub044 InC-M-M,107.506866,668.4727959,0.072789348,0.275140977,2.431007043
686,Sub044 InC-P-S,1256.235455,7811.214841,0.850555538,3.215067683,28.40671813
687,Sub044 InC-P-M,70.85087589,440.5475191,0.047970788,0.18132776,1.602120726
688,Sub044 InC-P-L,18.77300247,116.7296743,0.01271058,0.04804551,0.424505921
689,Sub044 InC-M-S,602.9333342,3749.012009,0.408226248,1.543079738,13.63387508
690,Sub044 InC-M-L,28.51479194,177.3036774,0.019306424,0.07297755,0.644792864
691,Sub045 InC-M-M,126.1327035,784.287405,0.085400288,0.32280985,2.852185185
692,Sub045 InC-M-L,108.4624661,674.4146738,0.073436354,0.277586632,2.452615621
693,Sub045 InC-M-S,1462.309959,9092.576719,0.990081778,3.742471582,33.06659324
694,Sub045 InC-P-S,406.8263946,2529.627991,0.275448716,1.041185702,9.199392256
695,Sub045 InC-P-M,276.1222958,1716.915858,0.186953287,0.706676337,6.243836053
696,Sub045 InC-P-L,71.23822251,442.9560227,0.048233048,0.182319092,1.610879631
697,Sub046 InC-P-S,981.7004155,6104.168468,0.664676929,2.51245359,22.19877402
698,Sub046 InC-P-M,154.0493433,957.8717996,0.104301723,0.394256557,3.483452289
699,Sub046 InC-P-L,40.85857334,254.0567479,0.027663991,0.104568836,0.923917543
700,Sub046 InC-M-S,1482.388184,9217.422209,1.003676081,3.793857532,33.52061361
701,Sub046 InC-M-M,233.7495794,1453.444238,0.15826412,0.598232374,5.285679835
702,Sub046 InC-M-L,62.06113439,385.8933068,0.042019544,0.158832285,1.40336204
703,Sub047 InC-M-L,1122.045495,6976.827779,0.759699947,2.871636996,25.37233762
704,Sub047 InC-M-M,3090.318143,19215.45745,2.092352352,7.909012558,69.88004999
705,Sub047 InC-M-S,13344.15303,82973.33571,9.034885302,34.15152388,301.7456577
706,Sub047 InC-P-M,2060.755191,12813.68191,1.39526928,5.274064976,46.59898078
707,Sub047 InC-P-S,9098.483109,56573.95354,6.16028242,23.28563398,205.7401293
708,Sub047 InC-P-L,807.3982439,5020.365505,0.546662685,2.066364223,18.25735314
709,Sub048 InC-P-S,939.0419219,5838.919898,0.635794272,2.403278241,21.23415564
710,Sub048 InC-P-M,147.464874,916.9298695,0.099843596,0.377405007,3.334560484
711,Sub048 InC-P-L,39.11505049,243.2156023,0.026483509,0.100106659,0.884492003
712,Sub048 InC-M-S,1442.198614,8967.525289,0.97646505,3.691000867,32.61182395
713,Sub048 InC-M-M,228.1409447,1418.570003,0.154466699,0.583878265,5.158854164
714,Sub048 InC-M-L,60.58250589,376.6992621,0.041018414,0.155048049,1.369926442
715,Sub049 InC-M-M,261.2419292,1624.390416,0.176878282,0.668593201,5.907352649
716,Sub049 InC-M-L,69.36034083,431.27944,0.046961596,0.177513052,1.568415891
717,Sub049 InC-M-S,1460.752589,9082.89306,0.989027334,3.738485823,33.03137709
718,Sub049 InC-P-S,1062.149832,6604.399274,0.719146572,2.718346775,24.01794246
719,Sub049 InC-P-M,168.8605593,1049.967266,0.114329908,0.432162717,3.818372018
720,Sub049 InC-P-L,44.78245723,278.4552793,0.030320723,0.114611182,1.012646661
721,Sub050 InC-P-S,917.5310605,5705.166341,0.621229978,2.348225763,20.74773968
722,Sub050 InC-P-M,41.35741822,257.1585427,0.028001742,0.105845523,0.935197711
723,Sub050 InC-P-L,10.96726481,68.19395306,0.007425573,0.028068384,0.247998095
724,Sub050 InC-M-S,1561.112884,9706.928802,1.056977975,3.99533667,35.30078176
725,Sub050 InC-M-M,63.98350689,397.8465315,0.043321119,0.163752189,1.446831832
726,Sub050 InC-M-L,16.98641097,105.6207297,0.011500938,0.043473109,0.384106488
727,Sub051 InC-M-L,34.43993586,214.1459525,0.023318143,0.088141697,0.778775624
728,Sub051 InC-M-M,129.7159806,806.5680588,0.087826406,0.331980486,2.933212306
729,Sub051 InC-M-S,822.4928756,5114.223237,0.556882762,2.104995725,18.59868162
730,Sub051 InC-P-S,544.5299392,3385.862359,0.368683238,1.39360866,12.31322395
731,Sub051 InC-P-M,85.51887595,531.7524753,0.057902006,0.218867389,1.933801974
732,Sub051 InC-P-L,22.68220823,141.0369376,0.015357374,0.058050292,0.512903129
733,Sub052 InC-M-M,214.158868,1331.630086,0.144999897,0.548094111,4.842683408
734,Sub052 InC-M-L,56.86957965,353.6124559,0.038504514,0.145545604,1.28596762
735,Sub052 InC-M-S,909.2572167,5653.719958,0.615628032,2.327050618,20.56064677
736,Sub052 InC-P-L,36.71780496,228.3096388,0.024860413,0.093971419,0.830284109
737,Sub052 InC-P-M,138.4271917,860.733973,0.09372448,0.35427498,3.13019522
738,Sub052 InC-P-S,881.5944643,5481.714223,0.596898496,2.256253682,19.93512072
739,Sub053 InC-P-S,4670.903281,29043.46385,3.162514347,11.95418432,105.6211496
740,Sub053 InC-P-M,1430.405312,8894.195076,0.968480195,3.660818417,32.34514703
741,Sub053 InC-P-L,399.5850739,2484.601789,0.270545857,1.02265308,9.035647349
742,Sub053 InC-M-S,7398.582484,46004.04888,5.009335849,18.93509958,167.3009994
743,Sub053 InC-M-M,1621.450657,10082.10633,1.097830689,4.149758378,36.66517417
744,Sub053 InC-M-L,596.8647626,3711.277907,0.404117418,1.527548519,13.49664906
745,Sub054 InC-P-S,950.1141761,5907.76667,0.643290929,2.431615323,21.48452782
746,Sub054 InC-P-M,149.2196485,927.8409776,0.101031696,0.381895979,3.374240455
747,Sub054 InC-P-L,39.5805041,246.1097716,0.026798652,0.101297889,0.895017107
748,Sub054 InC-M-M,230.8557314,1435.450423,0.156304791,0.590826185,5.220242481
749,Sub054 InC-M-L,61.30341459,381.1818396,0.041506517,0.156893062,1.386228044
750,Sub055 InC-M-M,1840.468655,11443.95027,1.246120542,4.710288401,41.61773502
751,Sub055 InC-M-S,10605.19235,65942.60299,7.180425488,27.14173609,239.8107047
752,Sub055 InC-M-L,492.7507416,3063.901667,0.333625253,1.261090808,11.14236297
753,Sub055 InC-P-M,1140.365658,7090.741719,0.772103925,2.91852356,25.78660368
754,Sub055 InC-P-S,6323.252243,39317.69443,4.281265258,16.18302035,142.985014
755,Sub055 InC-P-L,388.1245471,2413.340755,0.262786312,0.993322297,8.776495329
756,Sub056 InC-P-S,873.1641287,5429.294781,0.591190594,2.23467803,19.74448912
757,Sub056 InC-P-M,137.1154336,852.5775205,0.092836332,0.350917814,3.10053299
758,Sub056 InC-P-L,36.36917448,226.1418703,0.024624367,0.093079173,0.822400676
759,Sub056 InC-M-S,1337.32006,8315.395218,0.905455245,3.422586496,30.24024981
760,Sub056 InC-M-M,211.0686875,1312.415485,0.142907637,0.540185451,4.772806472
761,Sub056 InC-M-L,56.04646642,348.4943753,0.037947211,0.14343902,1.267354911
762,Sub057 InC-M-L,55.88671355,347.5010393,0.037839048,0.143030167,1.263742487
763,Sub057 InC-M-M,210.4559631,1308.605592,0.142492782,0.538617313,4.758951195
764,Sub057 InC-M-S,1333.07462,8288.997264,0.902580798,3.411721194,30.14424947
765,Sub057 InC-P-L,36.08266313,224.3603558,0.02443038,0.092345908,0.815921917
766,Sub057 InC-P-S,866.1800358,5385.868009,0.586461895,2.216803728,19.5865608
767,Sub057 InC-P-M,136.034775,845.8580346,0.092104653,0.348152098,3.076096517
768,Sub058 InC-P-S,5953.458112,37018.33137,4.030889865,15.23661086,134.6230165
769,Sub058 InC-P-M,1542.607851,9591.865355,1.044448829,3.947976972,34.88233533
770,Sub058 InC-P-L,458.185992,2848.979628,0.310222603,1.172629676,10.36076499
771,Sub058 InC-M-S,8715.9303,54195.2576,5.901268548,22.30657136,197.0896253
772,Sub058 InC-M-M,1792.015037,11142.66788,1.213314197,4.586281663,40.52207397
773,Sub058 InC-M-L,690.8857045,4295.895841,0.467775893,1.768175139,15.62270463
774,Sub059 InC-M-M,278.9562605,1734.537322,0.188872071,0.713929267,6.30791929
775,Sub059 InC-M-S,373.8285275,2324.448757,0.25310695,0.956734673,8.45322552
776,Sub059 InC-M-L,73.7200244,458.3877539,0.049913394,0.188670736,1.666999562
777,Sub059 InC-P-M,183.8421648,1143.122207,0.124473458,0.470504952,4.157144691
778,Sub059 InC-P-L,48.53432451,301.7842191,0.032860988,0.124213289,1.097486041
779,Sub059 InC-P-S,951.1425781,5914.161227,0.643987227,2.434247299,21.50778264
780,Sub060 InC-P-S,959.3055454,5964.918186,0.649514102,2.455138679,21.69236835
781,Sub060 InC-P-M,29.20399614,181.5891178,0.019773061,0.074741422,0.660377545
782,Sub060 InC-P-L,7.743102575,48.14625912,0.005242599,0.019816826,0.175091486
783,Sub060 InC-M-S,334.7346641,2081.364895,0.226637786,0.856682238,7.569212611
784,Sub060 InC-M-M,44.31321337,275.5375423,0.030003013,0.113410253,1.002035849
785,Sub060 InC-M-L,11.76119376,73.1305671,0.007963116,0.030100276,0.265950873
786,Sub061 InC-M-S,6178.267485,38416.1858,4.183100866,15.81196267,139.7065353
787,Sub061 InC-M-L,561.6099687,3492.065205,0.380247562,1.437321366,12.69944739
788,Sub061 InC-M-M,1507.718079,9374.922341,1.020826116,3.858684015,34.09338776
789,Sub061 InC-P-L,377.7243914,2348.67306,0.25574471,0.966705309,8.541321031
790,Sub061 InC-P-M,968.664698,6023.11297,0.655850875,2.479091441,21.90400288
791,Sub061 InC-P-S,3843.615035,23899.42321,2.602384798,9.836915867,86.91403225
792,Sub062 InC-P-S,2335.372042,14521.23698,1.58120328,5.976888447,52.80877485
793,Sub062 InC-P-M,308.6737598,1919.319379,0.208992808,0.789984891,6.979908464
794,Sub062 InC-P-L,81.59964884,507.3828997,0.055248427,0.20883696,1.845178158
795,Sub062 InC-M-S,3057.121033,19009.03934,2.069875685,7.824051609,69.12937786
796,Sub062 InC-M-M,457.0478446,2841.90268,0.309452001,1.16971683,10.33502855
797,Sub062 InC-M-L,120.9727805,752.2032388,0.081906674,0.309604123,2.73550604
798,Sub063 InC-M-M,729.428665,4535.554214,0.493872058,1.866817656,16.49426021
799,Sub063 InC-M-S,3615.378639,22480.2597,2.447853473,9.252793315,81.7530197
800,Sub063 InC-M-L,193.6084883,1203.848762,0.131085913,0.495499782,4.377986413
801,Sub063 InC-P-L,126.5047237,786.6006099,0.08565217,0.323761957,2.86059752
802,Sub063 InC-P-S,2387.140887,14843.13331,1.616254256,6.109379805,53.97940174
803,Sub063 InC-P-M,477.1194882,2966.707245,0.323041848,1.221085936,10.78890009
804,Sub064 InC-P-S,595.5030895,3702.811086,0.403195474,1.524063606,13.46585812
805,Sub064 InC-P-M,320.8187613,1994.836445,0.217215788,0.821067442,7.254538219
806,Sub064 InC-P-L,85.06290127,528.9172456,0.057593281,0.217700419,1.923491213
807,Sub064 InC-M-S,1702.855938,10588.28066,1.152947516,4.358097895,38.50595717
808,Sub064 InC-M-M,502.7422644,3126.028501,0.340390183,1.286661987,11.36829703
809,Sub064 InC-M-L,130.6286972,812.2432894,0.088444377,0.33431639,2.95385118
810,Sub065 InC-M-L,222.7833465,1385.256701,0.150839246,0.570166631,5.037705074
811,Sub065 InC-M-M,675.3939165,4199.568609,0.457286915,1.7285272,15.27239542
812,Sub065 InC-M-S,3019.386865,18774.41,2.044327126,7.727479025,68.27611116
813,Sub065 InC-P-L,144.0131444,895.4671724,0.097506544,0.368571039,3.256507992
814,Sub065 InC-P-S,1856.419342,11543.13091,1.256920225,4.751110793,41.97842111
815,Sub065 InC-P-M,471.0708336,2929.096987,0.318946504,1.20560569,10.65212443
816,Sub066 InC-P-S,1846.245119,11479.86806,1.250031595,4.725072033,41.74835575
817,Sub066 InC-P-M,632.6690505,3933.907339,0.428359319,1.619181985,14.30627619
818,Sub066 InC-P-L,269.8742528,1678.065811,0.182722944,0.690685799,6.102551713
819,Sub066 InC-M-S,4232.98637,26320.51644,2.86601527,10.83342905,95.71872067
820,Sub066 InC-M-M,953.2342486,5927.167139,0.645403428,2.439600485,21.55508069
821,Sub066 InC-M-L,448.9140087,2791.326858,0.303944849,1.148900005,10.15110157
822,Sub067 InC-M-M,299.64342,1863.169137,0.202878663,0.766873655,6.77570923
823,Sub067 InC-M-S,787.9072962,4899.171679,0.533466008,2.016481285,17.81661262
824,Sub067 InC-M-L,79.52397947,494.4764821,0.05384306,0.203524726,1.798241929
825,Sub067 InC-P-M,196.371986,1221.032065,0.132956986,0.502572367,4.440476211
826,Sub067 InC-P-L,52.06131669,323.7148958,0.035248998,0.133239876,1.177240415
827,Sub067 InC-P-S,1251.385943,7781.060793,0.847272093,3.202656386,28.29705816
828,Sub068 InC-P-S,3466.194446,21552.63918,2.346845782,8.870988076,78.37958098
829,Sub068 InC-P-M,965.0384647,6000.565217,0.653395672,2.469810868,21.82200441
830,Sub068 InC-P-L,322.6852325,2006.442078,0.218479514,0.825844278,7.296743939
831,Sub068 InC-M-S,5679.032725,35311.96681,3.845085499,14.5342774,128.417552
832,Sub068 InC-M-M,1460.743202,9082.834696,0.989020979,3.7384618,33.03116484
833,Sub068 InC-M-L,524.382054,3260.583726,0.35504177,1.34204443,11.85762839
834,Sub069 InC-M-L,92.49979377,575.1595044,0.062628555,0.236733565,2.0916585
835,Sub069 InC-M-M,348.4696138,2166.768186,0.235937267,0.891833922,7.879795186
836,Sub069 InC-M-S,1118.36217,6953.925031,0.757206089,2.862210308,25.28904815
837,Sub069 InC-P-M,235.3634664,1463.479313,0.15935683,0.602362775,5.322173974
838,Sub069 InC-P-S,1510.160457,9390.108936,1.02247977,3.864934763,34.14861621
839,Sub069 InC-P-L,62.41960763,388.1222771,0.042262255,0.159749721,1.411468043
840,Sub070 InC-P-S,2714.218639,16876.88787,1.837707799,6.946465803,61.37547184
841,Sub070 InC-P-M,728.7503553,4531.336515,0.493412797,1.865081666,16.47892188
842,Sub070 InC-P-L,183.2007323,1139.133809,0.124039165,0.468863342,4.142640252
843,Sub070 InC-M-S,4331.22333,26931.34938,2.932528271,11.08484567,97.94011126
844,Sub070 InC-M-M,1049.896421,6528.208124,0.710850192,2.686986774,23.74086129
845,Sub070 InC-M-L,275.596734,1713.647939,0.186597447,0.705331273,6.231951746
846,Sub071 InC-M-M,198.1153898,1231.87247,0.134137387,0.507034238,4.47989906
847,Sub071 InC-M-L,52.59693959,327.0453746,0.035611651,0.134610689,1.189352228
848,Sub071 InC-M-S,1253.538363,7794.444444,0.848729425,3.208165048,28.34572993
849,Sub071 InC-P-L,34.87092001,216.8257923,0.023609948,0.089244709,0.788521285
850,Sub071 InC-P-M,131.4775683,817.5215311,0.089019119,0.336488896,2.97304634
851,Sub071 InC-P-S,837.5768378,5208.014626,0.567095614,2.143599921,18.93976885
852,Sub072 InC-P-S,825.6520744,5133.866991,0.559021751,2.113081023,18.67011924
853,Sub072 InC-P-M,129.5650187,805.6293848,0.087724195,0.331594131,2.92979867
854,Sub072 InC-P-L,34.36240436,213.6638651,0.023265649,0.087943272,0.777022437
855,Sub072 InC-M-S,1226.83551,7628.407322,0.830649806,3.139824771,27.74190968
856,Sub072 InC-M-M,193.3759269,1202.402705,0.130928454,0.49490459,4.3727276
857,Sub072 InC-M-L,51.33442164,319.1950955,0.034756841,0.131379543,1.160803446
858,Sub073 InC-M-L,0.030957038,0.19248945,2.10E-05,7.92E-05,0.000700018
859,Sub073 InC-M-M,0.116419629,0.723891948,7.88E-05,0.000297951,0.002632548
860,Sub073 InC-M-S,0.738365036,4.59112016,0.000499923,0.001889688,0.016696335
861,Sub073 InC-P-M,0.076069644,0.47299758,5.15E-05,0.000194684,0.001720131
862,Sub073 InC-P-S,0.271204817,1.686339197,0.000183624,0.000694091,0.006132639
863,Sub073 InC-P-L,0.020108845,0.125035882,1.36E-05,5.15E-05,0.000454713
864,Sub074 InC-P-S,4363.019415,27129.05599,2.95405635,11.166221,98.65910263
865,Sub074 InC-P-M,784.5939803,4878.569632,0.531222672,2.008001557,17.74169002
866,Sub074 InC-P-L,208.0900318,1293.894339,0.140890888,0.532562215,4.705451397
867,Sub074 InC-M-S,6419.798592,39918.01523,4.346633602,16.43011021,145.1681755
868,Sub074 InC-M-M,1130.728349,7030.817368,0.765578821,2.893858915,25.5686793
869,Sub074 InC-M-L,300.1844669,1866.533342,0.203244988,0.76825835,6.787943695
870,Sub075 InC-M-S,4624.150528,28752.75736,3.130859602,11.83453059,104.5639494
871,Sub075 InC-M-M,960.9998281,5975.453158,0.650661245,2.459474836,21.73068044
872,Sub075 InC-M-L,255.1622779,1586.587421,0.172761951,0.653033625,5.76987608
873,Sub075 InC-P-L,172.128703,1070.288435,0.11654266,0.440526836,3.892273163
874,Sub075 InC-P-S,3812.430913,23705.52176,2.581271059,9.757106733,86.20887896
875,Sub075 InC-P-M,649.0388476,4035.693991,0.439442768,1.661077002,14.67643945
876,Sub076 InC-P-S,3707.806709,23054.97323,2.510433466,9.489343318,83.84305634
877,Sub076 InC-P-M,886.0438969,5509.380592,0.599911059,2.267641059,20.03573384
878,Sub076 InC-P-L,226.5928084,1408.943762,0.153418507,0.579916139,5.123846816
879,Sub076 InC-M-S,4901.848279,30479.46932,3.318879578,12.54523897,110.8434106
880,Sub076 InC-M-M,1197.777938,7447.728663,0.810975883,3.065458091,27.08484316
881,Sub076 InC-M-L,342.8423387,2131.778046,0.232127225,0.877432108,7.752548009
882,Sub078 InC-P-S,852.1132241,5298.401214,0.576937722,2.180802713,19.26847397
883,Sub078 InC-P-M,133.7160333,831.4402046,0.09053471,0.342217771,3.023663798
884,Sub078 InC-P-L,35.46212666,220.5018883,0.024010235,0.090757777,0.80188999
885,Sub078 InC-M-S,1700.353848,10572.72278,1.151253434,4.351694329,38.44937849
886,Sub078 InC-M-M,197.8902964,1230.47285,0.133984984,0.50645816,4.474809119
887,Sub078 InC-M-L,52.52895317,326.6226382,0.035565619,0.134436693,1.18781488
888,Sub079 InC-M-S,2492.345681,15497.29192,1.687484947,6.378629117,56.35835299
889,Sub079 InC-M-L,108.0917953,672.1098594,0.073185385,0.276637979,2.444233799
890,Sub079 InC-M-M,534.7210827,3324.871336,0.362041985,1.368504977,12.09142045
891,Sub079 InC-P-L,71.42159004,444.0961937,0.0483572,0.182788382,1.615026043
892,Sub079 InC-P-S,1581.776104,9835.411767,1.070968359,4.048219792,35.76803038
893,Sub079 InC-P-M,257.6053372,1601.778253,0.174416066,0.659286116,5.825119941
894,Sub080 InC-P-S,1163.339888,7233.594433,0.787659017,2.977321219,26.30611016
895,Sub080 InC-P-M,411.6500237,2559.621097,0.278714636,1.053530755,9.308466927
896,Sub080 InC-P-L,109.1806098,678.8800588,0.073922585,0.279424569,2.4688547
897,Sub080 InC-M-S,1820.329078,11318.72329,1.232484699,4.658745433,41.16232733
898,Sub080 InC-M-M,427.3777731,2657.415526,0.289363375,1.093782587,9.664111837
899,Sub080 InC-M-L,113.4663273,705.5284546,0.076824303,0.290392952,2.565765806
900,Sub081 InC-M-L,204.0783701,1268.95001,0.138174724,0.522295219,4.614737398
901,Sub081 InC-M-M,797.1780624,4956.816881,0.539742938,2.040207841,18.02624852
902,Sub081 InC-M-S,2868.462536,17835.96939,1.942141247,7.341220277,64.86332348
903,Sub081 InC-P-L,134.7346919,837.7741769,0.09122441,0.344824811,3.04669829
904,Sub081 InC-P-S,2886.24236,17946.52353,1.954179379,7.386723958,65.26537108
905,Sub081 InC-P-M,507.1246631,3153.278056,0.343357361,1.297877805,11.46739435
906,Sub082 InC-P-S,1616.824921,10053.34372,1.094698756,4.137919791,36.56057438
907,Sub082 InC-P-M,288.1862534,1791.928997,0.195121394,0.737551473,6.516633195
908,Sub082 InC-P-L,76.43471186,475.2675568,0.051751419,0.195618402,1.728385635
909,Sub082 InC-M-S,2473.645652,15381.01599,1.674823775,6.330770368,55.9354972
910,Sub082 InC-M-M,444.8275077,2765.917181,0.301178014,1.138441475,10.05869527
911,Sub082 InC-M-L,115.6788095,719.2855686,0.078322301,0.29605533,2.615795727
912,Sub083 InC-M-M,557.6168548,3467.236204,0.377543956,1.42710184,12.60915281
913,Sub083 InC-M-L,161.8764598,1006.540454,0.109601205,0.414288398,3.660443546
914,Sub083 InC-M-S,1777.042759,11049.57093,1.203176962,4.547963297,40.1835122
915,Sub083 InC-P-M,417.2417246,2594.390038,0.282500592,1.067841525,9.434909682
916,Sub083 InC-P-S,637.7336087,3965.39853,0.431788364,1.632143645,14.42079889
917,Sub083 InC-P-L,109.2843225,679.5249396,0.073992805,0.279689999,2.471199911
918,Sub084 InC-P-S,406.6498998,2528.530555,0.275329217,1.040734001,9.195401254
919,Sub084 InC-P-M,106.7173557,663.5636569,0.072254797,0.273120393,2.413154182
920,Sub084 InC-P-L,28.27703131,175.8252927,0.019145444,0.072369052,0.639416484
921,Sub084 InC-M-S,1809.164389,11249.30177,1.224925457,4.630171785,40.90986498
922,Sub084 InC-M-M,160.5029397,997.9999683,0.10867124,0.410773165,3.62938472
923,Sub084 InC-M-L,42.5394148,264.5081436,0.028802033,0.108870592,0.961925697
924,Sub085 InC-M-L,0.434589182,2.702255738,0.000294246,0.001112239,0.00982718
925,Sub085 InC-M-M,1.636363872,10.17483602,0.001107928,0.004187926,0.0370024
926,Sub085 InC-M-S,10.41407313,64.7542324,0.007051025,0.026652607,0.235489007
927,Sub085 InC-P-L,0.287080221,1.785051736,0.000194373,0.000734721,0.006491623
928,Sub085 InC-P-M,1.082312276,6.729768434,0.000732798,0.002769948,0.024473867
929,Sub085 InC-P-S,6.920095177,43.02883661,0.004685368,0.017710513,0.156481169
930,Sub086 InC-P-S,46.05067049,286.3409715,0.031179388,0.117856905,1.041324228
931,Sub086 InC-P-M,2.588100951,16.09269383,0.001752318,0.006623694,0.058523626
932,Sub086 InC-P-L,0.469647366,2.920245927,0.000317983,0.001201963,0.010619936
933,Sub086 InC-M-S,65.89792847,409.7503176,0.044617311,0.168651744,1.490121833
934,Sub086 InC-M-M,7.587179649,47.17673747,0.005137029,0.019417774,0.171565667
935,Sub086 InC-M-L,0.727166261,4.52148669,0.00049234,0.001861028,0.016443101
936,Sub087 InC-M-L,141.978632,882.8166671,0.096129043,0.363364137,3.210502429
937,Sub087 InC-M-M,513.3419144,3191.936642,0.347566856,1.313789539,11.60798241
938,Sub087 InC-M-S,2411.351269,14993.67235,1.632646305,6.171341131,54.52686079
939,Sub087 InC-P-L,93.8122994,583.3206046,0.06351721,0.240092644,2.121337632
940,Sub087 InC-P-M,346.2561327,2153.004861,0.234438592,0.886168988,7.829742679
941,Sub087 InC-P-S,1437.047495,8935.495868,0.972977398,3.677817673,32.49534389
942,Sub088 InC-P-S,1789.276371,11125.63898,1.211459937,4.579272629,40.46014568
943,Sub088 InC-P-M,260.873342,1622.098558,0.176628724,0.66764988,5.899017944
944,Sub088 InC-P-L,68.8064546,427.8354006,0.046586578,0.176095498,1.555891097
945,Sub088 InC-M-S,2792.568196,17364.06184,1.890755696,7.146984843,63.14715705
946,Sub088 InC-M-M,385.3114586,2395.849099,0.260881663,0.986122795,8.712884155
947,Sub088 InC-M-L,101.9208736,633.7393497,0.069007257,0.260844817,2.304693372
948,Sub089 InC-M-L,1.587077358,9.868374722,0.001074558,0.004061787,0.035887905
949,Sub089 InC-M-M,6.531207314,40.61074959,0.004422065,0.016715237,0.147687414
950,Sub089 InC-M-S,50.84915023,316.1777,0.03442828,0.130137594,1.14983021
951,Sub089 InC-P-M,4.236841024,26.3444845,0.002868625,0.010843294,0.095805884
952,Sub089 InC-P-S,34.74705217,216.0555877,0.023526081,0.088927696,0.785720314
953,Sub089 InC-P-L,1.049569255,6.526173824,0.000710629,0.002686149,0.023733463
954,Sub090 InC-P-S,2768.928555,17217.07164,1.874750076,7.086484207,62.61260391
955,Sub090 InC-P-M,649.6357032,4039.405212,0.439846879,1.662604527,14.68993589
956,Sub090 InC-P-L,175.0961005,1088.739577,0.118551787,0.448121259,3.959373659
957,Sub090 InC-M-S,4379.980102,27234.51677,2.965539871,11.20962827,99.04262742
958,Sub090 InC-M-M,683.3501662,4249.040208,0.462673829,1.74888953,15.45230671
959,Sub090 InC-M-L,264.9962108,1647.734369,0.179420182,0.678201487,5.992246624
960,Sub091 InC-M-M,7.206527152,44.80985758,0.004879302,0.018443575,0.162958134
961,Sub091 InC-M-L,1.787782152,11.11634799,0.001210448,0.004575448,0.040426358
962,Sub091 InC-M-S,56.64701972,352.2285884,0.038353826,0.144976009,1.280934967
963,Sub091 InC-P-L,1.182823427,7.354742193,0.000800851,0.003027185,0.026746683
964,Sub091 InC-P-M,4.527923169,28.15442002,0.003065707,0.011588257,0.102388001
965,Sub091 InC-P-S,37.76631586,234.8292318,0.025570325,0.09665486,0.85399364
966,Sub092 InC-P-S,462.7991132,2877.663806,0.313345995,1.18443598,10.46507954
967,Sub092 InC-P-M,75.87581826,471.7923819,0.051373011,0.194188032,1.715747612
968,Sub092 InC-P-L,20.12211414,125.1183892,0.013624019,0.051498275,0.45501281
969,Sub092 InC-M-S,470.3048983,2924.334436,0.318427914,1.203645442,10.63480466
970,Sub092 InC-M-M,112.2908528,698.2194081,0.076028428,0.287384575,2.539185302
971,Sub092 InC-M-L,29.80626928,185.3340247,0.020180841,0.076282812,0.673996492
972,Sub093 InC-M-L,0.068793417,0.427754333,4.66E-05,0.000176062,0.001555596
973,Sub093 InC-M-M,0.258636789,1.608191771,0.000175114,0.000661926,0.005848444
974,Sub093 InC-M-S,1.378897895,8.573924302,0.000933606,0.003528996,0.031180432
975,Sub093 InC-P-L,0.050404407,0.313412309,3.41E-05,0.000128999,0.001139773
976,Sub093 InC-P-M,0.181244195,1.126968146,0.000122714,0.000463856,0.004098398
977,Sub093 InC-P-S,0.14089421,0.876073778,9.54E-05,0.000360589,0.003185981
978,Sub094 InC-P-S,5.068328533,31.51463596,0.003431598,0.01297131,0.114607958
979,Sub094 InC-P-M,0.79564217,4.947266772,0.000538703,0.002036277,0.017991518
980,Sub094 InC-P-L,0.211010577,1.312054156,0.000142868,0.000540037,0.004771492
981,Sub094 InC-M-S,7.617700113,47.36651233,0.005157693,0.019495885,0.172255813
982,Sub094 InC-M-M,1.202938887,7.479819205,0.00081447,0.003078666,0.027201545
983,Sub094 InC-M-L,0.319492504,1.986589835,0.000216318,0.000817673,0.007224548
984,Sub096 InC-P-S,4.291425954,26.68389111,0.002905583,0.010982993,0.09704019
985,Sub096 InC-P-M,0.012501881,0.077736124,8.46E-06,3.20E-05,0.0002827
986,Sub096 InC-M-S,6.324562474,39.32584138,0.004282152,0.016186374,0.143014642
987,Sub096 InC-M-M,0.018521305,0.115164628,1.25E-05,4.74E-05,0.000418814
988,Sub097 InC-P-L,72.66382055,451.8203264,0.049198273,0.185967607,1.643116073
989,Sub097 InC-M-L,109.9718201,683.7997684,0.074458287,0.281449503,2.486746002
990,Sub097 InC-M-M,233.0732938,1449.239125,0.15780623,0.596501565,5.270387277
991,Sub097 InC-P-M,274.14768,1704.637787,0.18561634,0.701622727,6.199184905
992,Sub097 InC-P-S,1400.473819,8708.082415,0.94821457,3.584215122,31.6683189
993,Sub097 InC-M-S,1021.59002,6352.200214,0.691684863,2.614542557,23.10078069
994,Sub099 InC-M-M,604.5346134,3758.96869,0.409310421,1.547177872,13.67008413
995,Sub099 InC-M-L,163.950363,1019.43589,0.111005376,0.419596113,3.707339838
996,Sub099 InC-M-S,3585.525452,22294.63394,2.427640865,9.176390425,81.07796226
997,Sub099 InC-P-L,108.3306473,673.5950307,0.073347103,0.27724927,2.449634859
998,Sub099 InC-P-M,407.8554251,2536.026456,0.276145438,1.043819286,9.222661284
999,Sub099 InC-P-S,2309.497733,14360.35171,1.56368464,5.910668652,52.22369011
1000,Sub100 InC-P-S,1388.549102,8633.935068,0.940140738,3.553696342,31.39867035
1001,Sub100 InC-P-M,113.2679376,704.2948769,0.07668998,0.289885216,2.561279705
1002,Sub100 InC-P-L,30.01032113,186.6028099,0.020318997,0.076805039,0.67861063
1003,Sub100 InC-M-S,2163.776468,13454.26352,1.465021584,5.537726041,48.92855711
1004,Sub100 InC-M-M,167.6285486,1042.30668,0.113495754,0.429009647,3.790513084
1005,Sub100 InC-M-L,44.45336672,276.4090095,0.030097906,0.113768945,1.005205078
1006,Sub101 InC-P-S,541.0539401,3364.248755,0.366329754,1.384712579,12.23462266
1007,Sub101 InC-P-M,257.9923795,1604.184865,0.17467812,0.660276669,5.833871965
1008,Sub101 InC-P-L,68.42649004,425.4727983,0.046329317,0.17512306,1.54729912
1009,Sub101 InC-M-S,776.4096474,4827.679822,0.52568133,1.987055496,17.55662118
1010,Sub101 InC-M-M,389.2624299,2420.416058,0.263556735,0.996234466,8.802225789
1011,Sub101 InC-M-L,103.5589044,643.9245506,0.070116314,0.265037008,2.341733466
1012,Sub102 InC-M-L,51.57907484,320.716338,0.034922488,0.132005681,1.166335685
1013,Sub102 InC-M-M,194.2756985,1207.997444,0.131537659,0.497207364,4.393073752
1014,Sub102 InC-M-S,67.50033882,419.7140322,0.04570225,0.172752773,1.526356457
1015,Sub102 InC-P-M,128.4969943,798.9884576,0.087001071,0.32886075,2.905647888
1016,Sub102 InC-P-S,819.0271824,5092.673714,0.554536255,2.09612602,18.52031338
1017,Sub102 InC-P-L,34.08084746,211.9131571,0.023075016,0.087222686,0.77065571
1018,Sub103 InC-P-S,6.016592867,37.4109004,0.004073636,0.015398191,0.136050656
1019,Sub103 InC-P-M,0.944143344,5.870640308,0.000639248,0.002416334,0.021349512
1020,Sub103 InC-P-L,0.250699087,1.558835502,0.00016974,0.000641611,0.005668952
1021,Sub103 InC-M-S,8.867054712,55.13494231,0.00600359,0.022693342,0.200506937
1022,Sub103 InC-M-M,1.397260445,8.688101805,0.000946039,0.003575991,0.031595656
1023,Sub103 InC-M-L,0.371087566,2.307405585,0.000251251,0.00094972,0.008391245